decomposition,subgroup,threads,mpi_ranks,cores,nx,ny,local_nx,local_ny,columns_per_rank,routine,Total Min(s),Total Mean(s),Total Max(s),Self Min(s),Self Mean(s),Self Max(s),Max no. calls,% time,Time per call(s)
48x48_1T,48x48,1,196,196,14,14,48,48,2304,__lfric_atm__,816.145,816.14871,816.152,0.00327,0.01144,0.01576,1,0.0014,816.14871
48x48_1T,48x48,1,196,196,14,14,48,48,2304,__setup__,39.0309,39.70632,40.1902,7e-05,0.00203,0.00511,1,0.00025,39.70632
48x48_1T,48x48,1,196,196,14,14,48,48,2304,__vernier__,0.30952,0.7033,0.76966,0.30952,0.7033,0.76966,621531,0.08617,0.0
48x48_1T,48x48,1,196,196,14,14,48,48,2304,aerosol.glomap_clim,8.7338,10.98185,11.2965,8.73352,10.9813,11.2959,180,1.3455,0.06101
48x48_1T,48x48,1,196,196,14,14,48,48,2304,aerosol.radaer,2.15154,2.76126,3.02802,2.15126,2.7608,3.02754,3,0.33827,0.92042
48x48_1T,48x48,1,196,196,14,14,48,48,2304,aerosol.stratosphere,0.01106,0.05475,0.08636,0.01106,0.05475,0.08636,180,0.00671,0.0003
48x48_1T,48x48,1,196,196,14,14,48,48,2304,bl.explicit,15.3242,27.14672,45.6658,10.1594,18.31083,21.7393,360,2.24356,0.07541
48x48_1T,48x48,1,196,196,14,14,48,48,2304,bl.implicit,43.6313,72.64191,82.4193,42.9399,69.4481,78.6494,360,8.50925,0.20178
48x48_1T,48x48,1,196,196,14,14,48,48,2304,cloud,6.31928,9.90002,14.0724,6.29962,9.88006,14.0522,180,1.21057,0.055
48x48_1T,48x48,1,196,196,14,14,48,48,2304,cloud.bm_tau,1.96072,4.34414,4.58789,1.96072,4.34414,4.58789,180,0.53227,0.02413
48x48_1T,48x48,1,196,196,14,14,48,48,2304,diags.bl_exp,0.03302,0.05548,0.07669,0.00468,0.00916,0.01362,360,0.00112,0.00015
48x48_1T,48x48,1,196,196,14,14,48,48,2304,diags.bl_imp,0.07053,0.1425,0.18958,0.05335,0.08255,0.09927,540,0.01011,0.00026
48x48_1T,48x48,1,196,196,14,14,48,48,2304,diags.blpert,0.00527,0.00796,0.01072,5e-05,7e-05,0.00011,360,1e-05,2e-05
48x48_1T,48x48,1,196,196,14,14,48,48,2304,diags.casim,0.03985,0.05163,0.07193,0.01303,0.02336,0.03121,360,0.00286,0.00014
48x48_1T,48x48,1,196,196,14,14,48,48,2304,diags.cloud,0.0573,0.08003,0.08764,0.05033,0.07094,0.07686,360,0.00869,0.00022
48x48_1T,48x48,1,196,196,14,14,48,48,2304,diags.dynamics,0.02923,0.04484,0.05896,0.02769,0.04262,0.05598,180,0.00522,0.00025
48x48_1T,48x48,1,196,196,14,14,48,48,2304,diags.electric,0.00915,0.01495,0.02193,0.00757,0.01177,0.01622,360,0.00144,4e-05
48x48_1T,48x48,1,196,196,14,14,48,48,2304,diags.glomap_clim,0.02206,0.04167,0.06407,0.00057,0.00143,0.00392,180,0.00018,0.00023
48x48_1T,48x48,1,196,196,14,14,48,48,2304,diags.illuminate,0.00644,0.01267,0.02904,7e-05,0.00019,0.00045,180,2e-05,7e-05
48x48_1T,48x48,1,196,196,14,14,48,48,2304,diags.jules_exp,0.02294,0.13998,0.24731,0.0056,0.00866,0.01085,360,0.00106,0.00039
48x48_1T,48x48,1,196,196,14,14,48,48,2304,diags.jules_imp,0.0282,0.12151,0.1631,0.00782,0.0152,0.02426,360,0.00186,0.00034
48x48_1T,48x48,1,196,196,14,14,48,48,2304,diags.jules_seaice,0.00506,0.01003,0.02542,0.00257,0.00488,0.01916,180,0.0006,6e-05
48x48_1T,48x48,1,196,196,14,14,48,48,2304,diags.jules_snow,0.00848,0.01332,0.02312,0.00441,0.00677,0.00831,360,0.00083,4e-05
48x48_1T,48x48,1,196,196,14,14,48,48,2304,diags.jules_soil,0.01201,0.0172,0.0208,0.00672,0.00926,0.01096,360,0.00113,5e-05
48x48_1T,48x48,1,196,196,14,14,48,48,2304,diags.locate_tropopause,0.0017,0.00451,0.00508,1e-05,2e-05,2e-05,180,0.0,3e-05
48x48_1T,48x48,1,196,196,14,14,48,48,2304,diags.microphysics,0.02474,0.03298,0.04943,0.00012,0.00025,0.00046,180,3e-05,0.00018
48x48_1T,48x48,1,196,196,14,14,48,48,2304,diags.pmsl,0.22225,0.23831,0.28887,0.10839,0.17235,0.20539,180,0.02112,0.00132
48x48_1T,48x48,1,196,196,14,14,48,48,2304,diags.pressure_lev,0.02214,0.03598,0.04352,0.02139,0.03502,0.04173,180,0.00429,0.0002
48x48_1T,48x48,1,196,196,14,14,48,48,2304,diags.radaer,0.00028,0.0005,0.00119,0.00027,0.00049,0.00117,9,6e-05,6e-05
48x48_1T,48x48,1,196,196,14,14,48,48,2304,diags.radiation,0.15029,0.29029,0.42238,0.10733,0.15356,0.18224,360,0.01881,0.00081
48x48_1T,48x48,1,196,196,14,14,48,48,2304,diags.smagorinsky,0.00783,0.01825,0.02369,0.00011,0.00044,0.00073,360,5e-05,5e-05
48x48_1T,48x48,1,196,196,14,14,48,48,2304,dynamics.compute_si_operators,61.3608,62.90491,71.2869,33.6146,53.31386,55.427,180,6.53237,0.34947
48x48_1T,48x48,1,196,196,14,14,48,48,2304,dynamics.phys_predictors,31.3786,33.56053,35.6724,0.83418,3.07692,3.51741,360,0.37701,0.09322
48x48_1T,48x48,1,196,196,14,14,48,48,2304,dynamics.rhs_alg,36.2163,38.66036,44.4137,14.7624,32.26242,34.7142,900,3.95301,0.04296
48x48_1T,48x48,1,196,196,14,14,48,48,2304,dynamics.rhs_lbc,4.32978,5.21129,5.49925,1.60005,4.44529,4.84152,180,0.54467,0.02895
48x48_1T,48x48,1,196,196,14,14,48,48,2304,dynamics.solver,72.9996,74.70835,77.1217,4.61501,17.42558,19.275,720,2.1351,0.10376
48x48_1T,48x48,1,196,196,14,14,48,48,2304,dynamics.transport,202.63,203.66347,207.025,11.847,18.588,19.7705,360,2.27753,0.56573
48x48_1T,48x48,1,196,196,14,14,48,48,2304,dynamics.transport_predictors,15.9361,16.37221,16.9801,0.20256,0.8935,0.98839,180,0.10948,0.09096
48x48_1T,48x48,1,196,196,14,14,48,48,2304,electric,0.6553,0.77751,1.04631,0.34899,0.53206,0.76485,180,0.06519,0.00432
48x48_1T,48x48,1,196,196,14,14,48,48,2304,fast_physics,107.707,108.67333,112.8,3.086,3.68788,4.63687,360,0.45186,0.30187
48x48_1T,48x48,1,196,196,14,14,48,48,2304,field.halo_ex_1,28.402,63.81714,283.09,17.8887,52.98439,270.589,46335,6.492,0.00138
48x48_1T,48x48,1,196,196,14,14,48,48,2304,field.halo_ex_2,0.90965,2.11495,8.6899,0.7012,1.48818,7.03795,1986,0.18234,0.00106
48x48_1T,48x48,1,196,196,14,14,48,48,2304,field.halo_ex_6,0.59067,0.76796,1.62264,0.17116,0.34677,1.19687,255,0.04249,0.00301
48x48_1T,48x48,1,196,196,14,14,48,48,2304,field.halo_ex_7,3.53018,6.11483,21.47,3.07835,5.65061,21.0699,4849,0.69235,0.00126
48x48_1T,48x48,1,196,196,14,14,48,48,2304,field.halo_ex_8,8.38297,14.15382,42.5675,7.95162,13.68954,42.2257,11894,1.67733,0.00119
48x48_1T,48x48,1,196,196,14,14,48,48,2304,field.initialise,0.85059,1.91373,2.4821,0.85059,1.91373,2.4821,379316,0.23448,1e-05
48x48_1T,48x48,1,196,196,14,14,48,48,2304,field.read,26.304,26.52764,26.8922,2e-05,0.0001,0.00116,62,1e-05,0.42787
48x48_1T,48x48,1,196,196,14,14,48,48,2304,field.write,0.25356,0.78266,1.01625,0.10118,0.17078,0.20551,37951,0.02092,2e-05
48x48_1T,48x48,1,196,196,14,14,48,48,2304,fs.constructor,0.03348,0.05869,0.06602,0.03348,0.05869,0.06602,71,0.00719,0.00083
48x48_1T,48x48,1,196,196,14,14,48,48,2304,gungho_diagnostics_driver,36.7913,38.65762,40.0036,27.4758,36.89189,38.4748,181,4.52024,0.21358
48x48_1T,48x48,1,196,196,14,14,48,48,2304,gungho_driver.finalise,0.30961,0.31558,0.36333,0.06376,0.07969,0.09997,1,0.00976,0.31558
48x48_1T,48x48,1,196,196,14,14,48,48,2304,gungho_driver.first_timestep,26.4646,26.94801,27.6126,3e-05,0.00019,0.00037,1,2e-05,26.94801
48x48_1T,48x48,1,196,196,14,14,48,48,2304,gungho_driver.initialise,39.0308,39.70429,40.1865,2.15418,3.84468,4.73127,1,0.47108,39.70429
48x48_1T,48x48,1,196,196,14,14,48,48,2304,gungho_driver.mesh_init,1.47863,1.63775,1.67192,1.47863,1.63775,1.67192,1,0.20067,1.63775
48x48_1T,48x48,1,196,196,14,14,48,48,2304,gungho_driver.timestep,747.721,748.18837,748.375,0.00195,0.00499,0.00614,179,0.00061,4.17982
48x48_1T,48x48,1,196,196,14,14,48,48,2304,gungho_timestep,727.287,729.20001,737.49,0.0154,0.03659,0.04485,180,0.00448,4.05111
48x48_1T,48x48,1,196,196,14,14,48,48,2304,halo_routing_creation,11.9098,12.73329,15.3057,11.9098,12.73329,15.3057,65319,1.56017,0.00019
48x48_1T,48x48,1,196,196,14,14,48,48,2304,init_lbcs,0.27596,0.36476,0.81127,0.05881,0.16057,0.44196,1,0.01967,0.36476
48x48_1T,48x48,1,196,196,14,14,48,48,2304,jules.explicit,0.75159,2.58289,8.26507,0.74479,2.57236,8.25301,180,0.31518,0.01435
48x48_1T,48x48,1,196,196,14,14,48,48,2304,jules.extra,0.03701,0.84294,2.98032,0.02484,0.82602,2.96198,180,0.10121,0.00468
48x48_1T,48x48,1,196,196,14,14,48,48,2304,jules.implicit,0.55679,2.91631,7.20053,0.54788,2.90138,7.18563,720,0.3555,0.00405
48x48_1T,48x48,1,196,196,14,14,48,48,2304,jules.radiation,0.36851,0.81179,1.29606,0.29541,0.63186,0.83391,180,0.07742,0.00451
48x48_1T,48x48,1,196,196,14,14,48,48,2304,leonard_term,2.15186,2.80555,4.1842,0.71061,1.45793,1.76772,180,0.17864,0.01559
48x48_1T,48x48,1,196,196,14,14,48,48,2304,lfric_xios.finalise_context,0.22991,0.23589,0.28607,3e-05,8e-05,0.00033,1,1e-05,0.23589
48x48_1T,48x48,1,196,196,14,14,48,48,2304,lfric_xios.init_context,0.40915,0.55179,1.32775,0.37949,0.52473,1.27843,1,0.06429,0.55179
48x48_1T,48x48,1,196,196,14,14,48,48,2304,lfric_xios.read_fldg,26.3039,26.52751,26.8921,26.2407,26.42569,26.4572,62,3.23785,0.42786
48x48_1T,48x48,1,196,196,14,14,48,48,2304,lfric_xios.write_fldg,0.14969,0.61156,0.8162,0.14969,0.61156,0.8162,211,0.07493,0.0029
48x48_1T,48x48,1,196,196,14,14,48,48,2304,locate_tropopause,0.06504,0.0842,0.09712,0.06444,0.08258,0.09559,180,0.01012,0.00047
48x48_1T,48x48,1,196,196,14,14,48,48,2304,mappings.map_physics_fields,26.9692,31.31274,39.7182,26.737,29.4535,32.9594,181,3.60884,0.173
48x48_1T,48x48,1,196,196,14,14,48,48,2304,mappings.set_wind,9.67587,10.47569,15.9739,0.48454,1.47689,2.03906,180,0.18096,0.0582
48x48_1T,48x48,1,196,196,14,14,48,48,2304,mass_matrix_solver_alg,44.0522,46.51907,50.7169,15.7566,39.43989,42.7163,1082,4.83244,0.04299
48x48_1T,48x48,1,196,196,14,14,48,48,2304,microphysics.casim,23.842,31.83836,39.0098,23.8194,31.81725,38.9889,180,3.89846,0.17688
48x48_1T,48x48,1,196,196,14,14,48,48,2304,microphysics.casim_activate,0.03328,0.08909,0.1211,0.03172,0.08727,0.11877,181,0.01069,0.00049
48x48_1T,48x48,1,196,196,14,14,48,48,2304,mixed_solver.schur_precon,50.5551,52.88237,61.349,0.0056,0.01541,0.01974,720,0.00189,0.07345
48x48_1T,48x48,1,196,196,14,14,48,48,2304,pressure_solver.helmholtz_lhs,25.5299,27.56178,45.958,18.2413,23.62785,24.1681,19440,2.89504,0.00142
48x48_1T,48x48,1,196,196,14,14,48,48,2304,radiation.illuminate,0.28141,0.43218,0.68667,0.28141,0.43218,0.68667,180,0.05295,0.0024
48x48_1T,48x48,1,196,196,14,14,48,48,2304,radiation.lw,6.43066,10.38883,11.9422,6.43066,10.38883,11.9422,180,1.27291,0.05772
48x48_1T,48x48,1,196,196,14,14,48,48,2304,radiation.sw,0.02702,0.07282,0.14021,0.02702,0.07282,0.14021,180,0.00892,0.0004
48x48_1T,48x48,1,196,196,14,14,48,48,2304,runtime_constants.dycore,4.69838,6.24488,6.37502,4.69837,6.24481,6.3749,13,0.76516,0.48038
48x48_1T,48x48,1,196,196,14,14,48,48,2304,runtime_constants.fem,3.65139,4.11525,4.79305,2.54725,3.4523,3.54769,31,0.423,0.13275
48x48_1T,48x48,1,196,196,14,14,48,48,2304,runtime_constants.geometric,1.41561,1.55175,2.0255,0.82756,1.12808,1.16984,26,0.13822,0.05968
48x48_1T,48x48,1,196,196,14,14,48,48,2304,runtime_constants.limited_area,0.05817,0.09653,0.17624,0.0076,0.03178,0.04162,15,0.00389,0.00644
48x48_1T,48x48,1,196,196,14,14,48,48,2304,runtime_constants.mapping,0.28052,0.37011,0.38866,0.28052,0.37011,0.38866,1,0.04535,0.37011
48x48_1T,48x48,1,196,196,14,14,48,48,2304,runtime_constants.physics,0.72101,0.72609,0.73006,0.00349,0.01588,0.02138,1,0.00195,0.72609
48x48_1T,48x48,1,196,196,14,14,48,48,2304,runtime_constants.solver,0.00266,0.00641,0.01084,0.00265,0.00639,0.01081,16,0.00078,0.0004
48x48_1T,48x48,1,196,196,14,14,48,48,2304,runtime_constants.transport,0.00651,0.00965,0.01259,0.00649,0.00961,0.01255,4,0.00118,0.00241
48x48_1T,48x48,1,196,196,14,14,48,48,2304,schur_precon.back_sub,4.86786,7.40323,7.90994,2.2188,6.6641,7.21539,720,0.81653,0.01028
48x48_1T,48x48,1,196,196,14,14,48,48,2304,schur_precon.pressure_solver,37.2269,39.1308,54.6628,8.63857,11.52916,11.9091,720,1.41263,0.05435
48x48_1T,48x48,1,196,196,14,14,48,48,2304,schur_precon.rhs,1.70014,6.32085,7.50093,1.68949,6.28933,7.47538,720,0.77061,0.00878
48x48_1T,48x48,1,196,196,14,14,48,48,2304,semi_implicit_timestep,727.253,729.16253,737.474,12.1546,33.36856,35.9893,180,4.08854,4.0509
48x48_1T,48x48,1,196,196,14,14,48,48,2304,slow_physics,109.089,109.21867,110.879,2.52097,3.06326,4.90052,180,0.37533,0.60677
48x48_1T,48x48,1,196,196,14,14,48,48,2304,smagorinsky,18.9662,24.38561,32.3664,5.4329,14.82803,17.2117,360,1.81683,0.06774
48x48_1T,48x48,1,196,196,14,14,48,48,2304,solver.mixed_solver,54.0174,56.14288,62.0301,0.65912,3.2049,3.72714,720,0.39269,0.07798
48x48_1T,48x48,1,196,196,14,14,48,48,2304,stoch_phys.blpert,0.24697,6.99194,38.5553,0.07669,0.11874,0.17667,360,0.01455,0.01942
48x48_1T,48x48,1,196,196,14,14,48,48,2304,transport.controller_init,7.9477,9.16897,17.8554,3.91445,5.25211,15.4623,360,0.64352,0.02547
48x48_1T,48x48,1,196,196,14,14,48,48,2304,transport.ffsl_horizontal,50.1743,52.63696,61.957,23.7745,37.4218,43.9208,2340,4.58517,0.02249
48x48_1T,48x48,1,196,196,14,14,48,48,2304,transport.ffsl_vertical,15.1911,24.60144,26.9259,13.6223,22.03989,24.2815,7200,2.70047,0.00342
48x48_1T,48x48,1,196,196,14,14,48,48,2304,transport.flux_precomp,8.67114,11.91912,13.1123,2.81435,5.62651,5.91546,8460,0.6894,0.00141
48x48_1T,48x48,1,196,196,14,14,48,48,2304,transport.flux_precomp_init,0.9254,3.32028,3.47173,0.90965,3.28697,3.43807,3244,0.40274,0.00102
48x48_1T,48x48,1,196,196,14,14,48,48,2304,transport.hori_dep_pts,5.08092,6.23939,7.35076,2.25521,4.68318,5.31993,1080,0.57381,0.00578
48x48_1T,48x48,1,196,196,14,14,48,48,2304,transport.sl_horizontal,30.5171,33.44082,42.2943,12.9587,22.75647,26.4421,2700,2.78827,0.01239
48x48_1T,48x48,1,196,196,14,14,48,48,2304,transport.sl_vertical,24.0437,25.94807,28.9725,3.21334,7.70103,11.393,2880,0.94358,0.00901
48x48_1T,48x48,1,196,196,14,14,48,48,2304,transport.wind,72.6313,75.52278,76.7593,15.536,26.28886,27.847,360,3.22109,0.20979
48x48_1T,48x48,1,196,196,14,14,48,48,2304,transport.wind_precomp,10.6748,11.69026,21.3387,6.31472,9.16031,9.95466,2160,1.12238,0.00541
48x48_1T,48x48,1,196,196,14,14,48,48,2304,transport.wind_precomp_final,6.66138,8.8463,11.4809,6.66138,8.8463,11.4809,2160,1.08391,0.0041
48x48_1T,48x48,1,196,196,14,14,48,48,2304,transport.wind_precomp_init,1.11887,4.59567,4.86065,1.10143,4.57197,4.8358,360,0.56019,0.01277
48x48_1T,48x48,1,196,196,14,14,48,48,2304,update_lbcs,2.40468,7.9388,8.72457,2.04893,7.62852,8.42157,180,0.9347,0.0441
48x48_1T,48x48,1,196,196,14,14,48,48,2304,xios.close_context_definition,3.41136,3.43328,3.61752,3.41136,3.43328,3.61752,1,0.42067,3.43328
48x48_1T,48x48,1,196,196,14,14,48,48,2304,xios.context_finalize,0.22979,0.23581,0.28597,0.22979,0.23581,0.28597,1,0.02889,0.23581
48x48_1T,48x48,1,196,196,14,14,48,48,2304,xios.update_calendar,0.77902,0.981,1.47926,0.77902,0.981,1.47926,182,0.1202,0.00539
48x48_2T,48x48,2,98,196,7,14,96,48,4608,__lfric_atm__,855.923,855.9642,855.97,0.00401,0.00799,0.01431,1,0.00093,855.9642
48x48_2T,48x48,2,98,196,7,14,96,48,4608,__setup__,35.345,36.14228,36.51,7e-05,0.00117,0.00237,1,0.00014,36.14228
48x48_2T,48x48,2,98,196,7,14,96,48,4608,__vernier__,0.29999,0.66434,0.73433,0.29999,0.66434,0.73433,621531,0.07761,0.0
48x48_2T,48x48,2,98,196,7,14,96,48,4608,aerosol.glomap_clim,8.82727,11.0861,15.5926,8.82691,11.08546,15.5919,180,1.29508,0.06159
48x48_2T,48x48,2,98,196,7,14,96,48,4608,aerosol.radaer,2.15444,2.74918,2.92688,2.15392,2.74883,2.92655,3,0.32114,0.91639
48x48_2T,48x48,2,98,196,7,14,96,48,4608,aerosol.stratosphere,0.01403,0.04911,0.08212,0.01403,0.04911,0.08212,180,0.00574,0.00027
48x48_2T,48x48,2,98,196,7,14,96,48,4608,bl.explicit,16.7837,29.04164,44.7939,11.7982,16.86912,20.6764,360,1.97077,0.08067
48x48_2T,48x48,2,98,196,7,14,96,48,4608,bl.implicit,59.2861,82.3687,93.8587,58.4551,78.80902,92.206,360,9.20704,0.2288
48x48_2T,48x48,2,98,196,7,14,96,48,4608,cloud,7.96946,14.00931,20.637,7.95219,13.99211,20.621,180,1.63466,0.07783
48x48_2T,48x48,2,98,196,7,14,96,48,4608,cloud.bm_tau,3.59694,5.37877,5.6767,3.59694,5.37877,5.6767,180,0.62839,0.02988
48x48_2T,48x48,2,98,196,7,14,96,48,4608,diags.bl_exp,0.03978,0.06615,0.09211,0.00504,0.0088,0.01347,360,0.00103,0.00018
48x48_2T,48x48,2,98,196,7,14,96,48,4608,diags.bl_imp,0.07509,0.15851,0.2322,0.05443,0.07732,0.10471,540,0.00903,0.00029
48x48_2T,48x48,2,98,196,7,14,96,48,4608,diags.blpert,0.00561,0.00869,0.01325,5e-05,7e-05,0.00017,360,1e-05,2e-05
48x48_2T,48x48,2,98,196,7,14,96,48,4608,diags.casim,0.0473,0.06058,0.08558,0.01434,0.02385,0.0383,360,0.00279,0.00017
48x48_2T,48x48,2,98,196,7,14,96,48,4608,diags.cloud,0.06302,0.07836,0.08938,0.0537,0.067,0.07495,360,0.00783,0.00022
48x48_2T,48x48,2,98,196,7,14,96,48,4608,diags.dynamics,0.03011,0.04228,0.06055,0.02859,0.04021,0.05732,180,0.0047,0.00023
48x48_2T,48x48,2,98,196,7,14,96,48,4608,diags.electric,0.00957,0.01311,0.01991,0.00805,0.01003,0.01382,360,0.00117,4e-05
48x48_2T,48x48,2,98,196,7,14,96,48,4608,diags.glomap_clim,0.02513,0.04388,0.06505,0.00063,0.0012,0.00201,180,0.00014,0.00024
48x48_2T,48x48,2,98,196,7,14,96,48,4608,diags.illuminate,0.00599,0.01207,0.02913,8e-05,0.00018,0.00035,180,2e-05,7e-05
48x48_2T,48x48,2,98,196,7,14,96,48,4608,diags.jules_exp,0.02418,0.07859,0.15037,0.00585,0.00766,0.00988,360,0.0009,0.00022
48x48_2T,48x48,2,98,196,7,14,96,48,4608,diags.jules_imp,0.03155,0.1206,0.15991,0.01023,0.01486,0.02394,360,0.00174,0.00034
48x48_2T,48x48,2,98,196,7,14,96,48,4608,diags.jules_seaice,0.00519,0.00915,0.02576,0.00269,0.00451,0.01842,180,0.00053,5e-05
48x48_2T,48x48,2,98,196,7,14,96,48,4608,diags.jules_snow,0.00959,0.01465,0.02958,0.00502,0.00626,0.00804,360,0.00073,4e-05
48x48_2T,48x48,2,98,196,7,14,96,48,4608,diags.jules_soil,0.0127,0.01788,0.0333,0.00731,0.00865,0.01025,360,0.00101,5e-05
48x48_2T,48x48,2,98,196,7,14,96,48,4608,diags.locate_tropopause,0.00157,0.00441,0.00554,1e-05,2e-05,3e-05,180,0.0,2e-05
48x48_2T,48x48,2,98,196,7,14,96,48,4608,diags.microphysics,0.031,0.04209,0.06413,0.00014,0.00027,0.00044,180,3e-05,0.00023
48x48_2T,48x48,2,98,196,7,14,96,48,4608,diags.pmsl,0.20587,0.21487,0.26146,0.11481,0.164,0.18553,180,0.01916,0.00119
48x48_2T,48x48,2,98,196,7,14,96,48,4608,diags.pressure_lev,0.02151,0.03119,0.04397,0.02077,0.03028,0.04302,180,0.00354,0.00017
48x48_2T,48x48,2,98,196,7,14,96,48,4608,diags.radaer,0.00032,0.00037,0.00115,0.0003,0.00035,0.00113,9,4e-05,4e-05
48x48_2T,48x48,2,98,196,7,14,96,48,4608,diags.radiation,0.18158,0.24898,0.33157,0.10709,0.13875,0.16489,360,0.01621,0.00069
48x48_2T,48x48,2,98,196,7,14,96,48,4608,diags.smagorinsky,0.0063,0.01896,0.02277,0.00011,0.00038,0.00061,360,4e-05,5e-05
48x48_2T,48x48,2,98,196,7,14,96,48,4608,dynamics.compute_si_operators,61.7402,62.89001,70.8013,33.8426,52.34057,54.5563,180,6.11481,0.34939
48x48_2T,48x48,2,98,196,7,14,96,48,4608,dynamics.phys_predictors,31.8888,32.94207,34.0831,0.90226,3.34361,3.76742,360,0.39062,0.09151
48x48_2T,48x48,2,98,196,7,14,96,48,4608,dynamics.rhs_alg,35.9481,37.74646,42.3852,14.734,31.90755,33.9169,900,3.72767,0.04194
48x48_2T,48x48,2,98,196,7,14,96,48,4608,dynamics.rhs_lbc,4.24518,5.10442,5.28982,1.61219,4.37894,4.65629,180,0.51158,0.02836
48x48_2T,48x48,2,98,196,7,14,96,48,4608,dynamics.solver,72.5807,73.6559,75.356,4.64006,17.38591,19.7717,720,2.03115,0.1023
48x48_2T,48x48,2,98,196,7,14,96,48,4608,dynamics.transport,199.516,200.61903,204.57,11.9175,18.79692,20.1023,360,2.19599,0.55728
48x48_2T,48x48,2,98,196,7,14,96,48,4608,dynamics.transport_predictors,15.6893,16.02301,16.5946,0.20326,0.9,1.0462,180,0.10514,0.08902
48x48_2T,48x48,2,98,196,7,14,96,48,4608,electric,0.84651,0.98242,1.20682,0.41181,0.55698,0.79422,180,0.06507,0.00546
48x48_2T,48x48,2,98,196,7,14,96,48,4608,fast_physics,119.164,119.84293,123.621,3.02693,3.57576,4.31913,360,0.41775,0.3329
48x48_2T,48x48,2,98,196,7,14,96,48,4608,field.halo_ex_1,33.5002,72.8615,274.676,16.8063,55.73594,255.955,46335,6.5115,0.00157
48x48_2T,48x48,2,98,196,7,14,96,48,4608,field.halo_ex_2,0.962,1.9692,7.3235,0.68921,1.32325,6.07371,1986,0.15459,0.00099
48x48_2T,48x48,2,98,196,7,14,96,48,4608,field.halo_ex_6,0.66984,0.81947,1.69263,0.1743,0.31828,1.18612,255,0.03718,0.00321
48x48_2T,48x48,2,98,196,7,14,96,48,4608,field.halo_ex_7,3.64986,5.51346,20.8319,3.11448,4.97599,20.343,4849,0.58133,0.00114
48x48_2T,48x48,2,98,196,7,14,96,48,4608,field.halo_ex_8,7.79242,14.76442,41.3666,7.33079,14.25952,40.9641,11894,1.6659,0.00124
48x48_2T,48x48,2,98,196,7,14,96,48,4608,field.initialise,1.0386,1.97512,2.67675,1.0386,1.97512,2.67675,379316,0.23075,1e-05
48x48_2T,48x48,2,98,196,7,14,96,48,4608,field.read,20.4512,20.55518,20.9207,2e-05,6e-05,0.00032,62,1e-05,0.33154
48x48_2T,48x48,2,98,196,7,14,96,48,4608,field.write,0.37456,0.81495,0.98604,0.10062,0.16508,0.1966,37951,0.01929,2e-05
48x48_2T,48x48,2,98,196,7,14,96,48,4608,fs.constructor,0.0665,0.10028,0.12046,0.0665,0.10028,0.12046,71,0.01172,0.00141
48x48_2T,48x48,2,98,196,7,14,96,48,4608,gungho_diagnostics_driver,37.6296,38.88786,39.6871,27.8205,37.06422,38.3247,181,4.33011,0.21485
48x48_2T,48x48,2,98,196,7,14,96,48,4608,gungho_driver.finalise,0.47902,0.49674,0.51072,0.05652,0.11565,0.13336,1,0.01351,0.49674
48x48_2T,48x48,2,98,196,7,14,96,48,4608,gungho_driver.first_timestep,33.4557,33.8262,34.6216,4e-05,0.00029,0.00052,1,3e-05,33.8262
48x48_2T,48x48,2,98,196,7,14,96,48,4608,gungho_driver.initialise,35.3433,36.14111,36.5083,3.39299,4.76395,5.59326,1,0.55656,36.14111
48x48_2T,48x48,2,98,196,7,14,96,48,4608,gungho_driver.mesh_init,2.11908,2.21957,2.24193,2.11908,2.21957,2.24193,1,0.25931,2.21957
48x48_2T,48x48,2,98,196,7,14,96,48,4608,gungho_driver.timestep,784.311,784.39032,784.432,0.00167,0.00433,0.00687,179,0.00051,4.38207
48x48_2T,48x48,2,98,196,7,14,96,48,4608,gungho_timestep,770.224,771.70843,779.206,0.01439,0.03661,0.04174,180,0.00428,4.28727
48x48_2T,48x48,2,98,196,7,14,96,48,4608,halo_routing_creation,18.4176,19.24759,21.3308,18.4176,19.24759,21.3308,65319,2.24864,0.00029
48x48_2T,48x48,2,98,196,7,14,96,48,4608,init_lbcs,0.41515,0.46228,0.87413,0.12649,0.18332,0.44888,1,0.02142,0.46228
48x48_2T,48x48,2,98,196,7,14,96,48,4608,jules.explicit,0.89458,2.77642,7.70363,0.88773,2.76705,7.69266,180,0.32327,0.01542
48x48_2T,48x48,2,98,196,7,14,96,48,4608,jules.extra,0.03885,0.92342,3.13861,0.02517,0.90749,3.12299,180,0.10602,0.00513
48x48_2T,48x48,2,98,196,7,14,96,48,4608,jules.implicit,0.6725,3.27955,7.61478,0.663,3.26697,7.60141,720,0.38167,0.00455
48x48_2T,48x48,2,98,196,7,14,96,48,4608,jules.radiation,0.52882,0.82229,1.13351,0.4617,0.68991,0.90465,180,0.0806,0.00457
48x48_2T,48x48,2,98,196,7,14,96,48,4608,leonard_term,2.3586,2.97516,4.51825,0.8063,1.62767,1.96707,180,0.19016,0.01653
48x48_2T,48x48,2,98,196,7,14,96,48,4608,lfric_xios.finalise_context,0.37583,0.38109,0.42252,8e-05,9e-05,0.00013,1,1e-05,0.38109
48x48_2T,48x48,2,98,196,7,14,96,48,4608,lfric_xios.init_context,0.4394,0.64377,0.97487,0.41149,0.6163,0.93379,1,0.072,0.64377
48x48_2T,48x48,2,98,196,7,14,96,48,4608,lfric_xios.read_fldg,20.4511,20.55509,20.9206,20.386,20.40971,20.4415,62,2.38441,0.33153
48x48_2T,48x48,2,98,196,7,14,96,48,4608,lfric_xios.write_fldg,0.2709,0.64959,0.81665,0.2709,0.64959,0.81665,211,0.07589,0.00308
48x48_2T,48x48,2,98,196,7,14,96,48,4608,locate_tropopause,0.06845,0.08384,0.09458,0.06774,0.08223,0.09261,180,0.00961,0.00047
48x48_2T,48x48,2,98,196,7,14,96,48,4608,mappings.map_physics_fields,26.1574,33.08308,40.2006,25.8465,30.07079,36.8754,181,3.51309,0.18278
48x48_2T,48x48,2,98,196,7,14,96,48,4608,mappings.set_wind,15.6511,16.29292,18.7565,0.60278,1.81942,2.33346,180,0.21256,0.09052
48x48_2T,48x48,2,98,196,7,14,96,48,4608,mass_matrix_solver_alg,43.8742,45.27178,49.9828,15.9024,39.42053,41.9559,1082,4.60539,0.04184
48x48_2T,48x48,2,98,196,7,14,96,48,4608,microphysics.casim,41.25,53.99794,64.6364,41.2303,53.97679,64.6142,180,6.30596,0.29999
48x48_2T,48x48,2,98,196,7,14,96,48,4608,microphysics.casim_activate,0.03531,0.08343,0.11818,0.0339,0.08168,0.11599,181,0.00954,0.00046
48x48_2T,48x48,2,98,196,7,14,96,48,4608,mixed_solver.schur_precon,50.2282,52.10905,60.1997,0.00593,0.01359,0.01721,720,0.00159,0.07237
48x48_2T,48x48,2,98,196,7,14,96,48,4608,pressure_solver.helmholtz_lhs,25.1163,26.84749,44.9412,18.3401,23.38118,24.0706,19440,2.73156,0.00138
48x48_2T,48x48,2,98,196,7,14,96,48,4608,radiation.illuminate,0.34187,0.42956,0.55156,0.34187,0.42956,0.55156,180,0.05018,0.00239
48x48_2T,48x48,2,98,196,7,14,96,48,4608,radiation.lw,7.34707,10.86025,12.2347,7.34707,10.86025,12.2347,180,1.26877,0.06033
48x48_2T,48x48,2,98,196,7,14,96,48,4608,radiation.sw,0.04931,0.08556,0.14422,0.04931,0.08556,0.14422,180,0.01,0.00048
48x48_2T,48x48,2,98,196,7,14,96,48,4608,runtime_constants.dycore,4.7157,6.13739,6.26065,4.71569,6.13725,6.26044,13,0.717,0.47211
48x48_2T,48x48,2,98,196,7,14,96,48,4608,runtime_constants.fem,3.76189,4.15916,5.08646,2.52476,3.35902,3.43152,31,0.39242,0.13417
48x48_2T,48x48,2,98,196,7,14,96,48,4608,runtime_constants.geometric,1.62311,1.75491,2.04419,0.84033,1.109,1.13877,26,0.12956,0.0675
48x48_2T,48x48,2,98,196,7,14,96,48,4608,runtime_constants.limited_area,0.06706,0.1284,0.21286,0.014,0.0394,0.05159,15,0.0046,0.00856
48x48_2T,48x48,2,98,196,7,14,96,48,4608,runtime_constants.mapping,0.28016,0.36442,0.37781,0.28016,0.36442,0.37781,1,0.04257,0.36442
48x48_2T,48x48,2,98,196,7,14,96,48,4608,runtime_constants.physics,0.95134,0.95498,0.96139,0.00638,0.01394,0.02106,1,0.00163,0.95498
48x48_2T,48x48,2,98,196,7,14,96,48,4608,runtime_constants.solver,0.00513,0.0094,0.02158,0.00512,0.00938,0.02156,16,0.0011,0.00059
48x48_2T,48x48,2,98,196,7,14,96,48,4608,runtime_constants.transport,0.00741,0.02568,0.0687,0.00739,0.02555,0.0684,4,0.00299,0.00642
48x48_2T,48x48,2,98,196,7,14,96,48,4608,schur_precon.back_sub,4.69629,7.17033,7.59609,2.16375,6.4349,6.80031,720,0.75177,0.00996
48x48_2T,48x48,2,98,196,7,14,96,48,4608,schur_precon.pressure_solver,36.7591,38.3686,53.6672,8.69423,11.4804,11.8782,720,1.34122,0.05329
48x48_2T,48x48,2,98,196,7,14,96,48,4608,schur_precon.rhs,1.72722,6.54594,7.11669,1.71546,6.51265,7.09021,720,0.76085,0.00909
48x48_2T,48x48,2,98,196,7,14,96,48,4608,semi_implicit_timestep,770.189,771.67096,779.19,12.3523,33.32094,35.3871,180,3.89279,4.28706
48x48_2T,48x48,2,98,196,7,14,96,48,4608,slow_physics,140.921,141.04102,142.693,2.4599,2.91428,4.15126,180,0.34047,0.78356
48x48_2T,48x48,2,98,196,7,14,96,48,4608,smagorinsky,19.4397,23.82657,34.4492,5.66526,15.89051,17.574,360,1.85644,0.06618
48x48_2T,48x48,2,98,196,7,14,96,48,4608,solver.mixed_solver,53.9594,55.42705,60.9434,0.72121,3.25897,3.71102,720,0.38074,0.07698
48x48_2T,48x48,2,98,196,7,14,96,48,4608,stoch_phys.blpert,0.20922,9.00034,32.3332,0.0864,0.15106,0.23867,360,0.01765,0.025
48x48_2T,48x48,2,98,196,7,14,96,48,4608,transport.controller_init,7.9624,8.98498,17.4042,4.01219,5.13834,15.0024,360,0.6003,0.02496
48x48_2T,48x48,2,98,196,7,14,96,48,4608,transport.ffsl_horizontal,50.0978,52.60541,61.9178,23.7763,36.49351,48.8754,2340,4.26344,0.02248
48x48_2T,48x48,2,98,196,7,14,96,48,4608,transport.ffsl_vertical,15.3453,24.81123,26.6878,13.7422,22.20983,24.0737,7200,2.59471,0.00345
48x48_2T,48x48,2,98,196,7,14,96,48,4608,transport.flux_precomp,8.61164,11.81227,12.7126,2.8452,5.71992,6.08858,8460,0.66824,0.0014
48x48_2T,48x48,2,98,196,7,14,96,48,4608,transport.flux_precomp_init,0.93032,3.24672,3.43131,0.91448,3.21443,3.40187,3244,0.37553,0.001
48x48_2T,48x48,2,98,196,7,14,96,48,4608,transport.hori_dep_pts,4.8153,6.04087,6.99127,2.2939,4.44341,4.96661,1080,0.51911,0.00559
48x48_2T,48x48,2,98,196,7,14,96,48,4608,transport.sl_horizontal,30.0962,32.02074,40.2733,12.9265,22.26872,24.38,2700,2.60159,0.01186
48x48_2T,48x48,2,98,196,7,14,96,48,4608,transport.sl_vertical,25.0145,26.01551,27.5082,3.53783,7.71332,9.01631,2880,0.90113,0.00903
48x48_2T,48x48,2,98,196,7,14,96,48,4608,transport.wind,71.2045,74.17898,74.7425,15.4136,25.75563,26.7497,360,3.00896,0.20605
48x48_2T,48x48,2,98,196,7,14,96,48,4608,transport.wind_precomp,10.8,11.82841,21.2279,6.68428,9.29143,9.76633,2160,1.08549,0.00548
48x48_2T,48x48,2,98,196,7,14,96,48,4608,transport.wind_precomp_final,6.67458,7.63504,8.28666,6.67458,7.63504,8.28666,2160,0.89198,0.00353
48x48_2T,48x48,2,98,196,7,14,96,48,4608,transport.wind_precomp_init,1.12897,4.56846,4.84215,1.11052,4.54272,4.81522,360,0.53071,0.01269
48x48_2T,48x48,2,98,196,7,14,96,48,4608,update_lbcs,2.91177,8.32495,9.09421,2.54195,7.99646,8.76468,180,0.9342,0.04625
48x48_2T,48x48,2,98,196,7,14,96,48,4608,xios.close_context_definition,3.97075,3.97394,3.98254,3.97075,3.97394,3.98254,1,0.46426,3.97394
48x48_2T,48x48,2,98,196,7,14,96,48,4608,xios.context_finalize,0.37574,0.38099,0.4224,0.37574,0.38099,0.4224,1,0.04451,0.38099
48x48_2T,48x48,2,98,196,7,14,96,48,4608,xios.update_calendar,1.06181,1.12263,1.1886,1.06181,1.12263,1.1886,182,0.13115,0.00617
48x48_4T,48x48,4,49,196,7,7,96,96,9216,__lfric_atm__,984.717,984.75222,984.76,0.00409,0.00636,0.00832,1,0.00065,984.75222
48x48_4T,48x48,4,49,196,7,7,96,96,9216,__setup__,43.4191,44.18371,44.6663,7e-05,0.00059,0.00107,1,6e-05,44.18371
48x48_4T,48x48,4,49,196,7,7,96,96,9216,__vernier__,0.29981,0.60217,0.66801,0.29981,0.60217,0.66801,623886,0.06115,0.0
48x48_4T,48x48,4,49,196,7,7,96,96,9216,aerosol.glomap_clim,8.81971,11.10835,11.5286,8.81931,11.10774,11.5278,180,1.12797,0.06171
48x48_4T,48x48,4,49,196,7,7,96,96,9216,aerosol.radaer,2.22051,2.75179,2.86934,2.22002,2.75146,2.86902,3,0.27941,0.91726
48x48_4T,48x48,4,49,196,7,7,96,96,9216,aerosol.stratosphere,0.0167,0.04625,0.07189,0.0167,0.04625,0.07189,180,0.0047,0.00026
48x48_4T,48x48,4,49,196,7,7,96,96,9216,bl.explicit,20.0294,38.83478,64.7034,14.2574,17.69416,21.4692,360,1.79681,0.10787
48x48_4T,48x48,4,49,196,7,7,96,96,9216,bl.implicit,92.2258,111.18901,128.195,85.4542,107.63869,126.29,360,10.93053,0.30886
48x48_4T,48x48,4,49,196,7,7,96,96,9216,cloud,12.9017,23.5491,33.539,12.8842,23.53163,33.5202,180,2.3896,0.13083
48x48_4T,48x48,4,49,196,7,7,96,96,9216,cloud.bm_tau,3.69704,5.35085,5.59875,3.69704,5.35085,5.59875,180,0.54337,0.02973
48x48_4T,48x48,4,49,196,7,7,96,96,9216,diags.bl_exp,0.02882,0.05834,0.11899,0.00502,0.00748,0.01026,360,0.00076,0.00016
48x48_4T,48x48,4,49,196,7,7,96,96,9216,diags.bl_imp,0.23158,0.29949,0.33907,0.05623,0.077,0.09529,540,0.00782,0.00055
48x48_4T,48x48,4,49,196,7,7,96,96,9216,diags.blpert,0.00593,0.00815,0.0142,4e-05,9e-05,0.00022,360,1e-05,2e-05
48x48_4T,48x48,4,49,196,7,7,96,96,9216,diags.casim,0.04482,0.06275,0.08541,0.01479,0.02366,0.03454,360,0.0024,0.00017
48x48_4T,48x48,4,49,196,7,7,96,96,9216,diags.cloud,0.06648,0.08271,0.09694,0.05156,0.06484,0.07662,360,0.00658,0.00023
48x48_4T,48x48,4,49,196,7,7,96,96,9216,diags.dynamics,0.02916,0.03788,0.06031,0.02754,0.03587,0.05708,180,0.00364,0.00021
48x48_4T,48x48,4,49,196,7,7,96,96,9216,diags.electric,0.00971,0.01208,0.01695,0.008,0.00935,0.01224,360,0.00095,3e-05
48x48_4T,48x48,4,49,196,7,7,96,96,9216,diags.glomap_clim,0.03054,0.04477,0.05957,0.00069,0.00106,0.00189,180,0.00011,0.00025
48x48_4T,48x48,4,49,196,7,7,96,96,9216,diags.illuminate,0.00663,0.0087,0.01456,9e-05,0.00015,0.00023,180,2e-05,5e-05
48x48_4T,48x48,4,49,196,7,7,96,96,9216,diags.jules_exp,0.01747,0.03404,0.05298,0.00542,0.00669,0.00764,360,0.00068,9e-05
48x48_4T,48x48,4,49,196,7,7,96,96,9216,diags.jules_imp,0.04078,0.1171,0.16833,0.00886,0.01244,0.02158,360,0.00126,0.00033
48x48_4T,48x48,4,49,196,7,7,96,96,9216,diags.jules_seaice,0.0051,0.0094,0.01546,0.00254,0.00429,0.00716,180,0.00044,5e-05
48x48_4T,48x48,4,49,196,7,7,96,96,9216,diags.jules_snow,0.0107,0.02448,0.05414,0.00489,0.00649,0.00854,360,0.00066,7e-05
48x48_4T,48x48,4,49,196,7,7,96,96,9216,diags.jules_soil,0.01387,0.0302,0.07992,0.0077,0.00896,0.01002,360,0.00091,8e-05
48x48_4T,48x48,4,49,196,7,7,96,96,9216,diags.locate_tropopause,0.00169,0.00401,0.00453,2e-05,2e-05,3e-05,180,0.0,2e-05
48x48_4T,48x48,4,49,196,7,7,96,96,9216,diags.microphysics,0.03414,0.04446,0.06243,0.00015,0.00026,0.00057,180,3e-05,0.00025
48x48_4T,48x48,4,49,196,7,7,96,96,9216,diags.pmsl,0.21208,0.21943,0.261,0.12176,0.16563,0.18583,180,0.01682,0.00122
48x48_4T,48x48,4,49,196,7,7,96,96,9216,diags.pressure_lev,0.02174,0.02884,0.03206,0.02084,0.02793,0.03118,180,0.00284,0.00016
48x48_4T,48x48,4,49,196,7,7,96,96,9216,diags.radaer,0.0003,0.00036,0.00114,0.00029,0.00034,0.00113,9,3e-05,4e-05
48x48_4T,48x48,4,49,196,7,7,96,96,9216,diags.radiation,0.2001,0.2294,0.25408,0.10705,0.12384,0.14051,360,0.01258,0.00064
48x48_4T,48x48,4,49,196,7,7,96,96,9216,diags.smagorinsky,0.00687,0.01733,0.01959,0.00014,0.00052,0.00081,360,5e-05,5e-05
48x48_4T,48x48,4,49,196,7,7,96,96,9216,dynamics.compute_si_operators,62.4783,63.26378,71.0448,34.5705,53.52156,56.028,180,5.43503,0.35147
48x48_4T,48x48,4,49,196,7,7,96,96,9216,dynamics.phys_predictors,31.8965,32.37928,33.6269,0.99336,3.41553,3.83701,360,0.34684,0.08994
48x48_4T,48x48,4,49,196,7,7,96,96,9216,dynamics.rhs_alg,36.2806,37.79434,42.8879,15.0798,31.73826,33.2713,900,3.22297,0.04199
48x48_4T,48x48,4,49,196,7,7,96,96,9216,dynamics.rhs_lbc,4.39684,5.02932,5.20372,1.6479,4.3161,4.57755,180,0.43829,0.02794
48x48_4T,48x48,4,49,196,7,7,96,96,9216,dynamics.solver,72.4059,73.23121,74.6843,4.88945,17.2607,18.3486,720,1.7528,0.10171
48x48_4T,48x48,4,49,196,7,7,96,96,9216,dynamics.transport,204.958,206.25753,209.834,12.0,18.81342,21.7344,360,1.91047,0.57294
48x48_4T,48x48,4,49,196,7,7,96,96,9216,dynamics.transport_predictors,15.5692,15.73962,16.2915,0.1966,0.86515,0.9827,180,0.08785,0.08744
48x48_4T,48x48,4,49,196,7,7,96,96,9216,electric,1.09868,1.20959,1.37527,0.44436,0.56514,0.74243,180,0.05739,0.00672
48x48_4T,48x48,4,49,196,7,7,96,96,9216,fast_physics,151.968,152.28135,155.414,3.09897,3.60942,4.18422,360,0.36653,0.423
48x48_4T,48x48,4,49,196,7,7,96,96,9216,field.halo_ex_1,56.1765,100.1443,297.111,23.9709,67.94542,263.007,46354,6.89976,0.00216
48x48_4T,48x48,4,49,196,7,7,96,96,9216,field.halo_ex_2,1.14268,1.9233,6.90751,0.65922,1.07146,5.41859,1986,0.1088,0.00097
48x48_4T,48x48,4,49,196,7,7,96,96,9216,field.halo_ex_3,0.34047,0.37532,0.66593,0.05425,0.08608,0.36226,100,0.00874,0.00375
48x48_4T,48x48,4,49,196,7,7,96,96,9216,field.halo_ex_4,0.61885,0.75057,1.6127,0.23494,0.36844,1.21726,441,0.03741,0.0017
48x48_4T,48x48,4,49,196,7,7,96,96,9216,field.halo_ex_5,0.76268,1.06495,2.15375,0.27947,0.58314,1.6705,640,0.05922,0.00166
48x48_4T,48x48,4,49,196,7,7,96,96,9216,field.halo_ex_6,0.91345,1.01417,1.7837,0.14655,0.24782,1.01472,220,0.02517,0.00461
48x48_4T,48x48,4,49,196,7,7,96,96,9216,field.halo_ex_7,3.88216,5.63616,20.2719,3.09836,4.84819,19.5187,4645,0.49233,0.00121
48x48_4T,48x48,4,49,196,7,7,96,96,9216,field.halo_ex_8,8.06663,13.5178,38.781,7.45338,12.87256,38.2185,11549,1.30719,0.00117
48x48_4T,48x48,4,49,196,7,7,96,96,9216,field.initialise,1.06573,2.28998,2.69479,1.06573,2.28998,2.69479,380425,0.23254,1e-05
48x48_4T,48x48,4,49,196,7,7,96,96,9216,field.read,17.6341,20.51991,21.1423,3e-05,5e-05,0.0004,62,1e-05,0.33097
48x48_4T,48x48,4,49,196,7,7,96,96,9216,field.write,0.6417,0.96588,1.14022,0.10429,0.14976,0.1643,37951,0.01521,3e-05
48x48_4T,48x48,4,49,196,7,7,96,96,9216,fs.constructor,0.11449,0.17139,0.20468,0.11449,0.17139,0.20468,73,0.0174,0.00235
48x48_4T,48x48,4,49,196,7,7,96,96,9216,gungho_diagnostics_driver,37.5754,38.56121,39.0842,27.9745,36.82019,37.6183,181,3.73903,0.21305
48x48_4T,48x48,4,49,196,7,7,96,96,9216,gungho_driver.finalise,0.42671,0.43598,0.44363,0.08307,0.11061,0.12307,1,0.01123,0.43598
48x48_4T,48x48,4,49,196,7,7,96,96,9216,gungho_driver.first_timestep,48.7244,49.20559,49.9693,5e-05,0.0004,0.00055,1,4e-05,49.20559
48x48_4T,48x48,4,49,196,7,7,96,96,9216,gungho_driver.initialise,43.4182,44.18311,44.6661,5.76434,7.36759,8.46785,1,0.74817,44.18311
48x48_4T,48x48,4,49,196,7,7,96,96,9216,gungho_driver.mesh_init,4.17771,4.25048,4.27882,4.17771,4.25048,4.27882,1,0.43163,4.25048
48x48_4T,48x48,4,49,196,7,7,96,96,9216,gungho_driver.timestep,889.463,889.49604,890.063,0.00181,0.00366,0.00453,179,0.00037,4.96925
48x48_4T,48x48,4,49,196,7,7,96,96,9216,gungho_timestep,891.268,892.22463,899.567,0.01534,0.03538,0.04272,180,0.00359,4.9568
48x48_4T,48x48,4,49,196,7,7,96,96,9216,halo_routing_creation,35.084,36.34222,38.8257,35.084,36.34222,38.8257,65935,3.69049,0.00055
48x48_4T,48x48,4,49,196,7,7,96,96,9216,init_lbcs,0.77152,0.88991,1.23196,0.15433,0.30089,0.48704,1,0.03056,0.88991
48x48_4T,48x48,4,49,196,7,7,96,96,9216,jules.explicit,1.04155,2.93416,6.89008,1.03487,2.92586,6.88133,180,0.29712,0.0163
48x48_4T,48x48,4,49,196,7,7,96,96,9216,jules.extra,0.0432,1.11072,3.39661,0.02751,1.0937,3.3787,180,0.11106,0.00617
48x48_4T,48x48,4,49,196,7,7,96,96,9216,jules.implicit,0.83748,3.2632,6.58947,0.82772,3.25173,6.57823,720,0.33021,0.00453
48x48_4T,48x48,4,49,196,7,7,96,96,9216,jules.radiation,0.72394,0.97759,1.31847,0.65577,0.85308,1.11634,180,0.08663,0.00543
48x48_4T,48x48,4,49,196,7,7,96,96,9216,leonard_term,2.30098,2.9043,8.69272,0.83123,1.83113,2.03703,180,0.18595,0.01614
48x48_4T,48x48,4,49,196,7,7,96,96,9216,lfric_xios.finalise_context,0.3186,0.32537,0.35907,9e-05,0.00011,0.00013,1,1e-05,0.32537
48x48_4T,48x48,4,49,196,7,7,96,96,9216,lfric_xios.init_context,0.58243,1.3243,1.76869,0.5478,1.28973,1.73391,1,0.13097,1.3243
48x48_4T,48x48,4,49,196,7,7,96,96,9216,lfric_xios.read_fldg,17.634,20.51982,21.1418,17.394,20.24607,20.3425,62,2.05596,0.33096
48x48_4T,48x48,4,49,196,7,7,96,96,9216,lfric_xios.write_fldg,0.53726,0.81586,0.97952,0.53726,0.81586,0.97952,211,0.08285,0.00387
48x48_4T,48x48,4,49,196,7,7,96,96,9216,locate_tropopause,0.06829,0.08332,0.09375,0.06767,0.0817,0.09183,180,0.0083,0.00046
48x48_4T,48x48,4,49,196,7,7,96,96,9216,mappings.map_physics_fields,26.0981,36.12634,46.6316,25.1685,30.4804,41.3691,181,3.09524,0.19959
48x48_4T,48x48,4,49,196,7,7,96,96,9216,mappings.set_wind,28.3507,29.3981,34.3821,0.65256,1.90683,2.34508,180,0.19364,0.16332
48x48_4T,48x48,4,49,196,7,7,96,96,9216,mass_matrix_solver_alg,43.679,44.37506,49.1865,15.8073,39.10429,41.2694,1082,3.97098,0.04101
48x48_4T,48x48,4,49,196,7,7,96,96,9216,microphysics.casim,77.3383,100.5899,118.789,77.3136,100.56861,118.769,180,10.21258,0.55883
48x48_4T,48x48,4,49,196,7,7,96,96,9216,microphysics.casim_activate,0.05623,0.08327,0.11664,0.0546,0.08163,0.11477,181,0.00829,0.00046
48x48_4T,48x48,4,49,196,7,7,96,96,9216,mixed_solver.schur_precon,50.4155,51.93938,59.2165,0.00626,0.01274,0.01635,720,0.00129,0.07214
48x48_4T,48x48,4,49,196,7,7,96,96,9216,pressure_solver.helmholtz_lhs,25.3709,26.6614,43.8275,18.3417,23.25636,23.8663,19440,2.36165,0.00137
48x48_4T,48x48,4,49,196,7,7,96,96,9216,radiation.illuminate,0.42853,0.48025,0.55518,0.42853,0.48025,0.55518,180,0.04877,0.00267
48x48_4T,48x48,4,49,196,7,7,96,96,9216,radiation.lw,9.27383,12.08701,13.4176,9.27383,12.08701,13.4176,180,1.22742,0.06715
48x48_4T,48x48,4,49,196,7,7,96,96,9216,radiation.sw,0.09582,0.12459,0.15777,0.09582,0.12459,0.15777,180,0.01265,0.00069
48x48_4T,48x48,4,49,196,7,7,96,96,9216,runtime_constants.dycore,4.68854,6.09603,6.23891,4.68854,6.09589,6.23881,13,0.61903,0.46893
48x48_4T,48x48,4,49,196,7,7,96,96,9216,runtime_constants.fem,3.87971,4.46,5.30027,2.53513,3.33888,3.50699,31,0.33906,0.14387
48x48_4T,48x48,4,49,196,7,7,96,96,9216,runtime_constants.geometric,1.90341,2.07518,2.34074,0.83117,1.1022,1.1362,26,0.11193,0.07981
48x48_4T,48x48,4,49,196,7,7,96,96,9216,runtime_constants.limited_area,0.25705,0.35684,0.46574,0.02602,0.15271,0.3337,15,0.01551,0.02379
48x48_4T,48x48,4,49,196,7,7,96,96,9216,runtime_constants.mapping,0.2865,0.36761,0.3874,0.2865,0.36761,0.3874,1,0.03733,0.36761
48x48_4T,48x48,4,49,196,7,7,96,96,9216,runtime_constants.physics,1.62171,1.63372,1.64021,0.0066,0.01235,0.01939,1,0.00125,1.63372
48x48_4T,48x48,4,49,196,7,7,96,96,9216,runtime_constants.solver,0.01002,0.0151,0.04924,0.00999,0.01507,0.04921,16,0.00153,0.00094
48x48_4T,48x48,4,49,196,7,7,96,96,9216,runtime_constants.transport,0.01006,0.01318,0.01501,0.01003,0.01313,0.01496,4,0.00133,0.00329
48x48_4T,48x48,4,49,196,7,7,96,96,9216,schur_precon.back_sub,4.72472,7.11084,7.41325,2.15259,6.34796,6.5845,720,0.64462,0.00988
48x48_4T,48x48,4,49,196,7,7,96,96,9216,schur_precon.pressure_solver,36.953,38.18557,52.5684,8.71745,11.48413,11.7682,720,1.16619,0.05304
48x48_4T,48x48,4,49,196,7,7,96,96,9216,schur_precon.rhs,1.91342,6.62142,7.17459,1.90283,6.58727,7.13782,720,0.66893,0.0092
48x48_4T,48x48,4,49,196,7,7,96,96,9216,semi_implicit_timestep,891.232,892.18853,899.552,12.526,33.40286,35.5461,180,3.39201,4.9566
48x48_4T,48x48,4,49,196,7,7,96,96,9216,slow_physics,211.987,212.07322,213.684,2.45111,2.74472,3.82012,180,0.27872,1.17818
48x48_4T,48x48,4,49,196,7,7,96,96,9216,smagorinsky,18.6978,22.46269,26.6293,5.835,16.3605,17.3454,360,1.66138,0.0624
48x48_4T,48x48,4,49,196,7,7,96,96,9216,solver.mixed_solver,53.9867,55.19475,60.0665,0.82849,3.19595,3.53521,720,0.32454,0.07666
48x48_4T,48x48,4,49,196,7,7,96,96,9216,stoch_phys.blpert,0.27738,13.58558,40.0008,0.119,0.16805,0.2124,360,0.01707,0.03774
48x48_4T,48x48,4,49,196,7,7,96,96,9216,transport.controller_init,7.73467,8.65634,16.807,4.0914,5.05604,14.5455,360,0.51343,0.02405
48x48_4T,48x48,4,49,196,7,7,96,96,9216,transport.ffsl_horizontal,49.6822,53.2749,62.7142,25.0658,37.893,48.1324,2419,3.84797,0.02202
48x48_4T,48x48,4,49,196,7,7,96,96,9216,transport.ffsl_vertical,15.0923,25.48149,27.7298,13.4165,22.90113,25.2079,7072,2.32557,0.0036
48x48_4T,48x48,4,49,196,7,7,96,96,9216,transport.flux_precomp,9.14636,11.90428,12.9177,2.88783,5.70529,6.03542,8477,0.57936,0.0014
48x48_4T,48x48,4,49,196,7,7,96,96,9216,transport.flux_precomp_init,0.948,3.2615,3.44858,0.93114,3.22254,3.41427,3201,0.32724,0.00102
48x48_4T,48x48,4,49,196,7,7,96,96,9216,transport.hori_dep_pts,5.19359,6.13198,6.95389,2.41289,4.43824,4.86969,1118,0.4507,0.00548
48x48_4T,48x48,4,49,196,7,7,96,96,9216,transport.sl_horizontal,33.7062,35.6055,43.3989,13.4802,23.42972,25.3172,2801,2.37925,0.01271
48x48_4T,48x48,4,49,196,7,7,96,96,9216,transport.sl_vertical,25.7408,26.74548,28.0608,3.76048,7.47419,8.52916,2828,0.75899,0.00946
48x48_4T,48x48,4,49,196,7,7,96,96,9216,transport.wind,76.8476,78.34682,80.0549,15.5567,25.98874,27.9167,360,2.63911,0.21763
48x48_4T,48x48,4,49,196,7,7,96,96,9216,transport.wind_precomp,11.7388,12.84592,21.9211,6.87541,9.65415,10.3373,2160,0.98036,0.00595
48x48_4T,48x48,4,49,196,7,7,96,96,9216,transport.wind_precomp_final,6.68928,7.55988,8.52234,6.68928,7.55988,8.52234,2160,0.76769,0.0035
48x48_4T,48x48,4,49,196,7,7,96,96,9216,transport.wind_precomp_init,1.14436,4.51816,4.97986,1.12864,4.48567,4.93612,360,0.45551,0.01255
48x48_4T,48x48,4,49,196,7,7,96,96,9216,update_lbcs,3.69858,8.65016,9.3871,3.33449,8.30897,9.03067,180,0.84376,0.04806
48x48_4T,48x48,4,49,196,7,7,96,96,9216,xios.close_context_definition,5.63183,5.69479,8.56317,5.63183,5.69479,8.56317,1,0.5783,5.69479
48x48_4T,48x48,4,49,196,7,7,96,96,9216,xios.context_finalize,0.31851,0.32526,0.35896,0.31851,0.32526,0.35896,1,0.03303,0.32526
48x48_4T,48x48,4,49,196,7,7,96,96,9216,xios.update_calendar,0.84439,1.45578,1.49807,0.84439,1.45578,1.49807,182,0.14783,0.008
24x24_1T,24x24,1,784,784,28,28,24,24,576,__lfric_atm__,220.695,220.69745,220.701,0.00337,0.00923,0.01626,1,0.00418,220.69745
24x24_1T,24x24,1,784,784,28,28,24,24,576,__setup__,33.5432,33.68476,34.0491,7e-05,0.00254,0.00753,1,0.00115,33.68476
24x24_1T,24x24,1,784,784,28,28,24,24,576,__vernier__,0.24156,0.29483,0.32892,0.24156,0.29483,0.32892,622199,0.13359,0.0
24x24_1T,24x24,1,784,784,28,28,24,24,576,aerosol.glomap_clim,2.20124,2.71596,2.89112,2.20093,2.71559,2.89075,180,1.23046,0.01509
24x24_1T,24x24,1,784,784,28,28,24,24,576,aerosol.radaer,0.54044,0.69595,0.78636,0.54017,0.69547,0.78594,3,0.31512,0.23198
24x24_1T,24x24,1,784,784,28,28,24,24,576,aerosol.stratosphere,0.00477,0.0099,0.02115,0.00477,0.0099,0.02115,180,0.00449,5e-05
24x24_1T,24x24,1,784,784,28,28,24,24,576,bl.explicit,3.98328,6.96454,10.7953,2.62177,3.83817,4.43971,360,1.73911,0.01935
24x24_1T,24x24,1,784,784,28,28,24,24,576,bl.implicit,11.8316,15.83216,18.2502,11.2122,14.73672,16.8265,360,6.67734,0.04398
24x24_1T,24x24,1,784,784,28,28,24,24,576,cloud,1.31784,2.17358,3.2305,1.30421,2.15817,3.21496,180,0.97789,0.01208
24x24_1T,24x24,1,784,784,28,28,24,24,576,cloud.bm_tau,0.44767,0.72456,0.84895,0.44767,0.72456,0.84895,180,0.3283,0.00403
24x24_1T,24x24,1,784,784,28,28,24,24,576,diags.bl_exp,0.02047,0.03647,0.04492,0.00463,0.00714,0.01215,360,0.00324,0.0001
24x24_1T,24x24,1,784,784,28,28,24,24,576,diags.bl_imp,0.07131,0.09457,0.1161,0.05411,0.06965,0.08133,540,0.03156,0.00018
24x24_1T,24x24,1,784,784,28,28,24,24,576,diags.blpert,0.00427,0.00581,0.0082,4e-05,6e-05,8e-05,360,3e-05,2e-05
24x24_1T,24x24,1,784,784,28,28,24,24,576,diags.casim,0.02604,0.03385,0.04223,0.01293,0.01723,0.02239,360,0.00781,9e-05
24x24_1T,24x24,1,784,784,28,28,24,24,576,diags.cloud,0.0528,0.06949,0.08079,0.0482,0.05874,0.06473,360,0.02662,0.00019
24x24_1T,24x24,1,784,784,28,28,24,24,576,diags.dynamics,0.02964,0.03612,0.04575,0.02817,0.03437,0.0434,180,0.01557,0.0002
24x24_1T,24x24,1,784,784,28,28,24,24,576,diags.electric,0.00873,0.01282,0.01894,0.00746,0.01083,0.01557,360,0.00491,4e-05
24x24_1T,24x24,1,784,784,28,28,24,24,576,diags.glomap_clim,0.01837,0.02541,0.03732,0.00039,0.00077,0.00231,180,0.00035,0.00014
24x24_1T,24x24,1,784,784,28,28,24,24,576,diags.illuminate,0.00396,0.00632,0.01035,6e-05,0.00011,0.00065,180,5e-05,4e-05
24x24_1T,24x24,1,784,784,28,28,24,24,576,diags.jules_exp,0.10628,0.41927,0.75615,0.00603,0.00814,0.01058,360,0.00369,0.00116
24x24_1T,24x24,1,784,784,28,28,24,24,576,diags.jules_imp,0.02003,0.02933,0.04122,0.00797,0.01125,0.0144,360,0.0051,8e-05
24x24_1T,24x24,1,784,784,28,28,24,24,576,diags.jules_seaice,0.00324,0.00548,0.00925,0.0008,0.00147,0.00277,180,0.00067,3e-05
24x24_1T,24x24,1,784,784,28,28,24,24,576,diags.jules_snow,0.0071,0.01105,0.02402,0.00354,0.00475,0.00586,360,0.00215,3e-05
24x24_1T,24x24,1,784,784,28,28,24,24,576,diags.jules_soil,0.01647,0.04246,0.07827,0.00655,0.0087,0.01015,360,0.00394,0.00012
24x24_1T,24x24,1,784,784,28,28,24,24,576,diags.locate_tropopause,0.00191,0.00253,0.00352,1e-05,2e-05,0.00012,180,1e-05,1e-05
24x24_1T,24x24,1,784,784,28,28,24,24,576,diags.microphysics,0.0146,0.01986,0.0274,9e-05,0.00015,0.00047,180,7e-05,0.00011
24x24_1T,24x24,1,784,784,28,28,24,24,576,diags.pmsl,0.0892,0.12031,0.13447,0.03527,0.06519,0.07653,180,0.02954,0.00067
24x24_1T,24x24,1,784,784,28,28,24,24,576,diags.pressure_lev,0.02149,0.02832,0.04449,0.02062,0.02737,0.04257,180,0.0124,0.00016
24x24_1T,24x24,1,784,784,28,28,24,24,576,diags.radaer,0.00028,0.00069,0.00216,0.00026,0.00067,0.00214,9,0.0003,8e-05
24x24_1T,24x24,1,784,784,28,28,24,24,576,diags.radiation,0.29917,0.37643,0.61353,0.10811,0.14486,0.16761,360,0.06564,0.00105
24x24_1T,24x24,1,784,784,28,28,24,24,576,diags.smagorinsky,0.00798,0.01118,0.01503,8e-05,0.00014,0.00047,360,6e-05,3e-05
24x24_1T,24x24,1,784,784,28,28,24,24,576,dynamics.compute_si_operators,16.6989,17.92806,19.1722,8.90325,13.33437,14.1669,180,6.04192,0.0996
24x24_1T,24x24,1,784,784,28,28,24,24,576,dynamics.phys_predictors,3.80974,5.09002,6.69446,0.25521,0.39359,0.50514,360,0.17834,0.01414
24x24_1T,24x24,1,784,784,28,28,24,24,576,dynamics.rhs_alg,7.99044,9.15379,11.4775,4.87358,7.00207,7.78504,900,3.1727,0.01017
24x24_1T,24x24,1,784,784,28,28,24,24,576,dynamics.rhs_lbc,0.92041,1.10933,1.21694,0.52355,0.90067,1.00412,180,0.4081,0.00616
24x24_1T,24x24,1,784,784,28,28,24,24,576,dynamics.solver,15.7506,16.07493,17.0429,1.88235,2.79246,3.42471,720,1.26529,0.02233
24x24_1T,24x24,1,784,784,28,28,24,24,576,dynamics.transport,51.4079,53.54268,56.0821,3.047,3.60602,3.92666,360,1.63392,0.14873
24x24_1T,24x24,1,784,784,28,28,24,24,576,dynamics.transport_predictors,2.29273,2.43657,2.61911,0.08598,0.12821,0.16079,180,0.05809,0.01354
24x24_1T,24x24,1,784,784,28,28,24,24,576,electric,0.25732,0.31356,0.39792,0.08956,0.13475,0.19614,180,0.06106,0.00174
24x24_1T,24x24,1,784,784,28,28,24,24,576,fast_physics,22.9967,23.90385,24.7038,0.85057,1.0994,2.23153,360,0.49815,0.0664
24x24_1T,24x24,1,784,784,28,28,24,24,576,field.halo_ex_1,14.1891,20.32422,49.9458,10.5358,16.69063,45.7458,46335,7.56268,0.00044
24x24_1T,24x24,1,784,784,28,28,24,24,576,field.halo_ex_2,0.46899,1.23624,4.08682,0.3296,0.78238,3.49069,1986,0.35451,0.00062
24x24_1T,24x24,1,784,784,28,28,24,24,576,field.halo_ex_6,0.43275,0.48073,0.64381,0.13526,0.18216,0.34375,466,0.08254,0.00103
24x24_1T,24x24,1,784,784,28,28,24,24,576,field.halo_ex_7,1.99997,2.51191,4.06923,1.66107,2.16982,3.73481,5284,0.98317,0.00048
24x24_1T,24x24,1,784,784,28,28,24,24,576,field.halo_ex_8,3.65964,5.15034,7.34215,3.39918,4.88298,7.09059,11248,2.21252,0.00046
24x24_1T,24x24,1,784,784,28,28,24,24,576,field.initialise,0.5743,0.68839,0.91155,0.5743,0.68839,0.91155,379988,0.31191,0.0
24x24_1T,24x24,1,784,784,28,28,24,24,576,field.read,24.0902,24.4746,24.5653,2e-05,0.00011,0.00233,62,5e-05,0.39475
24x24_1T,24x24,1,784,784,28,28,24,24,576,field.write,0.66532,1.08861,1.73354,0.10352,0.13645,0.15746,37951,0.06183,3e-05
24x24_1T,24x24,1,784,784,28,28,24,24,576,fs.constructor,0.01354,0.02555,0.03156,0.01354,0.02555,0.03156,71,0.01158,0.00036
24x24_1T,24x24,1,784,784,28,28,24,24,576,gungho_diagnostics_driver,9.04351,9.93729,11.8714,7.06559,9.09577,11.317,181,4.12137,0.0549
24x24_1T,24x24,1,784,784,28,28,24,24,576,gungho_driver.finalise,0.51512,0.51592,0.51685,0.02199,0.02457,0.02888,1,0.01113,0.51592
24x24_1T,24x24,1,784,784,28,28,24,24,576,gungho_driver.first_timestep,7.9694,8.33599,8.47623,3e-05,0.00012,0.00043,1,5e-05,8.33599
24x24_1T,24x24,1,784,784,28,28,24,24,576,gungho_driver.initialise,33.5406,33.68222,34.0483,1.07711,1.55618,2.92562,1,0.70512,33.68222
24x24_1T,24x24,1,784,784,28,28,24,24,576,gungho_driver.mesh_init,1.05506,1.11273,1.13735,1.05506,1.11273,1.13735,1,0.50419,1.11273
24x24_1T,24x24,1,784,784,28,28,24,24,576,gungho_driver.timestep,177.321,177.41511,177.458,0.00194,0.00321,0.00534,179,0.00145,0.99115
24x24_1T,24x24,1,784,784,28,28,24,24,576,gungho_timestep,173.3,174.73879,176.1,0.01411,0.02281,0.03124,180,0.01033,0.97077
24x24_1T,24x24,1,784,784,28,28,24,24,576,halo_routing_creation,4.43469,4.96174,5.81557,4.43469,4.96174,5.81557,65319,2.24821,8e-05
24x24_1T,24x24,1,784,784,28,28,24,24,576,init_lbcs,0.13198,0.15221,0.29669,0.01551,0.03747,0.13622,1,0.01698,0.15221
24x24_1T,24x24,1,784,784,28,28,24,24,576,jules.explicit,0.28467,0.71987,1.79782,0.27724,0.71004,1.78852,180,0.32172,0.004
24x24_1T,24x24,1,784,784,28,28,24,24,576,jules.extra,0.02568,0.25913,0.79525,0.0149,0.24491,0.7804,180,0.11097,0.00144
24x24_1T,24x24,1,784,784,28,28,24,24,576,jules.implicit,0.45269,0.95921,1.93433,0.44285,0.94705,1.92209,720,0.42912,0.00133
24x24_1T,24x24,1,784,784,28,28,24,24,576,jules.radiation,0.1115,0.21196,0.2984,0.0909,0.1874,0.25027,180,0.08491,0.00118
24x24_1T,24x24,1,784,784,28,28,24,24,576,leonard_term,0.51643,0.9342,2.34822,0.21123,0.3477,0.48169,180,0.15755,0.00519
24x24_1T,24x24,1,784,784,28,28,24,24,576,lfric_xios.finalise_context,0.4867,0.49134,0.49377,5e-05,8e-05,0.00014,1,3e-05,0.49134
24x24_1T,24x24,1,784,784,28,28,24,24,576,lfric_xios.init_context,0.15148,1.56592,1.92404,0.13154,1.5409,1.88823,1,0.6982,1.56592
24x24_1T,24x24,1,784,784,28,28,24,24,576,lfric_xios.read_fldg,24.0901,24.47448,24.5652,24.0554,24.42345,24.4376,62,11.06649,0.39475
24x24_1T,24x24,1,784,784,28,28,24,24,576,lfric_xios.write_fldg,0.52559,0.95201,1.59452,0.52559,0.95201,1.59452,211,0.43136,0.00451
24x24_1T,24x24,1,784,784,28,28,24,24,576,locate_tropopause,0.02123,0.02806,0.03647,0.02035,0.02696,0.0349,180,0.01221,0.00016
24x24_1T,24x24,1,784,784,28,28,24,24,576,mappings.map_physics_fields,7.39646,8.51155,9.48338,7.12623,8.0866,9.23298,181,3.66411,0.04703
24x24_1T,24x24,1,784,784,28,28,24,24,576,mappings.set_wind,1.27976,1.54153,2.55091,0.10337,0.20199,0.29765,180,0.09152,0.00856
24x24_1T,24x24,1,784,784,28,28,24,24,576,mass_matrix_solver_alg,5.87838,7.13288,8.95069,3.94117,5.36754,6.13361,1082,2.43208,0.00659
24x24_1T,24x24,1,784,784,28,28,24,24,576,microphysics.casim,5.62495,7.94795,10.056,5.60957,7.93254,10.0405,180,3.5943,0.04416
24x24_1T,24x24,1,784,784,28,28,24,24,576,microphysics.casim_activate,0.0102,0.02465,0.03386,0.00881,0.02308,0.03201,181,0.01046,0.00014
24x24_1T,24x24,1,784,784,28,28,24,24,576,mixed_solver.schur_precon,12.0437,12.58642,13.5786,0.00422,0.00563,0.00887,720,0.00255,0.01748
24x24_1T,24x24,1,784,784,28,28,24,24,576,pressure_solver.helmholtz_lhs,6.54134,6.94611,9.10814,4.58946,5.65592,5.82397,19440,2.56275,0.00036
24x24_1T,24x24,1,784,784,28,28,24,24,576,radiation.illuminate,0.07468,0.11883,0.23069,0.07468,0.11883,0.23069,180,0.05384,0.00066
24x24_1T,24x24,1,784,784,28,28,24,24,576,radiation.lw,1.556,2.56264,2.94618,1.556,2.56264,2.94618,180,1.16116,0.01424
24x24_1T,24x24,1,784,784,28,28,24,24,576,radiation.sw,0.01017,0.02873,0.04741,0.01017,0.02873,0.04741,180,0.01302,0.00016
24x24_1T,24x24,1,784,784,28,28,24,24,576,runtime_constants.dycore,1.23486,1.70054,1.86022,1.23486,1.70051,1.86022,13,0.77052,0.13081
24x24_1T,24x24,1,784,784,28,28,24,24,576,runtime_constants.fem,1.1974,1.55219,1.71955,0.67249,0.94989,0.99914,31,0.4304,0.05007
24x24_1T,24x24,1,784,784,28,28,24,24,576,runtime_constants.geometric,0.49808,0.59469,0.8017,0.21791,0.30772,0.32499,26,0.13943,0.02287
24x24_1T,24x24,1,784,784,28,28,24,24,576,runtime_constants.limited_area,0.05024,0.06273,0.07402,0.00238,0.01203,0.02007,15,0.00545,0.00418
24x24_1T,24x24,1,784,784,28,28,24,24,576,runtime_constants.mapping,0.07342,0.09972,0.10897,0.07342,0.09972,0.10897,1,0.04519,0.09972
24x24_1T,24x24,1,784,784,28,28,24,24,576,runtime_constants.physics,0.58442,0.59058,0.5975,0.00091,0.00966,0.01862,1,0.00438,0.59058
24x24_1T,24x24,1,784,784,28,28,24,24,576,runtime_constants.solver,0.00089,0.00138,0.00234,0.00088,0.00136,0.00232,16,0.00062,9e-05
24x24_1T,24x24,1,784,784,28,28,24,24,576,runtime_constants.transport,0.00185,0.00339,0.00878,0.00183,0.00336,0.00875,4,0.00152,0.00085
24x24_1T,24x24,1,784,784,28,28,24,24,576,schur_precon.back_sub,1.25793,1.40545,1.873,0.76754,1.06512,1.52092,720,0.48262,0.00195
24x24_1T,24x24,1,784,784,28,28,24,24,576,schur_precon.pressure_solver,9.30333,9.74025,11.4002,2.23891,2.78028,2.85915,720,1.25977,0.01353
24x24_1T,24x24,1,784,784,28,28,24,24,576,schur_precon.rhs,0.82304,1.43004,1.57544,0.81553,1.42284,1.56751,720,0.6447,0.00199
24x24_1T,24x24,1,784,784,28,28,24,24,576,semi_implicit_timestep,173.283,174.7154,176.081,4.66033,6.32921,6.76351,180,2.86782,0.97064
24x24_1T,24x24,1,784,784,28,28,24,24,576,slow_physics,27.5146,27.67611,27.9963,0.83396,1.26868,3.14058,180,0.57485,0.15376
24x24_1T,24x24,1,784,784,28,28,24,24,576,smagorinsky,3.56184,5.18756,7.31935,1.40066,2.0307,2.31821,360,0.92013,0.01441
24x24_1T,24x24,1,784,784,28,28,24,24,576,solver.mixed_solver,12.744,13.07549,13.8063,0.20858,0.4606,0.66494,720,0.2087,0.01816
24x24_1T,24x24,1,784,784,28,28,24,24,576,stoch_phys.blpert,0.23746,1.42492,5.26573,0.04472,0.05692,0.07858,360,0.02579,0.00396
24x24_1T,24x24,1,784,784,28,28,24,24,576,transport.controller_init,2.17056,2.45977,3.12536,1.13358,1.45481,2.34563,360,0.65919,0.00683
24x24_1T,24x24,1,784,784,28,28,24,24,576,transport.ffsl_horizontal,11.5061,12.20263,12.8126,6.08262,7.68726,9.28089,2340,3.48316,0.00521
24x24_1T,24x24,1,784,784,28,28,24,24,576,transport.ffsl_vertical,3.9002,4.51326,4.79726,3.40297,3.93403,4.21223,7200,1.78255,0.00063
24x24_1T,24x24,1,784,784,28,28,24,24,576,transport.flux_precomp,2.32779,2.74465,2.97419,0.86404,1.06108,1.13926,8460,0.48079,0.00032
24x24_1T,24x24,1,784,784,28,28,24,24,576,transport.flux_precomp_init,0.45514,0.62588,0.67228,0.43661,0.61088,0.65208,3240,0.2768,0.00019
24x24_1T,24x24,1,784,784,28,28,24,24,576,transport.hori_dep_pts,1.37168,1.6573,1.85338,0.67378,0.89503,1.07858,1080,0.40555,0.00153
24x24_1T,24x24,1,784,784,28,28,24,24,576,transport.sl_horizontal,8.27817,8.755,9.30456,3.33246,4.3614,4.81663,2700,1.97619,0.00324
24x24_1T,24x24,1,784,784,28,28,24,24,576,transport.sl_vertical,5.32549,5.63944,6.06687,1.03387,1.5117,2.09249,2880,0.68497,0.00196
24x24_1T,24x24,1,784,784,28,28,24,24,576,transport.wind,18.181,18.68679,19.1438,4.61572,6.42534,7.04826,360,2.91138,0.05191
24x24_1T,24x24,1,784,784,28,28,24,24,576,transport.wind_precomp,2.5061,2.85644,3.86765,1.61468,2.03939,2.19397,2160,0.92407,0.00132
24x24_1T,24x24,1,784,784,28,28,24,24,576,transport.wind_precomp_final,6.64132,8.80239,11.3674,6.64132,8.80239,11.3674,2160,3.98844,0.00408
24x24_1T,24x24,1,784,784,28,28,24,24,576,transport.wind_precomp_init,0.57534,0.86387,1.00896,0.5583,0.85155,0.99534,360,0.38584,0.0024
24x24_1T,24x24,1,784,784,28,28,24,24,576,update_lbcs,0.67614,1.21931,1.45611,0.59351,1.13716,1.37496,180,0.51526,0.00677
24x24_1T,24x24,1,784,784,28,28,24,24,576,xios.close_context_definition,3.40703,3.41318,3.77868,3.40703,3.41318,3.77868,1,1.54654,3.41318
24x24_1T,24x24,1,784,784,28,28,24,24,576,xios.context_finalize,0.48662,0.49127,0.49365,0.48662,0.49127,0.49365,1,0.2226,0.49127
24x24_1T,24x24,1,784,784,28,28,24,24,576,xios.update_calendar,0.70109,0.737,0.82382,0.70109,0.737,0.82382,182,0.33394,0.00405
24x24_2T,24x24,2,392,784,14,28,48,24,1152,__lfric_atm__,224.164,224.16502,224.166,0.00315,0.00591,0.01015,1,0.00264,224.16502
24x24_2T,24x24,2,392,784,14,28,48,24,1152,__setup__,30.3914,30.54222,30.6575,6e-05,0.00133,0.00326,1,0.00059,30.54222
24x24_2T,24x24,2,392,784,14,28,48,24,1152,__vernier__,0.23006,0.27502,0.29946,0.23006,0.27502,0.29946,621531,0.12268,0.0
24x24_2T,24x24,2,392,784,14,28,48,24,1152,aerosol.glomap_clim,2.21881,2.724,2.836,2.21849,2.7236,2.83569,180,1.215,0.01513
24x24_2T,24x24,2,392,784,14,28,48,24,1152,aerosol.radaer,0.53918,0.6945,0.80895,0.53891,0.69408,0.80835,3,0.30963,0.2315
24x24_2T,24x24,2,392,784,14,28,48,24,1152,aerosol.stratosphere,0.00424,0.00869,0.0168,0.00424,0.00869,0.0168,180,0.00388,5e-05
24x24_2T,24x24,2,392,784,14,28,48,24,1152,bl.explicit,3.55368,7.71267,11.9311,2.55497,3.7299,4.44283,360,1.66391,0.02142
24x24_2T,24x24,2,392,784,14,28,48,24,1152,bl.implicit,14.7732,18.05315,21.7776,13.7747,16.87641,21.0097,360,7.52857,0.05015
24x24_2T,24x24,2,392,784,14,28,48,24,1152,cloud,1.54525,3.17392,5.23335,1.5304,3.1594,5.21848,180,1.40941,0.01763
24x24_2T,24x24,2,392,784,14,28,48,24,1152,cloud.bm_tau,0.60475,0.78885,0.95443,0.60475,0.78885,0.95443,180,0.3519,0.00438
24x24_2T,24x24,2,392,784,14,28,48,24,1152,diags.bl_exp,0.02672,0.03685,0.04583,0.00453,0.0064,0.01013,360,0.00285,0.0001
24x24_2T,24x24,2,392,784,14,28,48,24,1152,diags.bl_imp,0.07592,0.09297,0.10362,0.05437,0.06549,0.07418,540,0.02922,0.00017
24x24_2T,24x24,2,392,784,14,28,48,24,1152,diags.blpert,0.00433,0.00539,0.00841,4e-05,5e-05,8e-05,360,2e-05,1e-05
24x24_2T,24x24,2,392,784,14,28,48,24,1152,diags.casim,0.02907,0.03478,0.04391,0.01187,0.01644,0.02406,360,0.00734,0.0001
24x24_2T,24x24,2,392,784,14,28,48,24,1152,diags.cloud,0.0535,0.0656,0.08004,0.04807,0.05518,0.06291,360,0.02462,0.00018
24x24_2T,24x24,2,392,784,14,28,48,24,1152,diags.dynamics,0.02913,0.03266,0.03861,0.02763,0.03102,0.03654,180,0.01384,0.00018
24x24_2T,24x24,2,392,784,14,28,48,24,1152,diags.electric,0.00879,0.01076,0.01515,0.0075,0.00901,0.0119,360,0.00402,3e-05
24x24_2T,24x24,2,392,784,14,28,48,24,1152,diags.glomap_clim,0.01898,0.0254,0.03247,0.00041,0.00073,0.00176,180,0.00033,0.00014
24x24_2T,24x24,2,392,784,14,28,48,24,1152,diags.illuminate,0.0038,0.00588,0.0094,6e-05,0.00012,0.00041,180,5e-05,3e-05
24x24_2T,24x24,2,392,784,14,28,48,24,1152,diags.jules_exp,0.11662,0.40994,0.67255,0.00573,0.00707,0.0087,360,0.00315,0.00114
24x24_2T,24x24,2,392,784,14,28,48,24,1152,diags.jules_imp,0.02145,0.0299,0.04114,0.00785,0.01058,0.0148,360,0.00472,8e-05
24x24_2T,24x24,2,392,784,14,28,48,24,1152,diags.jules_seaice,0.00333,0.00527,0.00927,0.00086,0.00143,0.00348,180,0.00064,3e-05
24x24_2T,24x24,2,392,784,14,28,48,24,1152,diags.jules_snow,0.00833,0.01068,0.01753,0.00364,0.00472,0.00605,360,0.00211,3e-05
24x24_2T,24x24,2,392,784,14,28,48,24,1152,diags.jules_soil,0.01361,0.02232,0.05389,0.00673,0.0082,0.00951,360,0.00366,6e-05
24x24_2T,24x24,2,392,784,14,28,48,24,1152,diags.locate_tropopause,0.00169,0.00247,0.00337,1e-05,2e-05,7e-05,180,1e-05,1e-05
24x24_2T,24x24,2,392,784,14,28,48,24,1152,diags.microphysics,0.01707,0.02181,0.03164,0.0001,0.00017,0.00054,180,8e-05,0.00012
24x24_2T,24x24,2,392,784,14,28,48,24,1152,diags.pmsl,0.08187,0.09204,0.10131,0.03701,0.05836,0.06707,180,0.02603,0.00051
24x24_2T,24x24,2,392,784,14,28,48,24,1152,diags.pressure_lev,0.02102,0.02664,0.04236,0.02033,0.02568,0.04124,180,0.01146,0.00015
24x24_2T,24x24,2,392,784,14,28,48,24,1152,diags.radaer,0.00027,0.00047,0.00122,0.00026,0.00045,0.0012,9,0.0002,5e-05
24x24_2T,24x24,2,392,784,14,28,48,24,1152,diags.radiation,0.21739,0.41438,0.84297,0.10615,0.12678,0.14961,360,0.05655,0.00115
24x24_2T,24x24,2,392,784,14,28,48,24,1152,diags.smagorinsky,0.00687,0.00921,0.01387,6e-05,0.00012,0.00026,360,5e-05,3e-05
24x24_2T,24x24,2,392,784,14,28,48,24,1152,dynamics.compute_si_operators,15.8242,16.27312,17.2047,9.33213,12.88275,13.4791,180,5.74699,0.09041
24x24_2T,24x24,2,392,784,14,28,48,24,1152,dynamics.phys_predictors,4.25983,4.64113,5.30944,0.33716,0.45687,0.53533,360,0.20381,0.01289
24x24_2T,24x24,2,392,784,14,28,48,24,1152,dynamics.rhs_alg,7.83032,8.63247,9.71477,4.99807,6.77118,7.16251,900,3.02062,0.00959
24x24_2T,24x24,2,392,784,14,28,48,24,1152,dynamics.rhs_lbc,0.93745,1.05796,1.15298,0.58659,0.86016,0.96213,180,0.38372,0.00588
24x24_2T,24x24,2,392,784,14,28,48,24,1152,dynamics.solver,15.4503,15.72853,16.2227,1.92554,2.71908,3.01599,720,1.21298,0.02185
24x24_2T,24x24,2,392,784,14,28,48,24,1152,dynamics.transport,49.7923,50.58541,51.5099,3.04507,3.52457,3.88787,360,1.57231,0.14052
24x24_2T,24x24,2,392,784,14,28,48,24,1152,dynamics.transport_predictors,2.1291,2.24538,2.33072,0.08333,0.11547,0.14125,180,0.05151,0.01247
24x24_2T,24x24,2,392,784,14,28,48,24,1152,electric,0.26086,0.29838,0.36235,0.10725,0.14084,0.1995,180,0.06283,0.00166
24x24_2T,24x24,2,392,784,14,28,48,24,1152,fast_physics,26.7733,26.9965,27.4538,0.76167,1.18398,2.58503,360,0.52817,0.07499
24x24_2T,24x24,2,392,784,14,28,48,24,1152,field.halo_ex_1,14.9254,22.53783,47.1855,9.63824,17.24305,41.4336,46335,7.69213,0.00049
24x24_2T,24x24,2,392,784,14,28,48,24,1152,field.halo_ex_2,0.49922,0.8222,2.01754,0.35557,0.61506,1.59851,1986,0.27438,0.00041
24x24_2T,24x24,2,392,784,14,28,48,24,1152,field.halo_ex_6,0.38453,0.41127,0.48323,0.09164,0.12022,0.18797,255,0.05363,0.00161
24x24_2T,24x24,2,392,784,14,28,48,24,1152,field.halo_ex_7,1.66542,2.06872,3.30212,1.35834,1.76206,2.9992,4849,0.78606,0.00043
24x24_2T,24x24,2,392,784,14,28,48,24,1152,field.halo_ex_8,3.63937,5.17092,7.13755,3.40391,4.93661,6.91703,11894,2.20222,0.00043
24x24_2T,24x24,2,392,784,14,28,48,24,1152,field.initialise,0.59796,0.71275,0.87528,0.59796,0.71275,0.87528,379316,0.31796,0.0
24x24_2T,24x24,2,392,784,14,28,48,24,1152,field.read,23.3279,23.50756,23.6079,2e-05,7e-05,0.00046,62,3e-05,0.37915
24x24_2T,24x24,2,392,784,14,28,48,24,1152,field.write,0.541,0.96068,1.17681,0.0989,0.12405,0.14441,37951,0.05534,3e-05
24x24_2T,24x24,2,392,784,14,28,48,24,1152,fs.constructor,0.02083,0.03188,0.0399,0.02083,0.03188,0.0399,71,0.01422,0.00045
24x24_2T,24x24,2,392,784,14,28,48,24,1152,gungho_diagnostics_driver,9.0843,9.57598,10.3913,7.29424,9.0333,9.86567,181,4.02976,0.05291
24x24_2T,24x24,2,392,784,14,28,48,24,1152,gungho_driver.finalise,0.51909,0.51957,0.51993,0.01948,0.02334,0.02694,1,0.01041,0.51957
24x24_2T,24x24,2,392,784,14,28,48,24,1152,gungho_driver.first_timestep,9.67617,9.79295,9.94052,4e-05,0.00011,0.00034,1,5e-05,9.79295
24x24_2T,24x24,2,392,784,14,28,48,24,1152,gungho_driver.initialise,30.3913,30.54088,30.6567,1.4151,1.70031,1.93452,1,0.75851,30.54088
24x24_2T,24x24,2,392,784,14,28,48,24,1152,gungho_driver.mesh_init,0.94129,0.97259,0.98426,0.94129,0.97259,0.98426,1,0.43387,0.97259
24x24_2T,24x24,2,392,784,14,28,48,24,1152,gungho_driver.timestep,182.561,182.62141,182.646,0.00185,0.00272,0.00443,179,0.00121,1.02023
24x24_2T,24x24,2,392,784,14,28,48,24,1152,gungho_timestep,181.033,181.59093,182.604,0.01341,0.02272,0.02761,180,0.01013,1.00884
24x24_2T,24x24,2,392,784,14,28,48,24,1152,halo_routing_creation,6.09211,6.30325,7.01872,6.09211,6.30325,7.01872,65319,2.81188,0.0001
24x24_2T,24x24,2,392,784,14,28,48,24,1152,init_lbcs,0.10683,0.13746,0.26373,0.01935,0.03685,0.13007,1,0.01644,0.13746
24x24_2T,24x24,2,392,784,14,28,48,24,1152,jules.explicit,0.32479,0.85189,2.02073,0.3178,0.84344,2.01113,180,0.37626,0.00473
24x24_2T,24x24,2,392,784,14,28,48,24,1152,jules.extra,0.02705,0.29696,0.9291,0.01577,0.2832,0.91479,180,0.12633,0.00165
24x24_2T,24x24,2,392,784,14,28,48,24,1152,jules.implicit,0.44756,1.04194,2.13885,0.43859,1.02974,2.12543,720,0.45937,0.00145
24x24_2T,24x24,2,392,784,14,28,48,24,1152,jules.radiation,0.15221,0.20525,0.31143,0.13275,0.18546,0.26858,180,0.08273,0.00114
24x24_2T,24x24,2,392,784,14,28,48,24,1152,leonard_term,0.52715,0.97155,3.81111,0.24566,0.33675,0.4479,180,0.15023,0.0054
24x24_2T,24x24,2,392,784,14,28,48,24,1152,lfric_xios.finalise_context,0.49248,0.49623,0.50007,2e-05,8e-05,0.00013,1,3e-05,0.49623
24x24_2T,24x24,2,392,784,14,28,48,24,1152,lfric_xios.init_context,0.12966,0.18236,0.35831,0.11305,0.16546,0.34404,1,0.07381,0.18236
24x24_2T,24x24,2,392,784,14,28,48,24,1152,lfric_xios.read_fldg,23.3279,23.50747,23.6078,23.2924,23.36631,23.3836,62,10.42371,0.37915
24x24_2T,24x24,2,392,784,14,28,48,24,1152,lfric_xios.write_fldg,0.44063,0.83648,1.05245,0.44063,0.83648,1.05245,211,0.37315,0.00396
24x24_2T,24x24,2,392,784,14,28,48,24,1152,locate_tropopause,0.02304,0.02765,0.0338,0.02216,0.0266,0.03238,180,0.01186,0.00015
24x24_2T,24x24,2,392,784,14,28,48,24,1152,mappings.map_physics_fields,6.85666,8.92151,10.5798,6.65865,8.16049,10.0354,181,3.64039,0.04929
24x24_2T,24x24,2,392,784,14,28,48,24,1152,mappings.set_wind,3.35954,3.70203,5.27819,0.11067,0.25632,0.3576,180,0.11434,0.02057
24x24_2T,24x24,2,392,784,14,28,48,24,1152,mass_matrix_solver_alg,5.99849,6.43503,7.14623,3.89872,5.04819,5.53465,1082,2.252,0.00595
24x24_2T,24x24,2,392,784,14,28,48,24,1152,microphysics.casim,10.1246,13.58464,16.8933,10.1113,13.57035,16.8803,180,6.05373,0.07547
24x24_2T,24x24,2,392,784,14,28,48,24,1152,microphysics.casim_activate,0.01438,0.02461,0.03224,0.01288,0.02311,0.03066,181,0.01031,0.00014
24x24_2T,24x24,2,392,784,14,28,48,24,1152,mixed_solver.schur_precon,12.0756,12.34243,12.8528,0.00349,0.00505,0.0073,720,0.00225,0.01714
24x24_2T,24x24,2,392,784,14,28,48,24,1152,pressure_solver.helmholtz_lhs,6.49373,6.79644,8.21384,4.63418,5.57382,5.95557,19440,2.48648,0.00035
24x24_2T,24x24,2,392,784,14,28,48,24,1152,radiation.illuminate,0.08948,0.11631,0.18402,0.08948,0.11631,0.18402,180,0.05189,0.00065
24x24_2T,24x24,2,392,784,14,28,48,24,1152,radiation.lw,1.77582,2.71544,3.03676,1.77582,2.71544,3.03676,180,1.21136,0.01509
24x24_2T,24x24,2,392,784,14,28,48,24,1152,radiation.sw,0.01478,0.02838,0.04418,0.01478,0.02838,0.04418,180,0.01266,0.00016
24x24_2T,24x24,2,392,784,14,28,48,24,1152,runtime_constants.dycore,1.21391,1.63668,1.72745,1.2139,1.63667,1.72743,13,0.73012,0.1259
24x24_2T,24x24,2,392,784,14,28,48,24,1152,runtime_constants.fem,1.00262,1.13013,1.28245,0.65741,0.89298,0.92295,31,0.39836,0.03646
24x24_2T,24x24,2,392,784,14,28,48,24,1152,runtime_constants.geometric,0.48578,0.53379,0.71841,0.21416,0.29586,0.30953,26,0.13198,0.02053
24x24_2T,24x24,2,392,784,14,28,48,24,1152,runtime_constants.limited_area,0.04052,0.05291,0.08287,0.00303,0.00765,0.01227,15,0.00341,0.00353
24x24_2T,24x24,2,392,784,14,28,48,24,1152,runtime_constants.mapping,0.07511,0.0963,0.10407,0.07511,0.0963,0.10407,1,0.04296,0.0963
24x24_2T,24x24,2,392,784,14,28,48,24,1152,runtime_constants.physics,0.51776,0.52191,0.52558,0.0015,0.00538,0.00883,1,0.0024,0.52191
24x24_2T,24x24,2,392,784,14,28,48,24,1152,runtime_constants.solver,0.00109,0.00158,0.00225,0.00108,0.00157,0.00224,16,0.0007,0.0001
24x24_2T,24x24,2,392,784,14,28,48,24,1152,runtime_constants.transport,0.00203,0.00315,0.00543,0.00202,0.00313,0.0054,4,0.0014,0.00079
24x24_2T,24x24,2,392,784,14,28,48,24,1152,schur_precon.back_sub,1.23767,1.37438,1.61578,0.74577,0.99856,1.25254,720,0.44546,0.00191
24x24_2T,24x24,2,392,784,14,28,48,24,1152,schur_precon.pressure_solver,9.20756,9.53625,10.5144,2.25109,2.7259,2.82708,720,1.21602,0.01324
24x24_2T,24x24,2,392,784,14,28,48,24,1152,schur_precon.rhs,0.95873,1.42214,1.55129,0.95069,1.41514,1.54507,720,0.63129,0.00198
24x24_2T,24x24,2,392,784,14,28,48,24,1152,semi_implicit_timestep,181.018,181.56758,182.586,4.69001,6.25178,6.62889,180,2.78892,1.00871
24x24_2T,24x24,2,392,784,14,28,48,24,1152,slow_physics,36.4497,36.55562,36.7824,0.68384,1.20294,1.82454,180,0.53663,0.20309
24x24_2T,24x24,2,392,784,14,28,48,24,1152,smagorinsky,3.78709,5.16911,7.81143,1.48361,1.91143,2.36929,360,0.85269,0.01436
24x24_2T,24x24,2,392,784,14,28,48,24,1152,solver.mixed_solver,12.602,12.80644,13.1441,0.27309,0.44225,0.53785,720,0.19729,0.01779
24x24_2T,24x24,2,392,784,14,28,48,24,1152,stoch_phys.blpert,0.15909,2.21451,6.28902,0.04861,0.06132,0.09224,360,0.02736,0.00615
24x24_2T,24x24,2,392,784,14,28,48,24,1152,transport.controller_init,1.97074,2.18136,2.87389,1.01847,1.26203,2.14426,360,0.56299,0.00606
24x24_2T,24x24,2,392,784,14,28,48,24,1152,transport.ffsl_horizontal,11.5476,12.05853,12.6881,6.12355,7.44562,9.31527,2340,3.32149,0.00515
24x24_2T,24x24,2,392,784,14,28,48,24,1152,transport.ffsl_vertical,3.75539,4.39112,4.65721,3.2615,3.80425,4.03222,7200,1.69708,0.00061
24x24_2T,24x24,2,392,784,14,28,48,24,1152,transport.flux_precomp,2.27281,2.67886,2.89503,0.86145,1.07592,1.13206,8460,0.47997,0.00032
24x24_2T,24x24,2,392,784,14,28,48,24,1152,transport.flux_precomp_init,0.43572,0.60335,0.64394,0.42209,0.5893,0.63047,3244,0.26289,0.00019
24x24_2T,24x24,2,392,784,14,28,48,24,1152,transport.hori_dep_pts,1.26211,1.57796,1.77178,0.68187,0.87965,0.99149,1080,0.39241,0.00146
24x24_2T,24x24,2,392,784,14,28,48,24,1152,transport.sl_horizontal,7.76799,8.0439,8.48772,3.2983,4.18406,4.39245,2700,1.86651,0.00298
24x24_2T,24x24,2,392,784,14,28,48,24,1152,transport.sl_vertical,5.47213,5.64171,6.00284,1.08298,1.54038,1.80244,2880,0.68716,0.00196
24x24_2T,24x24,2,392,784,14,28,48,24,1152,transport.wind,17.3187,17.76128,17.9577,4.55132,6.07004,6.31603,360,2.70784,0.04934
24x24_2T,24x24,2,392,784,14,28,48,24,1152,transport.wind_precomp,2.66506,2.86063,3.97973,1.72058,2.0993,2.22134,2160,0.9365,0.00132
24x24_2T,24x24,2,392,784,14,28,48,24,1152,transport.wind_precomp_final,6.64672,7.5472,8.4383,6.64672,7.5472,8.4383,2160,3.3668,0.00349
24x24_2T,24x24,2,392,784,14,28,48,24,1152,transport.wind_precomp_init,0.56007,0.84581,0.91137,0.54604,0.83231,0.89956,360,0.37129,0.00235
24x24_2T,24x24,2,392,784,14,28,48,24,1152,update_lbcs,0.9673,1.39053,1.48819,0.88882,1.30906,1.40974,180,0.58397,0.00773
24x24_2T,24x24,2,392,784,14,28,48,24,1152,xios.close_context_definition,2.82478,2.83872,2.91184,2.82478,2.83872,2.91184,1,1.26635,2.83872
24x24_2T,24x24,2,392,784,14,28,48,24,1152,xios.context_finalize,0.4924,0.49615,0.5,0.4924,0.49615,0.5,1,0.22133,0.49615
24x24_2T,24x24,2,392,784,14,28,48,24,1152,xios.update_calendar,0.66451,0.68425,0.73747,0.66451,0.68425,0.73747,182,0.30524,0.00376
24x24_4T,24x24,4,196,784,14,14,48,48,2304,__lfric_atm__,254.369,254.37005,254.371,0.00303,0.00528,0.00788,1,0.00208,254.37005
24x24_4T,24x24,4,196,784,14,14,48,48,2304,__setup__,35.0341,35.21605,35.3104,7e-05,0.00049,0.00105,1,0.00019,35.21605
24x24_4T,24x24,4,196,784,14,14,48,48,2304,__vernier__,0.21314,0.25247,0.26847,0.21314,0.25247,0.26847,621543,0.09925,0.0
24x24_4T,24x24,4,196,784,14,14,48,48,2304,aerosol.glomap_clim,2.23699,2.69989,2.82052,2.23663,2.69951,2.8201,180,1.06125,0.015
24x24_4T,24x24,4,196,784,14,14,48,48,2304,aerosol.radaer,0.54009,0.69452,0.76777,0.53983,0.69419,0.76745,3,0.2729,0.23151
24x24_4T,24x24,4,196,784,14,14,48,48,2304,aerosol.stratosphere,0.00561,0.00901,0.01554,0.00561,0.00901,0.01554,180,0.00354,5e-05
24x24_4T,24x24,4,196,784,14,14,48,48,2304,bl.explicit,4.46029,9.75148,16.3019,2.78269,3.6254,4.23119,360,1.42525,0.02709
24x24_4T,24x24,4,196,784,14,14,48,48,2304,bl.implicit,16.8972,22.14221,28.4367,14.8642,20.80145,27.5552,360,8.17764,0.06151
24x24_4T,24x24,4,196,784,14,14,48,48,2304,cloud,2.22343,5.18271,8.76346,2.20994,5.16832,8.75001,180,2.03181,0.02879
24x24_4T,24x24,4,196,784,14,14,48,48,2304,cloud.bm_tau,0.68545,0.87381,1.02754,0.68545,0.87381,1.02754,180,0.34352,0.00485
24x24_4T,24x24,4,196,784,14,14,48,48,2304,diags.bl_exp,0.03388,0.04382,0.04996,0.00437,0.00604,0.00888,360,0.00237,0.00012
24x24_4T,24x24,4,196,784,14,14,48,48,2304,diags.bl_imp,0.07611,0.09518,0.12073,0.05309,0.06402,0.07501,540,0.02517,0.00018
24x24_4T,24x24,4,196,784,14,14,48,48,2304,diags.blpert,0.00412,0.00548,0.00824,4e-05,6e-05,0.00032,360,2e-05,2e-05
24x24_4T,24x24,4,196,784,14,14,48,48,2304,diags.casim,0.03051,0.038,0.04932,0.01257,0.01743,0.02474,360,0.00685,0.00011
24x24_4T,24x24,4,196,784,14,14,48,48,2304,diags.cloud,0.05451,0.06682,0.08073,0.04784,0.05496,0.06441,360,0.0216,0.00019
24x24_4T,24x24,4,196,784,14,14,48,48,2304,diags.dynamics,0.02926,0.0308,0.03345,0.02773,0.02924,0.03178,180,0.01149,0.00017
24x24_4T,24x24,4,196,784,14,14,48,48,2304,diags.electric,0.0086,0.00987,0.01334,0.00739,0.00837,0.01118,360,0.00329,3e-05
24x24_4T,24x24,4,196,784,14,14,48,48,2304,diags.glomap_clim,0.02014,0.02641,0.03257,0.0004,0.00068,0.00105,180,0.00027,0.00015
24x24_4T,24x24,4,196,784,14,14,48,48,2304,diags.illuminate,0.00398,0.00663,0.01287,7e-05,0.00015,0.00069,180,6e-05,4e-05
24x24_4T,24x24,4,196,784,14,14,48,48,2304,diags.jules_exp,0.01653,0.18646,0.37477,0.00546,0.0063,0.00718,360,0.00248,0.00052
24x24_4T,24x24,4,196,784,14,14,48,48,2304,diags.jules_imp,0.02863,0.04573,0.059,0.00782,0.01064,0.01634,360,0.00418,0.00013
24x24_4T,24x24,4,196,784,14,14,48,48,2304,diags.jules_seaice,0.00348,0.00541,0.00982,0.00092,0.00144,0.003,180,0.00057,3e-05
24x24_4T,24x24,4,196,784,14,14,48,48,2304,diags.jules_snow,0.00787,0.01054,0.01821,0.0037,0.00471,0.00579,360,0.00185,3e-05
24x24_4T,24x24,4,196,784,14,14,48,48,2304,diags.jules_soil,0.0121,0.01736,0.02886,0.0068,0.00769,0.0085,360,0.00302,5e-05
24x24_4T,24x24,4,196,784,14,14,48,48,2304,diags.locate_tropopause,0.00173,0.00213,0.00277,2e-05,2e-05,7e-05,180,1e-05,1e-05
24x24_4T,24x24,4,196,784,14,14,48,48,2304,diags.microphysics,0.01804,0.02485,0.03387,0.00011,0.00021,0.001,180,8e-05,0.00014
24x24_4T,24x24,4,196,784,14,14,48,48,2304,diags.pmsl,0.08098,0.08682,0.09651,0.03896,0.05538,0.06242,180,0.02177,0.00048
24x24_4T,24x24,4,196,784,14,14,48,48,2304,diags.pressure_lev,0.02095,0.02602,0.02779,0.02023,0.02508,0.02691,180,0.00986,0.00014
24x24_4T,24x24,4,196,784,14,14,48,48,2304,diags.radaer,0.00028,0.00035,0.00069,0.00026,0.00034,0.00067,9,0.00013,4e-05
24x24_4T,24x24,4,196,784,14,14,48,48,2304,diags.radiation,0.17505,0.3196,0.56303,0.1045,0.11659,0.13308,360,0.04584,0.00089
24x24_4T,24x24,4,196,784,14,14,48,48,2304,diags.smagorinsky,0.00802,0.00989,0.01325,9e-05,0.00015,0.00038,360,6e-05,3e-05
24x24_4T,24x24,4,196,784,14,14,48,48,2304,dynamics.compute_si_operators,15.2496,15.42865,16.2057,9.4862,12.55028,13.1164,180,4.93387,0.08571
24x24_4T,24x24,4,196,784,14,14,48,48,2304,dynamics.phys_predictors,3.88563,5.02973,6.15834,0.30011,0.46414,0.58298,360,0.18247,0.01397
24x24_4T,24x24,4,196,784,14,14,48,48,2304,dynamics.rhs_alg,7.73444,8.65186,10.3392,5.00914,6.55861,6.99834,900,2.57837,0.00961
24x24_4T,24x24,4,196,784,14,14,48,48,2304,dynamics.rhs_lbc,0.94292,1.04832,1.13072,0.56267,0.85688,0.94452,180,0.33686,0.00582
24x24_4T,24x24,4,196,784,14,14,48,48,2304,dynamics.solver,15.5147,15.63501,15.8522,1.96597,2.7489,2.9274,720,1.08067,0.02172
24x24_4T,24x24,4,196,784,14,14,48,48,2304,dynamics.transport,49.7434,50.03117,52.193,3.14361,3.53128,3.73701,360,1.38825,0.13898
24x24_4T,24x24,4,196,784,14,14,48,48,2304,dynamics.transport_predictors,2.03843,2.14178,2.26629,0.08134,0.1098,0.12828,180,0.04317,0.0119
24x24_4T,24x24,4,196,784,14,14,48,48,2304,electric,0.26019,0.30776,0.36216,0.11523,0.1411,0.18768,180,0.05547,0.00171
24x24_4T,24x24,4,196,784,14,14,48,48,2304,fast_physics,33.2206,33.64617,34.5494,0.71797,0.84229,1.03308,360,0.33113,0.09346
24x24_4T,24x24,4,196,784,14,14,48,48,2304,field.halo_ex_1,19.5799,31.81724,50.3997,11.0935,23.30115,41.4587,46335,9.16034,0.00069
24x24_4T,24x24,4,196,784,14,14,48,48,2304,field.halo_ex_2,0.48633,0.87499,2.65094,0.35676,0.67492,2.29943,1986,0.26533,0.00044
24x24_4T,24x24,4,196,784,14,14,48,48,2304,field.halo_ex_6,0.40658,0.4409,0.51,0.09084,0.12588,0.19252,255,0.04949,0.00173
24x24_4T,24x24,4,196,784,14,14,48,48,2304,field.halo_ex_7,1.80315,2.16206,3.11086,1.48639,1.84676,2.79903,4849,0.72601,0.00045
24x24_4T,24x24,4,196,784,14,14,48,48,2304,field.halo_ex_8,4.19827,5.46198,7.08309,3.95747,5.21419,6.84754,11894,2.04984,0.00046
24x24_4T,24x24,4,196,784,14,14,48,48,2304,field.initialise,0.54026,0.65301,0.81651,0.54026,0.65301,0.81651,379328,0.25672,0.0
24x24_4T,24x24,4,196,784,14,14,48,48,2304,field.read,25.3044,25.70174,25.8163,2e-05,4e-05,0.00015,62,2e-05,0.41454
24x24_4T,24x24,4,196,784,14,14,48,48,2304,field.write,0.42693,0.7191,0.96797,0.09932,0.11821,0.1323,37951,0.04647,2e-05
24x24_4T,24x24,4,196,784,14,14,48,48,2304,fs.constructor,0.03343,0.04617,0.05367,0.03343,0.04617,0.05367,71,0.01815,0.00065
24x24_4T,24x24,4,196,784,14,14,48,48,2304,gungho_diagnostics_driver,9.10997,9.54584,9.73214,7.27738,8.96574,9.15348,181,3.52468,0.05274
24x24_4T,24x24,4,196,784,14,14,48,48,2304,gungho_driver.finalise,0.45081,0.45097,0.45123,0.02211,0.02954,0.03281,1,0.01161,0.45097
24x24_4T,24x24,4,196,784,14,14,48,48,2304,gungho_driver.first_timestep,13.0995,13.19349,13.3752,4e-05,0.00012,0.0002,1,5e-05,13.19349
24x24_4T,24x24,4,196,784,14,14,48,48,2304,gungho_driver.initialise,35.0333,35.21557,35.3103,1.97723,2.31196,2.55653,1,0.9089,35.21557
24x24_4T,24x24,4,196,784,14,14,48,48,2304,gungho_driver.mesh_init,1.22799,1.2529,1.26436,1.22799,1.2529,1.26436,1,0.49255,1.2529
24x24_4T,24x24,4,196,784,14,14,48,48,2304,gungho_driver.timestep,204.784,204.798,204.822,0.00188,0.00264,0.00365,179,0.00104,1.14412
24x24_4T,24x24,4,196,784,14,14,48,48,2304,gungho_timestep,206.865,207.08666,207.946,0.01587,0.02293,0.02705,180,0.00901,1.15048
24x24_4T,24x24,4,196,784,14,14,48,48,2304,halo_routing_creation,9.37098,9.5665,10.2192,9.37098,9.5665,10.2192,65319,3.76086,0.00015
24x24_4T,24x24,4,196,784,14,14,48,48,2304,init_lbcs,0.13373,0.1512,0.26381,0.03275,0.05146,0.13572,1,0.02023,0.1512
24x24_4T,24x24,4,196,784,14,14,48,48,2304,jules.explicit,0.36206,0.92124,2.1632,0.35533,0.9137,2.15483,180,0.3592,0.00512
24x24_4T,24x24,4,196,784,14,14,48,48,2304,jules.extra,0.02813,0.3427,1.20039,0.01668,0.32965,1.1864,180,0.12959,0.0019
24x24_4T,24x24,4,196,784,14,14,48,48,2304,jules.implicit,0.48753,1.19045,2.39952,0.47861,1.17837,2.38657,720,0.46325,0.00165
24x24_4T,24x24,4,196,784,14,14,48,48,2304,jules.radiation,0.18163,0.22691,0.34317,0.16531,0.20767,0.31013,180,0.08164,0.00126
24x24_4T,24x24,4,196,784,14,14,48,48,2304,leonard_term,0.56414,1.29869,2.81689,0.27292,0.3499,0.43989,180,0.13756,0.00721
24x24_4T,24x24,4,196,784,14,14,48,48,2304,lfric_xios.finalise_context,0.41808,0.42143,0.4289,1e-05,8e-05,0.00013,1,3e-05,0.42143
24x24_4T,24x24,4,196,784,14,14,48,48,2304,lfric_xios.init_context,0.1414,0.31845,0.50288,0.11977,0.29631,0.47623,1,0.11649,0.31845
24x24_4T,24x24,4,196,784,14,14,48,48,2304,lfric_xios.read_fldg,25.3044,25.70168,25.8162,25.2567,25.63503,25.6753,62,10.07785,0.41454
24x24_4T,24x24,4,196,784,14,14,48,48,2304,lfric_xios.write_fldg,0.32471,0.60077,0.84821,0.32471,0.60077,0.84821,211,0.23618,0.00285
24x24_4T,24x24,4,196,784,14,14,48,48,2304,locate_tropopause,0.02235,0.02654,0.03384,0.0216,0.02554,0.03263,180,0.01004,0.00015
24x24_4T,24x24,4,196,784,14,14,48,48,2304,mappings.map_physics_fields,6.26335,9.83996,12.8583,6.11269,8.45472,11.5542,181,3.32379,0.05436
24x24_4T,24x24,4,196,784,14,14,48,48,2304,mappings.set_wind,6.75186,7.10046,10.0389,0.15155,0.32948,0.46551,180,0.12953,0.03945
24x24_4T,24x24,4,196,784,14,14,48,48,2304,mass_matrix_solver_alg,5.60775,6.72086,7.99259,3.82724,4.75303,5.11255,1082,1.86855,0.00621
24x24_4T,24x24,4,196,784,14,14,48,48,2304,microphysics.casim,18.5544,24.92287,30.7751,18.5383,24.90838,30.7606,180,9.79218,0.13846
24x24_4T,24x24,4,196,784,14,14,48,48,2304,microphysics.casim_activate,0.01658,0.02516,0.03411,0.01523,0.02373,0.03236,181,0.00933,0.00014
24x24_4T,24x24,4,196,784,14,14,48,48,2304,mixed_solver.schur_precon,12.0897,12.25559,12.7081,0.00309,0.00498,0.00699,720,0.00196,0.01702
24x24_4T,24x24,4,196,784,14,14,48,48,2304,pressure_solver.helmholtz_lhs,6.33276,6.64592,8.05688,4.66057,5.43438,5.54323,19440,2.13641,0.00034
24x24_4T,24x24,4,196,784,14,14,48,48,2304,radiation.illuminate,0.1073,0.12309,0.18189,0.1073,0.12309,0.18189,180,0.04839,0.00068
24x24_4T,24x24,4,196,784,14,14,48,48,2304,radiation.lw,2.01448,3.01394,3.3346,2.01448,3.01394,3.3346,180,1.18487,0.01674
24x24_4T,24x24,4,196,784,14,14,48,48,2304,radiation.sw,0.02433,0.03396,0.04634,0.02433,0.03396,0.04634,180,0.01335,0.00019
24x24_4T,24x24,4,196,784,14,14,48,48,2304,runtime_constants.dycore,1.19801,1.57713,1.62298,1.198,1.57711,1.62297,13,0.62001,0.12132
24x24_4T,24x24,4,196,784,14,14,48,48,2304,runtime_constants.fem,0.97973,1.08069,1.2682,0.6461,0.85706,0.8974,31,0.33694,0.03486
24x24_4T,24x24,4,196,784,14,14,48,48,2304,runtime_constants.geometric,0.4857,0.53897,0.66385,0.21209,0.28629,0.30037,26,0.11255,0.02073
24x24_4T,24x24,4,196,784,14,14,48,48,2304,runtime_constants.limited_area,0.03284,0.0419,0.05766,0.00418,0.01112,0.01606,15,0.00437,0.00279
24x24_4T,24x24,4,196,784,14,14,48,48,2304,runtime_constants.mapping,0.07201,0.0934,0.09819,0.07201,0.0934,0.09819,1,0.03672,0.0934
24x24_4T,24x24,4,196,784,14,14,48,48,2304,runtime_constants.physics,0.56127,0.56484,0.5672,0.00171,0.00475,0.00625,1,0.00187,0.56484
24x24_4T,24x24,4,196,784,14,14,48,48,2304,runtime_constants.solver,0.00149,0.00195,0.00289,0.00148,0.00194,0.00287,16,0.00076,0.00012
24x24_4T,24x24,4,196,784,14,14,48,48,2304,runtime_constants.transport,0.00224,0.00296,0.00453,0.00223,0.00294,0.00451,4,0.00115,0.00074
24x24_4T,24x24,4,196,784,14,14,48,48,2304,schur_precon.back_sub,1.32362,1.41589,1.47966,0.77474,1.02529,1.07548,720,0.40307,0.00197
24x24_4T,24x24,4,196,784,14,14,48,48,2304,schur_precon.pressure_solver,9.09751,9.38903,10.3655,2.27271,2.72883,2.81923,720,1.07278,0.01304
24x24_4T,24x24,4,196,784,14,14,48,48,2304,schur_precon.rhs,1.01096,1.44187,1.53728,1.00488,1.43523,1.53136,720,0.56423,0.002
24x24_4T,24x24,4,196,784,14,14,48,48,2304,semi_implicit_timestep,206.844,207.06321,207.927,4.77423,6.27972,6.58913,180,2.46873,1.15035
24x24_4T,24x24,4,196,784,14,14,48,48,2304,slow_physics,53.6111,53.66452,53.8391,0.63174,1.04483,2.44217,180,0.41075,0.29814
24x24_4T,24x24,4,196,784,14,14,48,48,2304,smagorinsky,3.61247,6.50547,10.5563,1.6128,2.12792,2.50342,360,0.83654,0.01807
24x24_4T,24x24,4,196,784,14,14,48,48,2304,solver.mixed_solver,12.5933,12.71005,13.0186,0.29708,0.43698,0.50725,720,0.17179,0.01765
24x24_4T,24x24,4,196,784,14,14,48,48,2304,stoch_phys.blpert,0.10009,3.73646,10.7043,0.05483,0.06758,0.08528,360,0.02657,0.01038
24x24_4T,24x24,4,196,784,14,14,48,48,2304,transport.controller_init,1.92284,2.09221,2.73364,1.00338,1.19225,2.0472,360,0.46871,0.00581
24x24_4T,24x24,4,196,784,14,14,48,48,2304,transport.ffsl_horizontal,11.6407,11.98845,12.4007,6.14445,7.32846,8.71272,2340,2.88102,0.00512
24x24_4T,24x24,4,196,784,14,14,48,48,2304,transport.ffsl_vertical,3.79068,4.27649,4.44239,3.2661,3.67632,3.84971,7200,1.44526,0.00059
24x24_4T,24x24,4,196,784,14,14,48,48,2304,transport.flux_precomp,2.31339,2.75556,2.90889,0.89076,1.09544,1.14363,8460,0.43065,0.00033
24x24_4T,24x24,4,196,784,14,14,48,48,2304,transport.flux_precomp_init,0.44022,0.59372,0.63262,0.42769,0.58093,0.62096,3244,0.22838,0.00018
24x24_4T,24x24,4,196,784,14,14,48,48,2304,transport.hori_dep_pts,1.35848,1.63658,1.77636,0.68878,0.88135,0.95964,1080,0.34648,0.00152
24x24_4T,24x24,4,196,784,14,14,48,48,2304,transport.sl_horizontal,8.1174,8.32173,8.64592,3.35984,4.09686,4.2326,2700,1.61059,0.00308
24x24_4T,24x24,4,196,784,14,14,48,48,2304,transport.sl_vertical,5.65847,5.82897,6.19994,1.20884,1.57002,1.71797,2880,0.61722,0.00202
24x24_4T,24x24,4,196,784,14,14,48,48,2304,transport.wind,17.5558,17.91502,18.1031,4.54885,5.8621,6.12554,360,2.30455,0.04976
24x24_4T,24x24,4,196,784,14,14,48,48,2304,transport.wind_precomp,2.80597,3.01848,4.03187,1.83658,2.16143,2.2605,2160,0.84972,0.0014
24x24_4T,24x24,4,196,784,14,14,48,48,2304,transport.wind_precomp_final,6.66365,7.01562,9.22263,6.66365,7.01562,9.22263,2160,2.75804,0.00325
24x24_4T,24x24,4,196,784,14,14,48,48,2304,transport.wind_precomp_init,0.58971,0.84543,0.92694,0.57838,0.83241,0.91421,360,0.32724,0.00235
24x24_4T,24x24,4,196,784,14,14,48,48,2304,update_lbcs,1.19133,1.51217,1.61999,1.10802,1.43631,1.54649,180,0.56465,0.0084
24x24_4T,24x24,4,196,784,14,14,48,48,2304,xios.close_context_definition,4.35491,4.38699,4.76272,4.35491,4.38699,4.76272,1,1.72465,4.38699
24x24_4T,24x24,4,196,784,14,14,48,48,2304,xios.context_finalize,0.41802,0.42135,0.42882,0.41802,0.42135,0.42882,1,0.16564,0.42135
24x24_4T,24x24,4,196,784,14,14,48,48,2304,xios.update_calendar,0.68619,0.70761,0.74324,0.68619,0.70761,0.74324,182,0.27818,0.00389
16x16_1T,16x16,1,1764,1764,42,42,16,16,256,__lfric_atm__,128.47,128.47264,128.475,0.00293,0.00888,0.01443,1,0.00691,128.47264
16x16_1T,16x16,1,1764,1764,42,42,16,16,256,__setup__,32.7221,32.77863,32.8538,8e-05,0.0026,0.00865,1,0.00202,32.77863
16x16_1T,16x16,1,1764,1764,42,42,16,16,256,__vernier__,0.12981,0.20011,0.22354,0.12981,0.20011,0.22354,624263,0.15576,0.0
16x16_1T,16x16,1,1764,1764,42,42,16,16,256,aerosol.glomap_clim,0.98681,1.2877,1.35025,0.98662,1.2874,1.34999,180,1.00208,0.00715
16x16_1T,16x16,1,1764,1764,42,42,16,16,256,aerosol.radaer,0.24076,0.3152,0.36282,0.24048,0.31474,0.36242,3,0.24498,0.10507
16x16_1T,16x16,1,1764,1764,42,42,16,16,256,aerosol.stratosphere,0.00163,0.00532,0.0102,0.00163,0.00532,0.0102,180,0.00414,3e-05
16x16_1T,16x16,1,1764,1764,42,42,16,16,256,bl.explicit,2.08522,3.38834,5.21159,1.12434,1.64477,2.00282,360,1.28025,0.00941
16x16_1T,16x16,1,1764,1764,42,42,16,16,256,bl.implicit,4.81103,6.60744,7.57907,4.42754,5.99394,6.96688,360,4.66553,0.01835
16x16_1T,16x16,1,1764,1764,42,42,16,16,256,cloud,0.48839,0.87751,1.35521,0.47673,0.86517,1.34236,180,0.67343,0.00488
16x16_1T,16x16,1,1764,1764,42,42,16,16,256,cloud.bm_tau,0.21963,0.31641,0.37393,0.21963,0.31641,0.37393,180,0.24629,0.00176
16x16_1T,16x16,1,1764,1764,42,42,16,16,256,diags.bl_exp,0.01766,0.02369,0.02928,0.00403,0.00615,0.00931,360,0.00478,7e-05
16x16_1T,16x16,1,1764,1764,42,42,16,16,256,diags.bl_imp,0.07218,0.1059,0.16091,0.05165,0.06661,0.07582,540,0.05184,0.0002
16x16_1T,16x16,1,1764,1764,42,42,16,16,256,diags.blpert,0.00386,0.00519,0.00652,4e-05,5e-05,9e-05,360,4e-05,1e-05
16x16_1T,16x16,1,1764,1764,42,42,16,16,256,diags.casim,0.01893,0.02945,0.03719,0.00966,0.01574,0.01853,360,0.01225,8e-05
16x16_1T,16x16,1,1764,1764,42,42,16,16,256,diags.cloud,0.09694,0.1289,0.15357,0.03982,0.05306,0.05819,360,0.0413,0.00036
16x16_1T,16x16,1,1764,1764,42,42,16,16,256,diags.dynamics,0.02762,0.03492,0.04001,0.02622,0.03316,0.03829,180,0.02581,0.00019
16x16_1T,16x16,1,1764,1764,42,42,16,16,256,diags.electric,0.00835,0.01204,0.01619,0.0072,0.01046,0.01424,360,0.00814,3e-05
16x16_1T,16x16,1,1764,1764,42,42,16,16,256,diags.glomap_clim,0.01633,0.02461,0.03303,0.00035,0.00104,0.00281,180,0.00081,0.00014
16x16_1T,16x16,1,1764,1764,42,42,16,16,256,diags.illuminate,0.00344,0.00498,0.00677,5e-05,8e-05,0.00016,180,7e-05,3e-05
16x16_1T,16x16,1,1764,1764,42,42,16,16,256,diags.jules_exp,0.01675,0.29969,0.38469,0.00549,0.00746,0.00898,360,0.00581,0.00083
16x16_1T,16x16,1,1764,1764,42,42,16,16,256,diags.jules_imp,0.01397,0.01831,0.02376,0.0065,0.0093,0.01224,360,0.00724,5e-05
16x16_1T,16x16,1,1764,1764,42,42,16,16,256,diags.jules_seaice,0.00302,0.00483,0.00833,0.00052,0.00099,0.00231,180,0.00077,3e-05
16x16_1T,16x16,1,1764,1764,42,42,16,16,256,diags.jules_snow,0.00725,0.01161,0.0611,0.00338,0.00431,0.00497,360,0.00335,3e-05
16x16_1T,16x16,1,1764,1764,42,42,16,16,256,diags.jules_soil,0.01364,0.0609,0.18276,0.00645,0.00857,0.01005,360,0.00667,0.00017
16x16_1T,16x16,1,1764,1764,42,42,16,16,256,diags.locate_tropopause,0.00118,0.00207,0.00273,1e-05,2e-05,6e-05,180,1e-05,1e-05
16x16_1T,16x16,1,1764,1764,42,42,16,16,256,diags.microphysics,0.01074,0.01607,0.02296,6e-05,0.00011,0.00021,180,9e-05,9e-05
16x16_1T,16x16,1,1764,1764,42,42,16,16,256,diags.pmsl,0.09303,0.1041,0.12158,0.02061,0.04438,0.07334,180,0.03455,0.00058
16x16_1T,16x16,1,1764,1764,42,42,16,16,256,diags.pressure_lev,0.01964,0.02629,0.0327,0.01895,0.02539,0.03158,180,0.01976,0.00015
16x16_1T,16x16,1,1764,1764,42,42,16,16,256,diags.radaer,0.00027,0.00075,0.00251,0.00025,0.00073,0.00249,9,0.00057,8e-05
16x16_1T,16x16,1,1764,1764,42,42,16,16,256,diags.radiation,0.2527,0.44131,0.57725,0.10321,0.1421,0.15484,360,0.11061,0.00123
16x16_1T,16x16,1,1764,1764,42,42,16,16,256,diags.smagorinsky,0.00446,0.0072,0.00995,6e-05,9e-05,0.00021,360,7e-05,2e-05
16x16_1T,16x16,1,1764,1764,42,42,16,16,256,dynamics.compute_si_operators,8.61041,8.94328,9.64665,3.87215,6.65316,7.01345,180,5.17866,0.04968
16x16_1T,16x16,1,1764,1764,42,42,16,16,256,dynamics.phys_predictors,1.45027,2.44993,3.957,0.09916,0.13448,0.17183,360,0.10467,0.00681
16x16_1T,16x16,1,1764,1764,42,42,16,16,256,dynamics.rhs_alg,3.26867,4.43254,6.3941,1.486,2.70638,3.1037,900,2.10658,0.00493
16x16_1T,16x16,1,1764,1764,42,42,16,16,256,dynamics.rhs_lbc,0.40675,0.46606,0.51845,0.16244,0.35231,0.40545,180,0.27423,0.00259
16x16_1T,16x16,1,1764,1764,42,42,16,16,256,dynamics.solver,7.08523,7.27686,7.42459,0.52446,1.13897,1.26172,720,0.88655,0.01011
16x16_1T,16x16,1,1764,1764,42,42,16,16,256,dynamics.transport,28.5083,30.76286,33.4119,1.40643,1.59148,1.74271,360,1.23877,0.08545
16x16_1T,16x16,1,1764,1764,42,42,16,16,256,dynamics.transport_predictors,0.74085,0.8418,0.94442,0.01803,0.04146,0.05367,180,0.03227,0.00468
16x16_1T,16x16,1,1764,1764,42,42,16,16,256,electric,0.22412,0.2502,0.30818,0.04102,0.06391,0.09773,180,0.04975,0.00139
16x16_1T,16x16,1,1764,1764,42,42,16,16,256,fast_physics,11.0328,11.8955,13.0517,0.50989,1.10508,2.58052,360,0.86017,0.03304
16x16_1T,16x16,1,1764,1764,42,42,16,16,256,field.halo_ex_1,9.13062,13.05308,29.533,6.64022,10.55963,26.5667,46335,8.21937,0.00028
16x16_1T,16x16,1,1764,1764,42,42,16,16,256,field.halo_ex_2,0.39089,0.75428,2.80955,0.22376,0.58517,2.69726,1986,0.45548,0.00038
16x16_1T,16x16,1,1764,1764,42,42,16,16,256,field.halo_ex_6,0.39184,0.41664,0.46441,0.1011,0.12427,0.17719,365,0.09673,0.00114
16x16_1T,16x16,1,1764,1764,42,42,16,16,256,field.halo_ex_7,1.48818,1.70911,2.32242,1.18631,1.4072,2.02631,5084,1.09533,0.00034
16x16_1T,16x16,1,1764,1764,42,42,16,16,256,field.halo_ex_8,2.71246,3.41314,4.25634,2.55888,3.26138,4.11827,11549,2.53858,0.0003
16x16_1T,16x16,1,1764,1764,42,42,16,16,256,field.initialise,0.29793,0.46537,0.56822,0.29793,0.46537,0.56822,382052,0.36223,0.0
16x16_1T,16x16,1,1764,1764,42,42,16,16,256,field.read,25.2201,25.27215,25.3213,2e-05,0.00011,0.00255,62,8e-05,0.40762
16x16_1T,16x16,1,1764,1764,42,42,16,16,256,field.write,0.58766,1.17374,1.61015,0.08612,0.12117,0.1357,37951,0.09432,3e-05
16x16_1T,16x16,1,1764,1764,42,42,16,16,256,fs.constructor,0.00853,0.0182,0.02378,0.00853,0.0182,0.02378,71,0.01417,0.00026
16x16_1T,16x16,1,1764,1764,42,42,16,16,256,gungho_diagnostics_driver,4.33643,4.8843,5.20282,3.09337,4.2538,4.51527,181,3.31106,0.02699
16x16_1T,16x16,1,1764,1764,42,42,16,16,256,gungho_driver.finalise,0.40753,0.55729,0.5594,0.02435,0.17357,0.17941,1,0.1351,0.55729
16x16_1T,16x16,1,1764,1764,42,42,16,16,256,gungho_driver.first_timestep,5.05989,5.13613,5.19187,3e-05,9e-05,0.00078,1,7e-05,5.13613
16x16_1T,16x16,1,1764,1764,42,42,16,16,256,gungho_driver.initialise,32.7188,32.77603,32.8535,0.78747,1.12309,1.27196,1,0.87419,32.77603
16x16_1T,16x16,1,1764,1764,42,42,16,16,256,gungho_driver.mesh_init,0.91444,0.96586,0.9898,0.91444,0.96586,0.9898,1,0.7518,0.96586
16x16_1T,16x16,1,1764,1764,42,42,16,16,256,gungho_driver.timestep,89.1123,89.17045,89.3221,0.00149,0.0025,0.00358,179,0.00195,0.49816
16x16_1T,16x16,1,1764,1764,42,42,16,16,256,gungho_timestep,88.6358,88.98734,89.8037,0.00851,0.01574,0.02299,180,0.01225,0.49437
16x16_1T,16x16,1,1764,1764,42,42,16,16,256,halo_routing_creation,3.18669,3.38749,3.94811,3.18669,3.38749,3.94811,65319,2.63674,5e-05
16x16_1T,16x16,1,1764,1764,42,42,16,16,256,init_lbcs,0.08658,0.11867,0.1997,0.00586,0.02788,0.10065,1,0.0217,0.11867
16x16_1T,16x16,1,1764,1764,42,42,16,16,256,jules.explicit,0.1609,0.39413,0.94213,0.15418,0.38508,0.93248,180,0.29973,0.00219
16x16_1T,16x16,1,1764,1764,42,42,16,16,256,jules.extra,0.02384,0.15924,0.44899,0.01341,0.14571,0.43496,180,0.11342,0.00088
16x16_1T,16x16,1,1764,1764,42,42,16,16,256,jules.implicit,0.24473,0.5004,0.88899,0.23757,0.49091,0.87909,720,0.38212,0.00069
16x16_1T,16x16,1,1764,1764,42,42,16,16,256,jules.radiation,0.06388,0.11608,0.16295,0.05448,0.10527,0.15359,180,0.08194,0.00064
16x16_1T,16x16,1,1764,1764,42,42,16,16,256,leonard_term,0.26303,0.56929,1.43522,0.08377,0.13845,0.17101,180,0.10777,0.00316
16x16_1T,16x16,1,1764,1764,42,42,16,16,256,lfric_xios.finalise_context,0.37893,0.38371,0.38629,3e-05,8e-05,0.00012,1,6e-05,0.38371
16x16_1T,16x16,1,1764,1764,42,42,16,16,256,lfric_xios.init_context,0.27396,0.40378,0.67629,0.25428,0.38196,0.64834,1,0.29731,0.40378
16x16_1T,16x16,1,1764,1764,42,42,16,16,256,lfric_xios.read_fldg,25.22,25.27203,25.3212,25.2009,25.23776,25.2503,62,19.64446,0.40761
16x16_1T,16x16,1,1764,1764,42,42,16,16,256,lfric_xios.write_fldg,0.46836,1.05246,1.48949,0.46836,1.05246,1.48949,211,0.81921,0.00499
16x16_1T,16x16,1,1764,1764,42,42,16,16,256,locate_tropopause,0.00933,0.01409,0.01796,0.00883,0.01328,0.01696,180,0.01034,8e-05
16x16_1T,16x16,1,1764,1764,42,42,16,16,256,mappings.map_physics_fields,3.6182,4.08012,4.5841,3.38582,3.87152,4.40288,181,3.0135,0.02254
16x16_1T,16x16,1,1764,1764,42,42,16,16,256,mappings.set_wind,0.41339,0.55969,1.19779,0.04885,0.08892,0.13677,180,0.06922,0.00311
16x16_1T,16x16,1,1764,1764,42,42,16,16,256,mass_matrix_solver_alg,2.19293,3.17561,4.7024,1.15583,1.6795,1.85984,1082,1.30728,0.00293
16x16_1T,16x16,1,1764,1764,42,42,16,16,256,microphysics.casim,2.53045,3.63026,4.64652,2.51734,3.61571,4.63004,180,2.81438,0.02017
16x16_1T,16x16,1,1764,1764,42,42,16,16,256,microphysics.casim_activate,0.00618,0.01145,0.01803,0.00488,0.01,0.01652,181,0.00778,6e-05
16x16_1T,16x16,1,1764,1764,42,42,16,16,256,mixed_solver.schur_precon,5.57949,5.80589,6.12821,0.00143,0.00318,0.00537,720,0.00247,0.00806
16x16_1T,16x16,1,1764,1764,42,42,16,16,256,pressure_solver.helmholtz_lhs,3.19827,3.40882,4.40776,2.06178,2.52353,2.60889,19440,1.96425,0.00018
16x16_1T,16x16,1,1764,1764,42,42,16,16,256,radiation.illuminate,0.03528,0.05402,0.09245,0.03528,0.05402,0.09245,180,0.04205,0.0003
16x16_1T,16x16,1,1764,1764,42,42,16,16,256,radiation.lw,0.69005,1.16502,1.34584,0.69005,1.16502,1.34584,180,0.90682,0.00647
16x16_1T,16x16,1,1764,1764,42,42,16,16,256,radiation.sw,0.00626,0.01884,0.03067,0.00626,0.01884,0.03067,180,0.01466,0.0001
16x16_1T,16x16,1,1764,1764,42,42,16,16,256,runtime_constants.dycore,0.57026,0.82321,0.87412,0.57025,0.8232,0.87411,13,0.64076,0.06332
16x16_1T,16x16,1,1764,1764,42,42,16,16,256,runtime_constants.fem,0.6058,0.68339,0.77098,0.3109,0.46907,0.55297,31,0.36511,0.02204
16x16_1T,16x16,1,1764,1764,42,42,16,16,256,runtime_constants.geometric,0.35973,0.4349,0.64559,0.09923,0.15225,0.16474,26,0.1185,0.01673
16x16_1T,16x16,1,1764,1764,42,42,16,16,256,runtime_constants.limited_area,0.04248,0.06001,0.07286,0.00108,0.00995,0.01722,15,0.00775,0.004
16x16_1T,16x16,1,1764,1764,42,42,16,16,256,runtime_constants.mapping,0.03352,0.04799,0.06188,0.03352,0.04799,0.06188,1,0.03736,0.04799
16x16_1T,16x16,1,1764,1764,42,42,16,16,256,runtime_constants.physics,0.48359,0.4905,0.4986,0.00043,0.006,0.01393,1,0.00467,0.4905
16x16_1T,16x16,1,1764,1764,42,42,16,16,256,runtime_constants.solver,0.00046,0.00074,0.00154,0.00045,0.00073,0.00153,16,0.00057,5e-05
16x16_1T,16x16,1,1764,1764,42,42,16,16,256,runtime_constants.transport,0.00081,0.00237,0.00823,0.00079,0.00235,0.00821,4,0.00183,0.00059
16x16_1T,16x16,1,1764,1764,42,42,16,16,256,schur_precon.back_sub,0.48421,0.64831,0.72279,0.16218,0.43089,0.48937,720,0.33539,0.0009
16x16_1T,16x16,1,1764,1764,42,42,16,16,256,schur_precon.pressure_solver,4.46957,4.67613,5.42577,1.00838,1.25586,1.28917,720,0.97753,0.00649
16x16_1T,16x16,1,1764,1764,42,42,16,16,256,schur_precon.rhs,0.18955,0.47438,0.52468,0.1872,0.46912,0.51841,720,0.36515,0.00066
16x16_1T,16x16,1,1764,1764,42,42,16,16,256,semi_implicit_timestep,88.624,88.9711,89.794,1.56507,2.68828,2.822,180,2.09249,0.49428
16x16_1T,16x16,1,1764,1764,42,42,16,16,256,slow_physics,13.724,13.85472,14.149,0.6535,0.95784,2.00258,180,0.74556,0.07697
16x16_1T,16x16,1,1764,1764,42,42,16,16,256,smagorinsky,1.97991,2.98992,4.03855,0.40661,0.69614,0.85271,360,0.54186,0.00831
16x16_1T,16x16,1,1764,1764,42,42,16,16,256,solver.mixed_solver,5.81299,6.00645,6.24508,0.08645,0.18275,0.21723,720,0.14225,0.00834
16x16_1T,16x16,1,1764,1764,42,42,16,16,256,stoch_phys.blpert,0.20619,0.84563,2.55852,0.03431,0.04683,0.05969,360,0.03645,0.00235
16x16_1T,16x16,1,1764,1764,42,42,16,16,256,transport.controller_init,1.20508,1.28303,1.7313,0.7238,0.83111,1.38218,360,0.64691,0.00356
16x16_1T,16x16,1,1764,1764,42,42,16,16,256,transport.ffsl_horizontal,5.53315,5.80358,5.96971,2.55163,3.19469,3.78025,2340,2.48667,0.00248
16x16_1T,16x16,1,1764,1764,42,42,16,16,256,transport.ffsl_vertical,1.88001,2.14329,2.28606,1.61446,1.85601,1.99455,7200,1.44468,0.0003
16x16_1T,16x16,1,1764,1764,42,42,16,16,256,transport.flux_precomp,1.18014,1.34543,1.41826,0.34808,0.4701,0.49738,8460,0.36591,0.00016
16x16_1T,16x16,1,1764,1764,42,42,16,16,256,transport.flux_precomp_init,0.13027,0.26157,0.27971,0.12407,0.2518,0.26833,3240,0.196,8e-05
16x16_1T,16x16,1,1764,1764,42,42,16,16,256,transport.hori_dep_pts,0.72323,0.85671,0.91408,0.24016,0.36168,0.40821,1080,0.28152,0.00079
16x16_1T,16x16,1,1764,1764,42,42,16,16,256,transport.sl_horizontal,4.7185,5.06793,5.29643,1.39015,1.81525,1.95497,2700,1.41294,0.00188
16x16_1T,16x16,1,1764,1764,42,42,16,16,256,transport.sl_vertical,2.46474,2.58866,2.82852,0.33101,0.52548,0.63028,2880,0.40902,0.0009
16x16_1T,16x16,1,1764,1764,42,42,16,16,256,transport.wind,8.91651,9.31133,9.80213,1.8394,2.86267,3.34224,360,2.22824,0.02586
16x16_1T,16x16,1,1764,1764,42,42,16,16,256,transport.wind_precomp,1.30657,1.45614,2.24776,0.70369,0.9372,0.99141,2160,0.72949,0.00067
16x16_1T,16x16,1,1764,1764,42,42,16,16,256,transport.wind_precomp_final,6.6627,8.79096,11.4691,6.6627,8.79096,11.4691,2160,6.84267,0.00407
16x16_1T,16x16,1,1764,1764,42,42,16,16,256,transport.wind_precomp_init,0.15074,0.42224,0.45679,0.14517,0.41287,0.44807,360,0.32137,0.00117
16x16_1T,16x16,1,1764,1764,42,42,16,16,256,update_lbcs,0.29207,0.49572,0.55086,0.25364,0.45366,0.50722,180,0.35312,0.00275
16x16_1T,16x16,1,1764,1764,42,42,16,16,256,xios.close_context_definition,3.92953,3.93445,3.96738,3.92953,3.93445,3.96738,1,3.06248,3.93445
16x16_1T,16x16,1,1764,1764,42,42,16,16,256,xios.context_finalize,0.37884,0.38363,0.38622,0.37884,0.38363,0.38622,1,0.29861,0.38363
16x16_1T,16x16,1,1764,1764,42,42,16,16,256,xios.update_calendar,0.79802,0.82178,0.89089,0.79802,0.82178,0.89089,182,0.63965,0.00452
16x16_2T,16x16,2,882,1764,21,42,32,16,512,__lfric_atm__,126.313,126.31452,126.316,0.00274,0.00567,0.00769,1,0.00449,126.31452
16x16_2T,16x16,2,882,1764,21,42,32,16,512,__setup__,28.7739,28.83911,28.909,6e-05,0.00126,0.00357,1,0.001,28.83911
16x16_2T,16x16,2,882,1764,21,42,32,16,512,__vernier__,0.12774,0.18261,0.19879,0.12774,0.18261,0.19879,624263,0.14457,0.0
16x16_2T,16x16,2,882,1764,21,42,32,16,512,aerosol.glomap_clim,0.9945,1.24366,1.30352,0.99427,1.24339,1.30317,180,0.98436,0.00691
16x16_2T,16x16,2,882,1764,21,42,32,16,512,aerosol.radaer,0.24129,0.31223,0.34989,0.24103,0.31181,0.34951,3,0.24685,0.10408
16x16_2T,16x16,2,882,1764,21,42,32,16,512,aerosol.stratosphere,0.00176,0.00507,0.00849,0.00176,0.00507,0.00849,180,0.00401,3e-05
16x16_2T,16x16,2,882,1764,21,42,32,16,512,bl.explicit,2.23312,3.92922,5.81431,1.31902,1.70856,2.0055,360,1.35263,0.01091
16x16_2T,16x16,2,882,1764,21,42,32,16,512,bl.implicit,6.34495,7.88577,9.36169,5.77806,7.27562,8.88856,360,5.75993,0.0219
16x16_2T,16x16,2,882,1764,21,42,32,16,512,cloud,0.64955,1.37496,2.1583,0.63835,1.36351,2.14735,180,1.07946,0.00764
16x16_2T,16x16,2,882,1764,21,42,32,16,512,cloud.bm_tau,0.42204,0.50963,0.57832,0.42204,0.50963,0.57832,180,0.40346,0.00283
16x16_2T,16x16,2,882,1764,21,42,32,16,512,diags.bl_exp,0.01861,0.02414,0.02939,0.00407,0.00541,0.00773,360,0.00428,7e-05
16x16_2T,16x16,2,882,1764,21,42,32,16,512,diags.bl_imp,0.06536,0.09667,0.18967,0.05157,0.06096,0.07326,540,0.04826,0.00018
16x16_2T,16x16,2,882,1764,21,42,32,16,512,diags.blpert,0.00406,0.00487,0.00699,4e-05,5e-05,8e-05,360,4e-05,1e-05
16x16_2T,16x16,2,882,1764,21,42,32,16,512,diags.casim,0.02032,0.02741,0.0326,0.01022,0.01494,0.01811,360,0.01183,8e-05
16x16_2T,16x16,2,882,1764,21,42,32,16,512,diags.cloud,0.07413,0.11316,0.12976,0.04055,0.04884,0.05353,360,0.03867,0.00031
16x16_2T,16x16,2,882,1764,21,42,32,16,512,diags.dynamics,0.02768,0.03236,0.03568,0.02629,0.03074,0.03384,180,0.02434,0.00018
16x16_2T,16x16,2,882,1764,21,42,32,16,512,diags.electric,0.00843,0.00995,0.01192,0.00729,0.00858,0.01041,360,0.00679,3e-05
16x16_2T,16x16,2,882,1764,21,42,32,16,512,diags.glomap_clim,0.01602,0.02329,0.03326,0.00034,0.00066,0.00171,180,0.00052,0.00013
16x16_2T,16x16,2,882,1764,21,42,32,16,512,diags.illuminate,0.00358,0.00441,0.00584,6e-05,9e-05,0.00015,180,7e-05,2e-05
16x16_2T,16x16,2,882,1764,21,42,32,16,512,diags.jules_exp,0.01448,0.36388,0.82968,0.00549,0.00646,0.00738,360,0.00512,0.00101
16x16_2T,16x16,2,882,1764,21,42,32,16,512,diags.jules_imp,0.01338,0.01726,0.02145,0.00656,0.00858,0.01042,360,0.0068,5e-05
16x16_2T,16x16,2,882,1764,21,42,32,16,512,diags.jules_seaice,0.00307,0.00423,0.0064,0.00055,0.0009,0.00155,180,0.00071,2e-05
16x16_2T,16x16,2,882,1764,21,42,32,16,512,diags.jules_snow,0.00702,0.01405,0.10117,0.00343,0.00398,0.00475,360,0.00315,4e-05
16x16_2T,16x16,2,882,1764,21,42,32,16,512,diags.jules_soil,0.01115,0.08221,0.18117,0.00646,0.00778,0.00867,360,0.00616,0.00023
16x16_2T,16x16,2,882,1764,21,42,32,16,512,diags.locate_tropopause,0.0012,0.00189,0.00262,1e-05,2e-05,5e-05,180,1e-05,1e-05
16x16_2T,16x16,2,882,1764,21,42,32,16,512,diags.microphysics,0.0118,0.01482,0.01984,8e-05,0.00012,0.00022,180,9e-05,8e-05
16x16_2T,16x16,2,882,1764,21,42,32,16,512,diags.pmsl,0.05414,0.07211,0.07867,0.02227,0.03611,0.04081,180,0.02859,0.0004
16x16_2T,16x16,2,882,1764,21,42,32,16,512,diags.pressure_lev,0.0195,0.02533,0.02759,0.01883,0.02446,0.02673,180,0.01936,0.00014
16x16_2T,16x16,2,882,1764,21,42,32,16,512,diags.radaer,0.00026,0.00049,0.00149,0.00025,0.00048,0.00148,9,0.00038,5e-05
16x16_2T,16x16,2,882,1764,21,42,32,16,512,diags.radiation,0.25171,0.36896,1.07617,0.10417,0.12183,0.13759,360,0.09645,0.00102
16x16_2T,16x16,2,882,1764,21,42,32,16,512,diags.smagorinsky,0.00444,0.007,0.01166,6e-05,8e-05,0.00018,360,7e-05,2e-05
16x16_2T,16x16,2,882,1764,21,42,32,16,512,dynamics.compute_si_operators,8.05554,9.32924,9.82986,4.01354,6.04535,6.47294,180,4.78595,0.05183
16x16_2T,16x16,2,882,1764,21,42,32,16,512,dynamics.phys_predictors,1.33375,2.2276,3.63764,0.10264,0.13762,0.18378,360,0.10895,0.00619
16x16_2T,16x16,2,882,1764,21,42,32,16,512,dynamics.rhs_alg,2.94962,4.08702,5.61618,1.59407,2.63485,2.96186,900,2.08595,0.00454
16x16_2T,16x16,2,882,1764,21,42,32,16,512,dynamics.rhs_lbc,0.38794,0.44277,0.51797,0.17337,0.3326,0.39979,180,0.26331,0.00246
16x16_2T,16x16,2,882,1764,21,42,32,16,512,dynamics.solver,6.94533,7.11501,7.26076,0.55162,1.13008,1.31785,720,0.89465,0.00988
16x16_2T,16x16,2,882,1764,21,42,32,16,512,dynamics.transport,27.084,28.13525,30.5184,1.40063,1.52573,1.63772,360,1.20788,0.07815
16x16_2T,16x16,2,882,1764,21,42,32,16,512,dynamics.transport_predictors,0.73392,0.80011,0.8811,0.01803,0.03532,0.04733,180,0.02797,0.00445
16x16_2T,16x16,2,882,1764,21,42,32,16,512,electric,0.14859,0.17603,0.21575,0.0492,0.06558,0.0918,180,0.05191,0.00098
16x16_2T,16x16,2,882,1764,21,42,32,16,512,fast_physics,12.1293,12.90557,13.9007,0.4091,0.64378,1.39383,360,0.50966,0.03585
16x16_2T,16x16,2,882,1764,21,42,32,16,512,field.halo_ex_1,9.97877,14.35641,27.4052,7.74183,12.09904,24.8203,46335,9.57851,0.00031
16x16_2T,16x16,2,882,1764,21,42,32,16,512,field.halo_ex_2,0.32795,0.77438,3.0742,0.22984,0.652,2.91355,1986,0.51617,0.00039
16x16_2T,16x16,2,882,1764,21,42,32,16,512,field.halo_ex_6,0.28142,0.29855,0.33675,0.08087,0.09785,0.13465,365,0.07746,0.00082
16x16_2T,16x16,2,882,1764,21,42,32,16,512,field.halo_ex_7,1.24342,1.45026,1.84331,1.0416,1.25054,1.64793,5084,0.99002,0.00029
16x16_2T,16x16,2,882,1764,21,42,32,16,512,field.halo_ex_8,2.63882,3.435,4.01471,2.51324,3.308,3.89918,11549,2.61886,0.0003
16x16_2T,16x16,2,882,1764,21,42,32,16,512,field.initialise,0.29565,0.42353,0.53703,0.29565,0.42353,0.53703,382052,0.3353,0.0
16x16_2T,16x16,2,882,1764,21,42,32,16,512,field.read,23.2362,23.30948,23.3581,2e-05,7e-05,0.00059,62,5e-05,0.37596
16x16_2T,16x16,2,882,1764,21,42,32,16,512,field.write,0.51012,1.08974,2.10309,0.08688,0.11002,0.13147,37951,0.0871,3e-05
16x16_2T,16x16,2,882,1764,21,42,32,16,512,fs.constructor,0.01196,0.02129,0.02672,0.01196,0.02129,0.02672,71,0.01686,0.0003
16x16_2T,16x16,2,882,1764,21,42,32,16,512,gungho_diagnostics_driver,4.27629,4.62911,6.12852,3.08125,4.10967,5.48731,181,3.25352,0.02558
16x16_2T,16x16,2,882,1764,21,42,32,16,512,gungho_driver.finalise,0.51022,0.51058,0.51096,0.019,0.01995,0.02433,1,0.0158,0.51058
16x16_2T,16x16,2,882,1764,21,42,32,16,512,gungho_driver.first_timestep,4.47469,4.54474,4.60988,3e-05,6e-05,0.00032,1,5e-05,4.54474
16x16_2T,16x16,2,882,1764,21,42,32,16,512,gungho_driver.initialise,28.7715,28.83785,28.9089,0.92654,1.12452,1.28242,1,0.89026,28.83785
16x16_2T,16x16,2,882,1764,21,42,32,16,512,gungho_driver.mesh_init,0.68051,0.71355,0.72989,0.68051,0.71355,0.72989,1,0.5649,0.71355
16x16_2T,16x16,2,882,1764,21,42,32,16,512,gungho_driver.timestep,91.6781,91.69168,91.7119,0.00152,0.00226,0.00292,179,0.00179,0.51224
16x16_2T,16x16,2,882,1764,21,42,32,16,512,gungho_timestep,89.7712,91.13322,91.7138,0.00851,0.01448,0.01853,180,0.01147,0.5063
16x16_2T,16x16,2,882,1764,21,42,32,16,512,halo_routing_creation,2.74826,2.8882,3.32073,2.74826,2.8882,3.32073,65319,2.28652,4e-05
16x16_2T,16x16,2,882,1764,21,42,32,16,512,init_lbcs,0.06973,0.08454,0.15384,0.00761,0.02073,0.0812,1,0.01641,0.08454
16x16_2T,16x16,2,882,1764,21,42,32,16,512,jules.explicit,0.20254,0.49715,1.17203,0.1959,0.48933,1.16423,180,0.38739,0.00276
16x16_2T,16x16,2,882,1764,21,42,32,16,512,jules.extra,0.02444,0.17308,0.54903,0.01364,0.16063,0.53652,180,0.12717,0.00096
16x16_2T,16x16,2,882,1764,21,42,32,16,512,jules.implicit,0.26845,0.50703,0.91786,0.26118,0.49811,0.90897,720,0.39434,0.0007
16x16_2T,16x16,2,882,1764,21,42,32,16,512,jules.radiation,0.07699,0.10592,0.13367,0.0696,0.09676,0.12439,180,0.0766,0.00059
16x16_2T,16x16,2,882,1764,21,42,32,16,512,leonard_term,0.30095,0.62613,2.14478,0.09501,0.13437,0.16902,180,0.10637,0.00348
16x16_2T,16x16,2,882,1764,21,42,32,16,512,lfric_xios.finalise_context,0.48602,0.49063,0.49151,2e-05,6e-05,0.0003,1,5e-05,0.49063
16x16_2T,16x16,2,882,1764,21,42,32,16,512,lfric_xios.init_context,0.08343,0.20492,0.35037,0.06694,0.19021,0.33097,1,0.15058,0.20492
16x16_2T,16x16,2,882,1764,21,42,32,16,512,lfric_xios.read_fldg,23.2362,23.3094,23.358,23.2126,23.24849,23.2581,62,18.40524,0.37596
16x16_2T,16x16,2,882,1764,21,42,32,16,512,lfric_xios.write_fldg,0.39899,0.97962,1.99456,0.39899,0.97962,1.99456,211,0.77554,0.00464
16x16_2T,16x16,2,882,1764,21,42,32,16,512,locate_tropopause,0.00986,0.01346,0.01668,0.00932,0.01266,0.01579,180,0.01002,7e-05
16x16_2T,16x16,2,882,1764,21,42,32,16,512,mappings.map_physics_fields,3.32303,4.11245,4.83537,3.12028,3.79364,4.6952,181,3.00333,0.02272
16x16_2T,16x16,2,882,1764,21,42,32,16,512,mappings.set_wind,0.81284,0.9995,2.15084,0.04656,0.11207,0.17955,180,0.08872,0.00555
16x16_2T,16x16,2,882,1764,21,42,32,16,512,mass_matrix_solver_alg,2.03879,2.91293,4.3442,1.1752,1.5872,1.77333,1082,1.25655,0.00269
16x16_2T,16x16,2,882,1764,21,42,32,16,512,microphysics.casim,4.60171,6.17773,7.83407,4.58918,6.16401,7.81961,180,4.87989,0.03432
16x16_2T,16x16,2,882,1764,21,42,32,16,512,microphysics.casim_activate,0.0068,0.0117,0.01899,0.00555,0.0104,0.01757,181,0.00823,6e-05
16x16_2T,16x16,2,882,1764,21,42,32,16,512,mixed_solver.schur_precon,5.39084,5.67234,6.07745,0.00155,0.00269,0.00428,720,0.00213,0.00788
16x16_2T,16x16,2,882,1764,21,42,32,16,512,pressure_solver.helmholtz_lhs,3.07082,3.33649,4.27189,2.09493,2.4594,2.74565,19440,1.94705,0.00017
16x16_2T,16x16,2,882,1764,21,42,32,16,512,radiation.illuminate,0.04152,0.05309,0.07798,0.04152,0.05309,0.07798,180,0.04203,0.00029
16x16_2T,16x16,2,882,1764,21,42,32,16,512,radiation.lw,0.74454,1.22659,1.38279,0.74454,1.22659,1.38279,180,0.97106,0.00681
16x16_2T,16x16,2,882,1764,21,42,32,16,512,radiation.sw,0.00838,0.01739,0.02479,0.00838,0.01739,0.02479,180,0.01377,0.0001
16x16_2T,16x16,2,882,1764,21,42,32,16,512,runtime_constants.dycore,0.55826,0.77904,0.81975,0.55826,0.77902,0.81975,13,0.61673,0.05993
16x16_2T,16x16,2,882,1764,21,42,32,16,512,runtime_constants.fem,0.51089,0.58154,0.65651,0.3023,0.43096,0.48567,31,0.34118,0.01876
16x16_2T,16x16,2,882,1764,21,42,32,16,512,runtime_constants.geometric,0.26377,0.32512,0.47797,0.09781,0.14172,0.15538,26,0.1122,0.0125
16x16_2T,16x16,2,882,1764,21,42,32,16,512,runtime_constants.limited_area,0.02697,0.03696,0.04397,0.00143,0.00671,0.01134,15,0.00531,0.00246
16x16_2T,16x16,2,882,1764,21,42,32,16,512,runtime_constants.mapping,0.03321,0.04574,0.06677,0.03321,0.04574,0.06677,1,0.03621,0.04574
16x16_2T,16x16,2,882,1764,21,42,32,16,512,runtime_constants.physics,0.36683,0.3701,0.37274,0.00061,0.0047,0.00817,1,0.00372,0.3701
16x16_2T,16x16,2,882,1764,21,42,32,16,512,runtime_constants.solver,0.00057,0.001,0.00238,0.00056,0.00099,0.00237,16,0.00078,6e-05
16x16_2T,16x16,2,882,1764,21,42,32,16,512,runtime_constants.transport,0.00084,0.00187,0.00406,0.00083,0.00185,0.00399,4,0.00146,0.00047
16x16_2T,16x16,2,882,1764,21,42,32,16,512,schur_precon.back_sub,0.49988,0.60206,0.75878,0.17694,0.39073,0.46046,720,0.30933,0.00084
16x16_2T,16x16,2,882,1764,21,42,32,16,512,schur_precon.pressure_solver,4.32717,4.608,5.31233,1.02923,1.2602,1.35607,720,0.99767,0.0064
16x16_2T,16x16,2,882,1764,21,42,32,16,512,schur_precon.rhs,0.19588,0.45636,0.505,0.19402,0.45242,0.50121,720,0.35817,0.00063
16x16_2T,16x16,2,882,1764,21,42,32,16,512,semi_implicit_timestep,89.7592,91.11831,91.7045,1.63129,2.62959,2.79308,180,2.08178,0.50621
16x16_2T,16x16,2,882,1764,21,42,32,16,512,slow_physics,17.5144,17.59799,17.8048,0.47994,0.90316,1.83126,180,0.71501,0.09777
16x16_2T,16x16,2,882,1764,21,42,32,16,512,smagorinsky,1.81218,2.9593,4.79909,0.47739,0.72474,0.96029,360,0.57376,0.00822
16x16_2T,16x16,2,882,1764,21,42,32,16,512,solver.mixed_solver,5.62717,5.86743,6.17958,0.09199,0.1791,0.21684,720,0.14179,0.00815
16x16_2T,16x16,2,882,1764,21,42,32,16,512,stoch_phys.blpert,0.18901,1.07244,2.62034,0.03792,0.0476,0.06324,360,0.03768,0.00298
16x16_2T,16x16,2,882,1764,21,42,32,16,512,transport.controller_init,1.08811,1.17059,1.54587,0.68642,0.78017,1.23604,360,0.61764,0.00325
16x16_2T,16x16,2,882,1764,21,42,32,16,512,transport.ffsl_horizontal,5.44448,5.689,5.90363,2.54102,3.03484,3.67786,2340,2.40261,0.00243
16x16_2T,16x16,2,882,1764,21,42,32,16,512,transport.ffsl_vertical,1.74252,1.9231,2.01481,1.48828,1.65329,1.7339,7200,1.30886,0.00027
16x16_2T,16x16,2,882,1764,21,42,32,16,512,transport.flux_precomp,1.06508,1.22994,1.28125,0.34631,0.45048,0.47931,8460,0.35664,0.00015
16x16_2T,16x16,2,882,1764,21,42,32,16,512,transport.flux_precomp_init,0.13186,0.23397,0.25046,0.12579,0.22545,0.24104,3240,0.17848,7e-05
16x16_2T,16x16,2,882,1764,21,42,32,16,512,transport.hori_dep_pts,0.66828,0.76281,0.81953,0.24822,0.33804,0.38211,1080,0.26762,0.00071
16x16_2T,16x16,2,882,1764,21,42,32,16,512,transport.sl_horizontal,4.34525,4.60703,4.75645,1.39638,1.74534,1.85032,2700,1.38174,0.00171
16x16_2T,16x16,2,882,1764,21,42,32,16,512,transport.sl_vertical,2.35427,2.43853,2.78816,0.3866,0.51634,0.57496,2880,0.40877,0.00085
16x16_2T,16x16,2,882,1764,21,42,32,16,512,transport.wind,8.19684,8.50478,8.64368,1.83748,2.69012,2.89372,360,2.1297,0.02362
16x16_2T,16x16,2,882,1764,21,42,32,16,512,transport.wind_precomp,1.25085,1.35501,2.13959,0.76398,0.97232,1.02488,2160,0.76976,0.00063
16x16_2T,16x16,2,882,1764,21,42,32,16,512,transport.wind_precomp_final,6.63558,7.51615,9.92229,6.63558,7.51615,9.92229,2160,5.95034,0.00348
16x16_2T,16x16,2,882,1764,21,42,32,16,512,transport.wind_precomp_init,0.16203,0.39805,0.43817,0.15673,0.38902,0.42953,360,0.30797,0.00111
16x16_2T,16x16,2,882,1764,21,42,32,16,512,update_lbcs,0.35927,0.54096,0.63728,0.32033,0.50024,0.59257,180,0.39603,0.00301
16x16_2T,16x16,2,882,1764,21,42,32,16,512,xios.close_context_definition,2.65384,2.65752,2.69111,2.65384,2.65752,2.69111,1,2.10389,2.65752
16x16_2T,16x16,2,882,1764,21,42,32,16,512,xios.context_finalize,0.48596,0.49056,0.49145,0.48596,0.49056,0.49145,1,0.38837,0.49056
16x16_2T,16x16,2,882,1764,21,42,32,16,512,xios.update_calendar,0.70682,0.72378,0.7682,0.70682,0.72378,0.7682,182,0.573,0.00398
16x16_4T,16x16,4,441,1764,21,21,32,32,1024,__lfric_atm__,143.982,143.98314,143.984,0.00301,0.00451,0.00587,1,0.00313,143.98314
16x16_4T,16x16,4,441,1764,21,21,32,32,1024,__setup__,32.9331,33.00013,33.0569,6e-05,0.00048,0.00125,1,0.00033,33.00013
16x16_4T,16x16,4,441,1764,21,21,32,32,1024,__vernier__,0.12784,0.17371,0.18619,0.12784,0.17371,0.18619,622263,0.12064,0.0
16x16_4T,16x16,4,441,1764,21,21,32,32,1024,aerosol.glomap_clim,1.00253,1.22262,1.2663,1.00236,1.22235,1.266,180,0.84895,0.00679
16x16_4T,16x16,4,441,1764,21,21,32,32,1024,aerosol.radaer,0.24042,0.31276,0.33696,0.24015,0.31242,0.33665,3,0.21699,0.10425
16x16_4T,16x16,4,441,1764,21,21,32,32,1024,aerosol.stratosphere,0.00228,0.00506,0.00869,0.00228,0.00506,0.00869,180,0.00351,3e-05
16x16_4T,16x16,4,441,1764,21,21,32,32,1024,bl.explicit,2.56912,5.43933,8.64474,1.50828,1.95952,2.28609,360,1.36093,0.01511
16x16_4T,16x16,4,441,1764,21,21,32,32,1024,bl.implicit,8.91864,11.49727,14.3341,8.14162,10.8101,13.8567,360,7.50789,0.03194
16x16_4T,16x16,4,441,1764,21,21,32,32,1024,cloud,1.00347,2.38241,3.98925,0.99155,2.37084,3.97751,180,1.64661,0.01324
16x16_4T,16x16,4,441,1764,21,21,32,32,1024,cloud.bm_tau,0.4233,0.49762,0.5801,0.4233,0.49762,0.5801,180,0.34561,0.00276
16x16_4T,16x16,4,441,1764,21,21,32,32,1024,diags.bl_exp,0.02042,0.02582,0.03086,0.0041,0.00503,0.00777,360,0.00349,7e-05
16x16_4T,16x16,4,441,1764,21,21,32,32,1024,diags.bl_imp,0.06781,0.08104,0.1134,0.05249,0.05871,0.0648,540,0.04078,0.00015
16x16_4T,16x16,4,441,1764,21,21,32,32,1024,diags.blpert,0.00401,0.00509,0.00646,4e-05,5e-05,8e-05,360,3e-05,1e-05
16x16_4T,16x16,4,441,1764,21,21,32,32,1024,diags.casim,0.02556,0.03084,0.03811,0.01122,0.01477,0.01871,360,0.01025,9e-05
16x16_4T,16x16,4,441,1764,21,21,32,32,1024,diags.cloud,0.07719,0.12887,0.14231,0.04182,0.0478,0.05356,360,0.0332,0.00036
16x16_4T,16x16,4,441,1764,21,21,32,32,1024,diags.dynamics,0.02788,0.03003,0.0321,0.02653,0.02853,0.03054,180,0.01981,0.00017
16x16_4T,16x16,4,441,1764,21,21,32,32,1024,diags.electric,0.00846,0.00924,0.01099,0.00729,0.00797,0.00935,360,0.00554,3e-05
16x16_4T,16x16,4,441,1764,21,21,32,32,1024,diags.glomap_clim,0.01757,0.02273,0.03129,0.00035,0.00056,0.0012,180,0.00039,0.00013
16x16_4T,16x16,4,441,1764,21,21,32,32,1024,diags.illuminate,0.0035,0.00439,0.00702,6e-05,0.00012,0.00089,180,9e-05,2e-05
16x16_4T,16x16,4,441,1764,21,21,32,32,1024,diags.jules_exp,0.11568,0.33642,0.71858,0.00545,0.00601,0.00691,360,0.00418,0.00093
16x16_4T,16x16,4,441,1764,21,21,32,32,1024,diags.jules_imp,0.01397,0.01737,0.02455,0.00678,0.00779,0.00952,360,0.00541,5e-05
16x16_4T,16x16,4,441,1764,21,21,32,32,1024,diags.jules_seaice,0.00311,0.00443,0.00661,0.00062,0.0009,0.00141,180,0.00062,2e-05
16x16_4T,16x16,4,441,1764,21,21,32,32,1024,diags.jules_snow,0.00712,0.00924,0.01892,0.00349,0.00398,0.00494,360,0.00277,3e-05
16x16_4T,16x16,4,441,1764,21,21,32,32,1024,diags.jules_soil,0.01285,0.05364,0.11528,0.00652,0.00738,0.00818,360,0.00513,0.00015
16x16_4T,16x16,4,441,1764,21,21,32,32,1024,diags.locate_tropopause,0.00111,0.0018,0.00262,1e-05,2e-05,4e-05,180,1e-05,1e-05
16x16_4T,16x16,4,441,1764,21,21,32,32,1024,diags.microphysics,0.01508,0.01926,0.02502,9e-05,0.00016,0.00098,180,0.00011,0.00011
16x16_4T,16x16,4,441,1764,21,21,32,32,1024,diags.pmsl,0.05997,0.08372,0.09024,0.02398,0.03545,0.04144,180,0.02462,0.00047
16x16_4T,16x16,4,441,1764,21,21,32,32,1024,diags.pressure_lev,0.01972,0.0252,0.02724,0.01903,0.02431,0.02633,180,0.01688,0.00014
16x16_4T,16x16,4,441,1764,21,21,32,32,1024,diags.radaer,0.00026,0.00036,0.00082,0.00025,0.00035,0.00081,9,0.00024,4e-05
16x16_4T,16x16,4,441,1764,21,21,32,32,1024,diags.radiation,0.39736,0.76819,1.42866,0.10377,0.11141,0.1227,360,0.07738,0.00213
16x16_4T,16x16,4,441,1764,21,21,32,32,1024,diags.smagorinsky,0.00467,0.00668,0.00823,6e-05,9e-05,0.00018,360,6e-05,2e-05
16x16_4T,16x16,4,441,1764,21,21,32,32,1024,dynamics.compute_si_operators,7.46297,7.86345,8.34983,3.95541,5.74742,6.11864,180,3.99173,0.04369
16x16_4T,16x16,4,441,1764,21,21,32,32,1024,dynamics.phys_predictors,1.48073,2.72,3.84119,0.10339,0.15177,0.20405,360,0.10541,0.00756
16x16_4T,16x16,4,441,1764,21,21,32,32,1024,dynamics.rhs_alg,3.22046,4.18078,5.74687,1.59895,2.6463,2.93758,900,1.83792,0.00465
16x16_4T,16x16,4,441,1764,21,21,32,32,1024,dynamics.rhs_lbc,0.39036,0.43028,0.47533,0.17032,0.32546,0.38959,180,0.22604,0.00239
16x16_4T,16x16,4,441,1764,21,21,32,32,1024,dynamics.solver,6.91998,7.10012,7.17289,0.57073,1.15727,1.23975,720,0.80375,0.00986
16x16_4T,16x16,4,441,1764,21,21,32,32,1024,dynamics.transport,27.5465,27.96132,30.3633,1.45932,1.56332,1.66378,360,1.08576,0.07767
16x16_4T,16x16,4,441,1764,21,21,32,32,1024,dynamics.transport_predictors,0.78053,0.83121,0.92677,0.01919,0.03377,0.04272,180,0.02346,0.00462
16x16_4T,16x16,4,441,1764,21,21,32,32,1024,electric,0.15798,0.17901,0.20199,0.05477,0.06714,0.08951,180,0.04663,0.00099
16x16_4T,16x16,4,441,1764,21,21,32,32,1024,fast_physics,16.7424,17.19146,18.3622,0.39015,0.50141,0.81637,360,0.34825,0.04775
16x16_4T,16x16,4,441,1764,21,21,32,32,1024,field.halo_ex_1,12.1736,18.07238,28.1806,8.5172,14.43911,24.275,46335,10.02833,0.00039
16x16_4T,16x16,4,441,1764,21,21,32,32,1024,field.halo_ex_2,0.36686,0.73983,2.53644,0.29946,0.61608,2.44871,1986,0.42789,0.00037
16x16_4T,16x16,4,441,1764,21,21,32,32,1024,field.halo_ex_6,0.27695,0.28728,0.32716,0.07449,0.08749,0.12381,277,0.06076,0.00104
16x16_4T,16x16,4,441,1764,21,21,32,32,1024,field.halo_ex_7,1.33676,1.53286,1.87401,1.14961,1.34524,1.69204,4896,0.9343,0.00031
16x16_4T,16x16,4,441,1764,21,21,32,32,1024,field.halo_ex_8,3.10779,3.75458,4.1404,2.98884,3.6358,4.02251,11825,2.52516,0.00032
16x16_4T,16x16,4,441,1764,21,21,32,32,1024,field.initialise,0.31038,0.43802,0.50771,0.31038,0.43802,0.50771,380048,0.30421,0.0
16x16_4T,16x16,4,441,1764,21,21,32,32,1024,field.read,24.6355,24.95054,25.0022,2e-05,5e-05,0.00025,62,4e-05,0.40243
16x16_4T,16x16,4,441,1764,21,21,32,32,1024,field.write,0.74813,1.2892,1.93316,0.08846,0.10536,0.11656,37951,0.07318,3e-05
16x16_4T,16x16,4,441,1764,21,21,32,32,1024,fs.constructor,0.01816,0.02756,0.03243,0.01816,0.02756,0.03243,71,0.01914,0.00039
16x16_4T,16x16,4,441,1764,21,21,32,32,1024,gungho_diagnostics_driver,4.1744,4.42738,4.93462,3.14924,4.04602,4.64006,181,2.81006,0.02446
16x16_4T,16x16,4,441,1764,21,21,32,32,1024,gungho_driver.finalise,0.66867,0.67153,0.67178,0.01786,0.02176,0.02419,1,0.01511,0.67153
16x16_4T,16x16,4,441,1764,21,21,32,32,1024,gungho_driver.first_timestep,5.93196,5.98869,6.05581,3e-05,7e-05,0.00016,1,5e-05,5.98869
16x16_4T,16x16,4,441,1764,21,21,32,32,1024,gungho_driver.initialise,32.9324,32.99965,33.0562,1.20656,1.40949,1.54479,1,0.97892,32.99965
16x16_4T,16x16,4,441,1764,21,21,32,32,1024,gungho_driver.mesh_init,0.8396,0.85863,0.86594,0.8396,0.85863,0.86594,1,0.59634,0.85863
16x16_4T,16x16,4,441,1764,21,21,32,32,1024,gungho_driver.timestep,103.574,103.58619,103.605,0.00162,0.0023,0.00292,179,0.0016,0.57869
16x16_4T,16x16,4,441,1764,21,21,32,32,1024,gungho_timestep,104.12,104.57518,105.074,0.00905,0.01413,0.01705,180,0.00981,0.58097
16x16_4T,16x16,4,441,1764,21,21,32,32,1024,halo_routing_creation,4.13458,4.24529,4.61351,4.13458,4.24529,4.61351,65319,2.94846,6e-05
16x16_4T,16x16,4,441,1764,21,21,32,32,1024,init_lbcs,0.06715,0.08498,0.1418,0.01215,0.02079,0.07573,1,0.01444,0.08498
16x16_4T,16x16,4,441,1764,21,21,32,32,1024,jules.explicit,0.22554,0.5596,1.29612,0.21892,0.55243,1.28851,180,0.38368,0.00311
16x16_4T,16x16,4,441,1764,21,21,32,32,1024,jules.extra,0.02525,0.20405,0.63515,0.01459,0.19209,0.62289,180,0.13341,0.00113
16x16_4T,16x16,4,441,1764,21,21,32,32,1024,jules.implicit,0.3056,0.58133,1.13141,0.29758,0.57234,1.12161,720,0.39751,0.00081
16x16_4T,16x16,4,441,1764,21,21,32,32,1024,jules.radiation,0.08708,0.11229,0.17098,0.0795,0.10469,0.16312,180,0.07271,0.00062
16x16_4T,16x16,4,441,1764,21,21,32,32,1024,leonard_term,0.27853,0.69163,2.97658,0.09868,0.14517,0.17522,180,0.10082,0.00384
16x16_4T,16x16,4,441,1764,21,21,32,32,1024,lfric_xios.finalise_context,0.64737,0.64976,0.65166,1e-05,7e-05,8e-05,1,5e-05,0.64976
16x16_4T,16x16,4,441,1764,21,21,32,32,1024,lfric_xios.init_context,0.06738,0.15274,0.29444,0.05617,0.14124,0.28084,1,0.0981,0.15274
16x16_4T,16x16,4,441,1764,21,21,32,32,1024,lfric_xios.read_fldg,24.6354,24.95047,25.0022,24.5613,24.88031,24.9074,62,17.28001,0.40243
16x16_4T,16x16,4,441,1764,21,21,32,32,1024,lfric_xios.write_fldg,0.65282,1.18374,1.82507,0.65282,1.18374,1.82507,211,0.82214,0.00561
16x16_4T,16x16,4,441,1764,21,21,32,32,1024,locate_tropopause,0.00999,0.01274,0.01649,0.00944,0.01202,0.01557,180,0.00835,7e-05
16x16_4T,16x16,4,441,1764,21,21,32,32,1024,mappings.map_physics_fields,3.11462,4.72613,6.11068,2.8624,4.11675,5.67655,181,2.85919,0.02611
16x16_4T,16x16,4,441,1764,21,21,32,32,1024,mappings.set_wind,2.49957,2.73459,4.55264,0.06789,0.15287,0.22671,180,0.10617,0.01519
16x16_4T,16x16,4,441,1764,21,21,32,32,1024,mass_matrix_solver_alg,2.18127,3.42194,4.57933,1.17573,1.60335,1.81633,1082,1.11357,0.00316
16x16_4T,16x16,4,441,1764,21,21,32,32,1024,microphysics.casim,8.36077,11.10741,13.7083,8.3485,11.09464,13.6963,180,7.70551,0.06171
16x16_4T,16x16,4,441,1764,21,21,32,32,1024,microphysics.casim_activate,0.00754,0.01207,0.0173,0.00636,0.01078,0.01604,181,0.00749,7e-05
16x16_4T,16x16,4,441,1764,21,21,32,32,1024,mixed_solver.schur_precon,5.44589,5.63795,5.9406,0.00167,0.0024,0.00302,720,0.00167,0.00783
16x16_4T,16x16,4,441,1764,21,21,32,32,1024,pressure_solver.helmholtz_lhs,3.11187,3.31569,4.20909,2.12736,2.42437,2.51956,19440,1.68379,0.00017
16x16_4T,16x16,4,441,1764,21,21,32,32,1024,radiation.illuminate,0.05008,0.05596,0.07243,0.05008,0.05596,0.07243,180,0.03887,0.00031
16x16_4T,16x16,4,441,1764,21,21,32,32,1024,radiation.lw,0.86774,1.35456,1.501,0.86774,1.35456,1.501,180,0.94078,0.00753
16x16_4T,16x16,4,441,1764,21,21,32,32,1024,radiation.sw,0.01244,0.01827,0.0238,0.01244,0.01827,0.0238,180,0.01269,0.0001
16x16_4T,16x16,4,441,1764,21,21,32,32,1024,runtime_constants.dycore,0.54584,0.7377,0.76519,0.54583,0.73769,0.76518,13,0.51234,0.05675
16x16_4T,16x16,4,441,1764,21,21,32,32,1024,runtime_constants.fem,0.5034,0.55774,0.63167,0.29918,0.40306,0.42088,31,0.27993,0.01799
16x16_4T,16x16,4,441,1764,21,21,32,32,1024,runtime_constants.geometric,0.2675,0.2996,0.40738,0.09636,0.13436,0.14944,26,0.09332,0.01152
16x16_4T,16x16,4,441,1764,21,21,32,32,1024,runtime_constants.limited_area,0.02585,0.03173,0.03684,0.00189,0.0065,0.01059,15,0.00452,0.00212
16x16_4T,16x16,4,441,1764,21,21,32,32,1024,runtime_constants.mapping,0.03189,0.04311,0.04642,0.03189,0.04311,0.04642,1,0.02994,0.04311
16x16_4T,16x16,4,441,1764,21,21,32,32,1024,runtime_constants.physics,0.33297,0.33666,0.3386,0.00074,0.00483,0.00771,1,0.00335,0.33666
16x16_4T,16x16,4,441,1764,21,21,32,32,1024,runtime_constants.solver,0.00073,0.00108,0.00167,0.00072,0.00107,0.00166,16,0.00074,7e-05
16x16_4T,16x16,4,441,1764,21,21,32,32,1024,runtime_constants.transport,0.00094,0.00177,0.003,0.00093,0.00176,0.00298,4,0.00122,0.00044
16x16_4T,16x16,4,441,1764,21,21,32,32,1024,schur_precon.back_sub,0.47314,0.59475,0.64395,0.16868,0.36903,0.41141,720,0.2563,0.00083
16x16_4T,16x16,4,441,1764,21,21,32,32,1024,schur_precon.pressure_solver,4.36512,4.57679,5.26507,1.04623,1.24935,1.28859,720,0.86771,0.00636
16x16_4T,16x16,4,441,1764,21,21,32,32,1024,schur_precon.rhs,0.19955,0.46145,0.49325,0.19725,0.45797,0.4895,720,0.31807,0.00064
16x16_4T,16x16,4,441,1764,21,21,32,32,1024,semi_implicit_timestep,104.109,104.56066,105.064,1.66732,2.62689,2.81874,180,1.82444,0.58089
16x16_4T,16x16,4,441,1764,21,21,32,32,1024,slow_physics,26.1475,26.18558,26.3213,0.37178,0.70135,1.23355,180,0.4871,0.14548
16x16_4T,16x16,4,441,1764,21,21,32,32,1024,smagorinsky,1.83915,3.07478,5.66111,0.49255,0.77318,0.98234,360,0.537,0.00854
16x16_4T,16x16,4,441,1764,21,21,32,32,1024,solver.mixed_solver,5.67629,5.837,6.04889,0.10051,0.18681,0.21394,720,0.12975,0.00811
16x16_4T,16x16,4,441,1764,21,21,32,32,1024,stoch_phys.blpert,0.28065,1.80907,4.30753,0.03996,0.05058,0.0607,360,0.03513,0.00503
16x16_4T,16x16,4,441,1764,21,21,32,32,1024,transport.controller_init,0.94339,1.01881,1.39453,0.55423,0.63708,1.09412,360,0.44247,0.00283
16x16_4T,16x16,4,441,1764,21,21,32,32,1024,transport.ffsl_horizontal,5.73261,5.88947,6.07199,2.71483,3.10503,3.70557,2340,2.15653,0.00252
16x16_4T,16x16,4,441,1764,21,21,32,32,1024,transport.ffsl_vertical,1.71273,1.86892,1.94854,1.45508,1.58912,1.66947,7200,1.10369,0.00026
16x16_4T,16x16,4,441,1764,21,21,32,32,1024,transport.flux_precomp,1.11015,1.28108,1.34892,0.35305,0.4636,0.48677,8460,0.32198,0.00015
16x16_4T,16x16,4,441,1764,21,21,32,32,1024,transport.flux_precomp_init,0.13938,0.22735,0.23869,0.13302,0.21827,0.23009,3244,0.15159,7e-05
16x16_4T,16x16,4,441,1764,21,21,32,32,1024,transport.hori_dep_pts,0.67811,0.80003,0.86291,0.26614,0.34487,0.37536,1080,0.23952,0.00074
16x16_4T,16x16,4,441,1764,21,21,32,32,1024,transport.sl_horizontal,4.63578,4.86712,5.0691,1.42103,1.73297,1.80385,2700,1.2036,0.0018
16x16_4T,16x16,4,441,1764,21,21,32,32,1024,transport.sl_vertical,2.48121,2.58898,2.92059,0.42456,0.5282,0.62688,2880,0.36685,0.0009
16x16_4T,16x16,4,441,1764,21,21,32,32,1024,transport.wind,8.46123,8.78893,8.86563,1.78887,2.57207,2.67975,360,1.78637,0.02441
16x16_4T,16x16,4,441,1764,21,21,32,32,1024,transport.wind_precomp,1.36576,1.48535,2.21474,0.79819,0.98545,1.0427,2160,0.68442,0.00069
16x16_4T,16x16,4,441,1764,21,21,32,32,1024,transport.wind_precomp_final,6.65344,6.91145,9.26913,6.65344,6.91145,9.26913,2160,4.80018,0.0032
16x16_4T,16x16,4,441,1764,21,21,32,32,1024,transport.wind_precomp_init,0.17504,0.40774,0.44286,0.1695,0.398,0.43256,360,0.27642,0.00113
16x16_4T,16x16,4,441,1764,21,21,32,32,1024,update_lbcs,0.45239,0.64151,0.70994,0.41228,0.60056,0.66451,180,0.41711,0.00356
16x16_4T,16x16,4,441,1764,21,21,32,32,1024,xios.close_context_definition,4.91195,4.9221,5.24267,4.91195,4.9221,5.24267,1,3.41853,4.9221
16x16_4T,16x16,4,441,1764,21,21,32,32,1024,xios.context_finalize,0.6473,0.64969,0.6516,0.6473,0.64969,0.6516,1,0.45123,0.64969
16x16_4T,16x16,4,441,1764,21,21,32,32,1024,xios.update_calendar,0.71546,0.73414,0.77595,0.71546,0.73414,0.77595,182,0.50988,0.00403
12x12_4T,12x12,4,784,3136,28,28,24,24,576,__lfric_atm__,103.133,103.13387,103.135,0.00288,0.00429,0.00565,1,0.00416,103.13387
12x12_4T,12x12,4,784,3136,28,28,24,24,576,__setup__,33.3581,33.3988,33.4318,6e-05,0.00049,0.00137,1,0.00047,33.3988
12x12_4T,12x12,4,784,3136,28,28,24,24,576,__vernier__,0.12421,0.14171,0.1536,0.12421,0.14171,0.1536,622175,0.13741,0.0
12x12_4T,12x12,4,784,3136,28,28,24,24,576,aerosol.glomap_clim,0.58942,0.69301,1.0101,0.58924,0.69277,1.00985,180,0.67172,0.00385
12x12_4T,12x12,4,784,3136,28,28,24,24,576,aerosol.radaer,0.14924,0.17619,0.19608,0.14896,0.17586,0.19577,3,0.17052,0.05873
12x12_4T,12x12,4,784,3136,28,28,24,24,576,aerosol.stratosphere,0.00183,0.00293,0.00461,0.00183,0.00293,0.00461,180,0.00284,2e-05
12x12_4T,12x12,4,784,3136,28,28,24,24,576,bl.explicit,1.52702,3.20996,5.19019,0.83091,0.99147,1.12352,360,0.96134,0.00892
12x12_4T,12x12,4,784,3136,28,28,24,24,576,bl.implicit,3.60878,5.02136,6.69537,3.01705,4.48775,6.26021,360,4.35138,0.01395
12x12_4T,12x12,4,784,3136,28,28,24,24,576,cloud,0.44844,1.22902,2.14965,0.43817,1.21825,2.1367,180,1.18123,0.00683
12x12_4T,12x12,4,784,3136,28,28,24,24,576,cloud.bm_tau,0.12316,0.16346,0.19205,0.12316,0.16346,0.19205,180,0.15849,0.00091
12x12_4T,12x12,4,784,3136,28,28,24,24,576,diags.bl_exp,0.01851,0.02084,0.02387,0.00404,0.0047,0.0065,360,0.00455,6e-05
12x12_4T,12x12,4,784,3136,28,28,24,24,576,diags.bl_imp,0.06539,0.09576,0.18404,0.05068,0.05653,0.06242,540,0.05481,0.00018
12x12_4T,12x12,4,784,3136,28,28,24,24,576,diags.blpert,0.00384,0.0046,0.00559,4e-05,5e-05,7e-05,360,5e-05,1e-05
12x12_4T,12x12,4,784,3136,28,28,24,24,576,diags.casim,0.02124,0.02481,0.02864,0.01047,0.01273,0.01575,360,0.01234,7e-05
12x12_4T,12x12,4,784,3136,28,28,24,24,576,diags.cloud,0.10167,0.13731,0.15216,0.03942,0.044,0.04811,360,0.04266,0.00038
12x12_4T,12x12,4,784,3136,28,28,24,24,576,diags.dynamics,0.02757,0.02974,0.03199,0.0262,0.02824,0.03036,180,0.02738,0.00017
12x12_4T,12x12,4,784,3136,28,28,24,24,576,diags.electric,0.00824,0.00891,0.01015,0.00715,0.00772,0.00886,360,0.00749,2e-05
12x12_4T,12x12,4,784,3136,28,28,24,24,576,diags.glomap_clim,0.0169,0.02024,0.02496,0.00036,0.00053,0.00098,180,0.00051,0.00011
12x12_4T,12x12,4,784,3136,28,28,24,24,576,diags.illuminate,0.00335,0.00406,0.00573,6e-05,9e-05,0.00036,180,9e-05,2e-05
12x12_4T,12x12,4,784,3136,28,28,24,24,576,diags.jules_exp,0.01766,0.36922,0.86327,0.00537,0.00586,0.0066,360,0.00569,0.00103
12x12_4T,12x12,4,784,3136,28,28,24,24,576,diags.jules_imp,0.01236,0.01516,0.01959,0.00638,0.00762,0.00927,360,0.00739,4e-05
12x12_4T,12x12,4,784,3136,28,28,24,24,576,diags.jules_seaice,0.00304,0.00407,0.00655,0.0005,0.00072,0.001,180,0.0007,2e-05
12x12_4T,12x12,4,784,3136,28,28,24,24,576,diags.jules_snow,0.00691,0.01108,0.06011,0.00325,0.00368,0.00425,360,0.00357,3e-05
12x12_4T,12x12,4,784,3136,28,28,24,24,576,diags.jules_soil,0.01137,0.07745,0.21774,0.0062,0.007,0.00783,360,0.00679,0.00022
12x12_4T,12x12,4,784,3136,28,28,24,24,576,diags.locate_tropopause,0.00125,0.00152,0.002,1e-05,2e-05,6e-05,180,2e-05,1e-05
12x12_4T,12x12,4,784,3136,28,28,24,24,576,diags.microphysics,0.01237,0.01435,0.01732,7e-05,0.00012,0.00037,180,0.00011,8e-05
12x12_4T,12x12,4,784,3136,28,28,24,24,576,diags.pmsl,0.05041,0.07619,0.08886,0.0186,0.02657,0.03001,180,0.02576,0.00042
12x12_4T,12x12,4,784,3136,28,28,24,24,576,diags.pressure_lev,0.02017,0.02427,0.02636,0.01947,0.0234,0.0255,180,0.02269,0.00013
12x12_4T,12x12,4,784,3136,28,28,24,24,576,diags.radaer,0.00026,0.00036,0.00099,0.00025,0.00034,0.00098,9,0.00033,4e-05
12x12_4T,12x12,4,784,3136,28,28,24,24,576,diags.radiation,0.26166,0.64628,1.28777,0.10257,0.10937,0.11719,360,0.10605,0.0018
12x12_4T,12x12,4,784,3136,28,28,24,24,576,diags.smagorinsky,0.00409,0.00469,0.00534,5e-05,6e-05,0.00011,360,6e-05,1e-05
12x12_4T,12x12,4,784,3136,28,28,24,24,576,dynamics.compute_si_operators,4.61222,4.88228,5.10014,2.53195,3.39478,3.56858,180,3.29162,0.02712
12x12_4T,12x12,4,784,3136,28,28,24,24,576,dynamics.phys_predictors,0.88512,2.07684,3.58371,0.06044,0.08378,0.11022,360,0.08124,0.00577
12x12_4T,12x12,4,784,3136,28,28,24,24,576,dynamics.rhs_alg,1.81189,2.88505,4.63524,1.13121,1.43679,1.5584,900,1.39313,0.00321
12x12_4T,12x12,4,784,3136,28,28,24,24,576,dynamics.rhs_lbc,0.22903,0.2475,0.26718,0.13386,0.17805,0.20807,180,0.17264,0.00137
12x12_4T,12x12,4,784,3136,28,28,24,24,576,dynamics.solver,3.98617,4.09265,4.20619,0.466,0.59849,0.62826,720,0.5803,0.00568
12x12_4T,12x12,4,784,3136,28,28,24,24,576,dynamics.transport,19.9761,20.29201,22.9403,0.96206,1.00804,1.07356,360,0.97741,0.05637
12x12_4T,12x12,4,784,3136,28,28,24,24,576,dynamics.transport_predictors,0.4916,0.51544,0.5651,0.01458,0.02055,0.02512,180,0.01993,0.00286
12x12_4T,12x12,4,784,3136,28,28,24,24,576,electric,0.11294,0.12704,0.14595,0.03276,0.03945,0.0519,180,0.03825,0.00071
12x12_4T,12x12,4,784,3136,28,28,24,24,576,fast_physics,8.60571,9.27574,11.0057,0.2621,0.44964,1.27511,360,0.43598,0.02577
12x12_4T,12x12,4,784,3136,28,28,24,24,576,field.halo_ex_1,7.54374,12.55384,17.4466,5.71905,10.6926,15.4024,46335,10.36769,0.00027
12x12_4T,12x12,4,784,3136,28,28,24,24,576,field.halo_ex_2,0.28806,0.64969,2.75324,0.22248,0.56423,2.69216,1986,0.54708,0.00033
12x12_4T,12x12,4,784,3136,28,28,24,24,576,field.halo_ex_6,0.25405,0.27004,0.29148,0.10183,0.11815,0.13923,466,0.11456,0.00058
12x12_4T,12x12,4,784,3136,28,28,24,24,576,field.halo_ex_7,1.12095,1.29799,1.37774,0.98247,1.15785,1.23847,5284,1.12266,0.00025
12x12_4T,12x12,4,784,3136,28,28,24,24,576,field.halo_ex_8,2.33575,2.70301,2.89573,2.2532,2.61954,2.81256,11248,2.53994,0.00024
12x12_4T,12x12,4,784,3136,28,28,24,24,576,field.initialise,0.28696,0.34278,0.37747,0.28696,0.34278,0.37747,379964,0.33237,0.0
12x12_4T,12x12,4,784,3136,28,28,24,24,576,field.read,25.6815,25.72797,25.7617,2e-05,5e-05,0.00027,62,5e-05,0.41497
12x12_4T,12x12,4,784,3136,28,28,24,24,576,field.write,0.79537,1.26869,2.02133,0.08758,0.09693,0.10597,37951,0.09399,3e-05
12x12_4T,12x12,4,784,3136,28,28,24,24,576,fs.constructor,0.01292,0.02066,0.02416,0.01292,0.02066,0.02416,71,0.02003,0.00029
12x12_4T,12x12,4,784,3136,28,28,24,24,576,gungho_diagnostics_driver,2.43196,2.57371,2.87186,1.91997,2.26202,2.46281,181,2.19328,0.01422
12x12_4T,12x12,4,784,3136,28,28,24,24,576,gungho_driver.finalise,0.43749,0.48552,0.48593,0.01733,0.06565,0.0693,1,0.06365,0.48552
12x12_4T,12x12,4,784,3136,28,28,24,24,576,gungho_driver.first_timestep,3.37061,3.40423,3.44512,3e-05,6e-05,0.00018,1,6e-05,3.40423
12x12_4T,12x12,4,784,3136,28,28,24,24,576,gungho_driver.initialise,33.3572,33.39831,33.4311,0.94198,1.10673,1.18213,1,1.0731,33.39831
12x12_4T,12x12,4,784,3136,28,28,24,24,576,gungho_driver.mesh_init,0.565,0.57766,0.584,0.565,0.57766,0.584,1,0.5601,0.57766
12x12_4T,12x12,4,784,3136,28,28,24,24,576,gungho_driver.timestep,65.0804,65.09245,65.1477,0.0016,0.00207,0.00274,179,0.00201,0.36364
12x12_4T,12x12,4,784,3136,28,28,24,24,576,gungho_timestep,65.3059,65.58245,65.8301,0.00875,0.01114,0.01378,180,0.0108,0.36435
12x12_4T,12x12,4,784,3136,28,28,24,24,576,halo_routing_creation,2.23465,2.30806,2.55998,2.23465,2.30806,2.55998,65319,2.23792,4e-05
12x12_4T,12x12,4,784,3136,28,28,24,24,576,init_lbcs,0.05038,0.06398,0.09389,0.00703,0.01388,0.03631,1,0.01346,0.06398
12x12_4T,12x12,4,784,3136,28,28,24,24,576,jules.explicit,0.18405,0.39872,0.85116,0.17751,0.39175,0.84448,180,0.37985,0.00222
12x12_4T,12x12,4,784,3136,28,28,24,24,576,jules.extra,0.02379,0.14086,0.38226,0.01325,0.12956,0.36983,180,0.12562,0.00078
12x12_4T,12x12,4,784,3136,28,28,24,24,576,jules.implicit,0.26913,0.44225,0.74974,0.26211,0.43436,0.74149,720,0.42116,0.00061
12x12_4T,12x12,4,784,3136,28,28,24,24,576,jules.radiation,0.05668,0.07561,0.10369,0.05114,0.06972,0.09697,180,0.0676,0.00042
12x12_4T,12x12,4,784,3136,28,28,24,24,576,leonard_term,0.2199,0.56543,1.92108,0.07066,0.09282,0.11247,180,0.09,0.00314
12x12_4T,12x12,4,784,3136,28,28,24,24,576,lfric_xios.finalise_context,0.41631,0.41987,0.42065,1e-05,7e-05,9e-05,1,7e-05,0.41987
12x12_4T,12x12,4,784,3136,28,28,24,24,576,lfric_xios.init_context,0.0559,0.08475,0.21162,0.03877,0.06891,0.19938,1,0.06681,0.08475
12x12_4T,12x12,4,784,3136,28,28,24,24,576,lfric_xios.read_fldg,25.6815,25.72791,25.7616,25.6567,25.69473,25.7063,62,24.91396,0.41497
12x12_4T,12x12,4,784,3136,28,28,24,24,576,lfric_xios.write_fldg,0.6956,1.17167,1.92344,0.6956,1.17167,1.92344,211,1.13607,0.00555
12x12_4T,12x12,4,784,3136,28,28,24,24,576,locate_tropopause,0.00664,0.00831,0.01059,0.00615,0.00763,0.00961,180,0.0074,5e-05
12x12_4T,12x12,4,784,3136,28,28,24,24,576,mappings.map_physics_fields,1.91558,2.87111,3.66127,1.74011,2.54094,3.48917,181,2.46373,0.01586
12x12_4T,12x12,4,784,3136,28,28,24,24,576,mappings.set_wind,0.8879,1.061,1.98092,0.0423,0.08303,0.11864,180,0.08051,0.00589
12x12_4T,12x12,4,784,3136,28,28,24,24,576,mass_matrix_solver_alg,1.31428,2.51829,4.044,0.78006,0.92422,1.05385,1082,0.89614,0.00233
12x12_4T,12x12,4,784,3136,28,28,24,24,576,microphysics.casim,4.70737,6.30435,7.94281,4.69554,6.29292,7.93125,180,6.1017,0.03502
12x12_4T,12x12,4,784,3136,28,28,24,24,576,microphysics.casim_activate,0.0054,0.00736,0.01047,0.00428,0.00621,0.00935,181,0.00602,4e-05
12x12_4T,12x12,4,784,3136,28,28,24,24,576,mixed_solver.schur_precon,3.25049,3.31235,3.41351,0.00152,0.00205,0.00263,720,0.00199,0.0046
12x12_4T,12x12,4,784,3136,28,28,24,24,576,pressure_solver.helmholtz_lhs,1.97368,2.03844,2.27489,1.24732,1.36902,1.54558,19440,1.32742,0.0001
12x12_4T,12x12,4,784,3136,28,28,24,24,576,radiation.illuminate,0.03086,0.03418,0.04147,0.03086,0.03418,0.04147,180,0.03314,0.00019
12x12_4T,12x12,4,784,3136,28,28,24,24,576,radiation.lw,0.49743,0.79038,0.91255,0.49743,0.79038,0.91255,180,0.76636,0.00439
12x12_4T,12x12,4,784,3136,28,28,24,24,576,radiation.sw,0.00887,0.01344,0.01745,0.00887,0.01344,0.01745,180,0.01303,7e-05
12x12_4T,12x12,4,784,3136,28,28,24,24,576,runtime_constants.dycore,0.34799,0.43675,0.45834,0.34799,0.43671,0.45834,13,0.42344,0.0336
12x12_4T,12x12,4,784,3136,28,28,24,24,576,runtime_constants.fem,0.30654,0.34021,0.40014,0.18785,0.23956,0.26464,31,0.23228,0.01097
12x12_4T,12x12,4,784,3136,28,28,24,24,576,runtime_constants.geometric,0.17919,0.21675,0.29412,0.06053,0.07991,0.0944,26,0.07748,0.00834
12x12_4T,12x12,4,784,3136,28,28,24,24,576,runtime_constants.limited_area,0.02062,0.02598,0.03045,0.00137,0.00472,0.0076,15,0.00458,0.00173
12x12_4T,12x12,4,784,3136,28,28,24,24,576,runtime_constants.mapping,0.01997,0.02503,0.0358,0.01997,0.02503,0.0358,1,0.02427,0.02503
12x12_4T,12x12,4,784,3136,28,28,24,24,576,runtime_constants.physics,0.25938,0.26395,0.26645,0.00052,0.00481,0.00779,1,0.00466,0.26395
12x12_4T,12x12,4,784,3136,28,28,24,24,576,runtime_constants.solver,0.00055,0.00089,0.0018,0.00054,0.00088,0.00179,16,0.00085,6e-05
12x12_4T,12x12,4,784,3136,28,28,24,24,576,runtime_constants.transport,0.00066,0.00138,0.00269,0.00065,0.00137,0.00268,4,0.00132,0.00035
12x12_4T,12x12,4,784,3136,28,28,24,24,576,schur_precon.back_sub,0.25747,0.31516,0.38528,0.11347,0.14403,0.17146,720,0.13965,0.00044
12x12_4T,12x12,4,784,3136,28,28,24,24,576,schur_precon.pressure_solver,2.69895,2.7573,2.93421,0.64455,0.70921,0.74219,720,0.68766,0.00383
12x12_4T,12x12,4,784,3136,28,28,24,24,576,schur_precon.rhs,0.18333,0.23617,0.25496,0.18147,0.23378,0.25239,720,0.22668,0.00033
12x12_4T,12x12,4,784,3136,28,28,24,24,576,semi_implicit_timestep,65.2953,65.57103,65.82,1.22123,1.48331,1.54689,180,1.43824,0.36428
12x12_4T,12x12,4,784,3136,28,28,24,24,576,slow_physics,15.3867,15.41663,15.4838,0.39644,0.71625,2.38179,180,0.69449,0.08565
12x12_4T,12x12,4,784,3136,28,28,24,24,576,smagorinsky,1.1665,2.37602,4.98907,0.32831,0.42823,0.53103,360,0.41522,0.0066
12x12_4T,12x12,4,784,3136,28,28,24,24,576,solver.mixed_solver,3.3733,3.43252,3.53695,0.08633,0.10832,0.11953,720,0.10503,0.00477
12x12_4T,12x12,4,784,3136,28,28,24,24,576,stoch_phys.blpert,0.19284,1.10716,3.39257,0.03445,0.0427,0.09374,360,0.04141,0.00308
12x12_4T,12x12,4,784,3136,28,28,24,24,576,transport.controller_init,0.68173,0.72346,0.83325,0.42708,0.47352,0.63307,360,0.45913,0.00201
12x12_4T,12x12,4,784,3136,28,28,24,24,576,transport.ffsl_horizontal,3.67866,3.81352,3.9234,1.59425,1.75379,2.08211,2340,1.7005,0.00163
12x12_4T,12x12,4,784,3136,28,28,24,24,576,transport.ffsl_vertical,1.03517,1.10367,1.14717,0.87722,0.93871,0.98218,7200,0.91019,0.00015
12x12_4T,12x12,4,784,3136,28,28,24,24,576,transport.flux_precomp,0.74916,0.8387,0.87304,0.23599,0.26171,0.27292,8460,0.25376,0.0001
12x12_4T,12x12,4,784,3136,28,28,24,24,576,transport.flux_precomp_init,0.10731,0.13278,0.14274,0.10127,0.12517,0.13515,3240,0.12137,4e-05
12x12_4T,12x12,4,784,3136,28,28,24,24,576,transport.hori_dep_pts,0.48292,0.56217,0.59123,0.17149,0.19689,0.21245,1080,0.1909,0.00052
12x12_4T,12x12,4,784,3136,28,28,24,24,576,transport.sl_horizontal,3.21388,3.37866,3.4701,0.85456,0.9732,1.00483,2700,0.94363,0.00125
12x12_4T,12x12,4,784,3136,28,28,24,24,576,transport.sl_vertical,1.41197,1.47711,1.59324,0.25625,0.27963,0.31056,2880,0.27113,0.00051
12x12_4T,12x12,4,784,3136,28,28,24,24,576,transport.wind,5.29435,5.43459,5.52069,1.17207,1.43589,1.53288,360,1.39226,0.0151
12x12_4T,12x12,4,784,3136,28,28,24,24,576,transport.wind_precomp,0.83224,0.89329,1.09599,0.48106,0.54975,0.5751,2160,0.53304,0.00041
12x12_4T,12x12,4,784,3136,28,28,24,24,576,transport.wind_precomp_final,6.66557,6.89417,9.50671,6.66557,6.89417,9.50671,2160,6.68468,0.00319
12x12_4T,12x12,4,784,3136,28,28,24,24,576,transport.wind_precomp_init,0.15898,0.20694,0.22864,0.15305,0.19936,0.2213,360,0.1933,0.00057
12x12_4T,12x12,4,784,3136,28,28,24,24,576,update_lbcs,0.31159,0.38518,0.41192,0.28615,0.35812,0.38545,180,0.34724,0.00214
12x12_4T,12x12,4,784,3136,28,28,24,24,576,xios.close_context_definition,5.35697,5.35974,5.39662,5.35697,5.35974,5.39662,1,5.19688,5.35974
12x12_4T,12x12,4,784,3136,28,28,24,24,576,xios.context_finalize,0.41624,0.4198,0.42058,0.41624,0.4198,0.42058,1,0.40704,0.4198
12x12_4T,12x12,4,784,3136,28,28,24,24,576,xios.update_calendar,0.73339,0.74991,0.79414,0.73339,0.74991,0.79414,182,0.72713,0.00412
8x8_2T,8x8,2,3528,7056,42,84,16,8,128,__lfric_atm__,81.2997,81.30091,81.3022,0.00291,0.00522,0.00787,1,0.00642,81.30091
8x8_2T,8x8,2,3528,7056,42,84,16,8,128,__setup__,32.5502,32.5939,32.6825,6e-05,0.00127,0.00356,1,0.00156,32.5939
8x8_2T,8x8,2,3528,7056,42,84,16,8,128,__vernier__,0.10836,0.12465,0.1397,0.10836,0.12465,0.1397,624263,0.15331,0.0
8x8_2T,8x8,2,3528,7056,42,84,16,8,128,aerosol.glomap_clim,0.28444,0.34564,0.43415,0.28406,0.34522,0.43374,180,0.42462,0.00192
8x8_2T,8x8,2,3528,7056,42,84,16,8,128,aerosol.radaer,0.06394,0.08157,0.1139,0.06362,0.08119,0.11356,3,0.09986,0.02719
8x8_2T,8x8,2,3528,7056,42,84,16,8,128,aerosol.stratosphere,0.00117,0.00188,0.00406,0.00117,0.00188,0.00406,180,0.00232,1e-05
8x8_2T,8x8,2,3528,7056,42,84,16,8,128,bl.explicit,0.9652,1.36191,1.90388,0.42798,0.51595,0.58011,360,0.63462,0.00378
8x8_2T,8x8,2,3528,7056,42,84,16,8,128,bl.implicit,1.67287,2.11235,2.5146,1.31965,1.69835,2.15416,360,2.08897,0.00587
8x8_2T,8x8,2,3528,7056,42,84,16,8,128,cloud,0.15124,0.33362,0.54985,0.1417,0.32424,0.54098,180,0.39882,0.00185
8x8_2T,8x8,2,3528,7056,42,84,16,8,128,cloud.bm_tau,0.05235,0.0681,0.08014,0.05235,0.0681,0.08014,180,0.08376,0.00038
8x8_2T,8x8,2,3528,7056,42,84,16,8,128,diags.bl_exp,0.01504,0.01638,0.01847,0.00395,0.00453,0.00548,360,0.00557,5e-05
8x8_2T,8x8,2,3528,7056,42,84,16,8,128,diags.bl_imp,0.06217,0.08749,0.29881,0.05191,0.0565,0.06131,540,0.0695,0.00016
8x8_2T,8x8,2,3528,7056,42,84,16,8,128,diags.blpert,0.00289,0.00333,0.0039,4e-05,5e-05,9e-05,360,6e-05,1e-05
8x8_2T,8x8,2,3528,7056,42,84,16,8,128,diags.casim,0.01866,0.0215,0.02377,0.00962,0.01156,0.01342,360,0.01422,6e-05
8x8_2T,8x8,2,3528,7056,42,84,16,8,128,diags.cloud,0.04127,0.05332,0.14784,0.03794,0.04335,0.04686,360,0.05333,0.00015
8x8_2T,8x8,2,3528,7056,42,84,16,8,128,diags.dynamics,0.02714,0.03114,0.03352,0.02575,0.02953,0.03194,180,0.03632,0.00017
8x8_2T,8x8,2,3528,7056,42,84,16,8,128,diags.electric,0.00825,0.0094,0.01143,0.00721,0.0082,0.01018,360,0.01009,3e-05
8x8_2T,8x8,2,3528,7056,42,84,16,8,128,diags.glomap_clim,0.01635,0.01958,0.02482,0.0004,0.00071,0.00201,180,0.00087,0.00011
8x8_2T,8x8,2,3528,7056,42,84,16,8,128,diags.illuminate,0.00343,0.00367,0.00408,5e-05,7e-05,0.00037,180,9e-05,2e-05
8x8_2T,8x8,2,3528,7056,42,84,16,8,128,diags.jules_exp,0.01188,0.01359,0.0158,0.00542,0.00609,0.00687,360,0.00749,4e-05
8x8_2T,8x8,2,3528,7056,42,84,16,8,128,diags.jules_imp,0.01031,0.03355,0.28959,0.00623,0.00715,0.00828,360,0.0088,9e-05
8x8_2T,8x8,2,3528,7056,42,84,16,8,128,diags.jules_seaice,0.00279,0.00346,0.00441,0.00042,0.00061,0.00149,180,0.00075,2e-05
8x8_2T,8x8,2,3528,7056,42,84,16,8,128,diags.jules_snow,0.00678,0.1741,0.41856,0.00323,0.00364,0.00482,360,0.00448,0.00048
8x8_2T,8x8,2,3528,7056,42,84,16,8,128,diags.jules_soil,0.01082,0.05134,0.62179,0.00551,0.00622,0.00693,360,0.00765,0.00014
8x8_2T,8x8,2,3528,7056,42,84,16,8,128,diags.locate_tropopause,0.00119,0.00136,0.00174,1e-05,2e-05,4e-05,180,2e-05,1e-05
8x8_2T,8x8,2,3528,7056,42,84,16,8,128,diags.microphysics,0.01024,0.0115,0.01298,6e-05,8e-05,0.00015,180,0.0001,6e-05
8x8_2T,8x8,2,3528,7056,42,84,16,8,128,diags.pmsl,0.07271,0.19416,0.2571,0.01438,0.02221,0.02751,180,0.02732,0.00108
8x8_2T,8x8,2,3528,7056,42,84,16,8,128,diags.pressure_lev,0.01875,0.02291,0.02527,0.01803,0.02209,0.02445,180,0.02717,0.00013
8x8_2T,8x8,2,3528,7056,42,84,16,8,128,diags.radaer,0.00027,0.00051,0.0016,0.00026,0.00049,0.00158,9,0.00061,6e-05
8x8_2T,8x8,2,3528,7056,42,84,16,8,128,diags.radiation,0.27939,0.39013,0.5689,0.1022,0.11753,0.1271,360,0.14456,0.00108
8x8_2T,8x8,2,3528,7056,42,84,16,8,128,diags.smagorinsky,0.00375,0.00425,0.00486,6e-05,7e-05,0.0001,360,8e-05,1e-05
8x8_2T,8x8,2,3528,7056,42,84,16,8,128,dynamics.compute_si_operators,2.76587,2.96652,3.09088,1.26945,1.84676,1.95195,180,2.27151,0.01648
8x8_2T,8x8,2,3528,7056,42,84,16,8,128,dynamics.phys_predictors,0.43213,1.56136,4.40808,0.03233,0.03773,0.05297,360,0.04641,0.00434
8x8_2T,8x8,2,3528,7056,42,84,16,8,128,dynamics.rhs_alg,0.86215,1.85926,5.21159,0.56543,0.64568,0.69793,900,0.79419,0.00207
8x8_2T,8x8,2,3528,7056,42,84,16,8,128,dynamics.rhs_lbc,0.12007,0.13278,0.14993,0.08022,0.09252,0.10886,180,0.11379,0.00074
8x8_2T,8x8,2,3528,7056,42,84,16,8,128,dynamics.solver,2.03509,2.11366,2.1554,0.21727,0.24291,0.25765,720,0.29878,0.00294
8x8_2T,8x8,2,3528,7056,42,84,16,8,128,dynamics.transport,18.5436,19.53016,23.7103,0.6679,0.72116,0.91378,360,0.88702,0.05425
8x8_2T,8x8,2,3528,7056,42,84,16,8,128,dynamics.transport_predictors,0.25115,0.2661,0.27848,0.008,0.01049,0.01488,180,0.01291,0.00148
8x8_2T,8x8,2,3528,7056,42,84,16,8,128,electric,0.13368,0.1432,0.15548,0.01596,0.02075,0.02676,180,0.02553,0.0008
8x8_2T,8x8,2,3528,7056,42,84,16,8,128,fast_physics,4.68119,6.83364,8.30727,0.39318,1.46358,3.65673,360,1.8002,0.01898
8x8_2T,8x8,2,3528,7056,42,84,16,8,128,field.halo_ex_1,6.0263,9.40287,12.2765,4.47705,7.87327,10.7326,46335,9.68411,0.0002
8x8_2T,8x8,2,3528,7056,42,84,16,8,128,field.halo_ex_2,0.24382,0.62057,4.36342,0.17304,0.4904,4.20808,1986,0.60319,0.00031
8x8_2T,8x8,2,3528,7056,42,84,16,8,128,field.halo_ex_6,0.38015,0.40072,0.42496,0.13309,0.15447,0.17732,365,0.19,0.0011
8x8_2T,8x8,2,3528,7056,42,84,16,8,128,field.halo_ex_7,1.52657,1.80038,1.92845,1.29974,1.58073,1.70917,5084,1.9443,0.00035
8x8_2T,8x8,2,3528,7056,42,84,16,8,128,field.halo_ex_8,3.42931,4.25875,4.47979,3.35462,4.18114,4.40211,11549,5.1428,0.00037
8x8_2T,8x8,2,3528,7056,42,84,16,8,128,field.initialise,0.23764,0.27691,0.30791,0.23764,0.27691,0.30791,382052,0.3406,0.0
8x8_2T,8x8,2,3528,7056,42,84,16,8,128,field.read,26.2583,26.57581,26.6063,2e-05,7e-05,0.00062,62,9e-05,0.42864
8x8_2T,8x8,2,3528,7056,42,84,16,8,128,field.write,0.34689,0.64762,1.61506,0.0806,0.09001,0.09759,37951,0.11071,2e-05
8x8_2T,8x8,2,3528,7056,42,84,16,8,128,fs.constructor,0.0068,0.01222,0.01603,0.0068,0.01222,0.01603,71,0.01503,0.00017
8x8_2T,8x8,2,3528,7056,42,84,16,8,128,gungho_diagnostics_driver,1.49227,1.58235,1.87144,0.90444,1.12538,1.47318,181,1.38422,0.00874
8x8_2T,8x8,2,3528,7056,42,84,16,8,128,gungho_driver.finalise,0.637,0.65113,0.65163,0.01896,0.03324,0.03923,1,0.04089,0.65113
8x8_2T,8x8,2,3528,7056,42,84,16,8,128,gungho_driver.first_timestep,2.79436,2.88248,2.92679,2e-05,5e-05,0.00031,1,6e-05,2.88248
8x8_2T,8x8,2,3528,7056,42,84,16,8,128,gungho_driver.initialise,32.5479,32.59263,32.6822,0.69627,0.80197,0.88754,1,0.98642,32.59263
8x8_2T,8x8,2,3528,7056,42,84,16,8,128,gungho_driver.mesh_init,0.58845,0.60373,0.62154,0.58845,0.60373,0.62154,1,0.74259,0.60373
8x8_2T,8x8,2,3528,7056,42,84,16,8,128,gungho_driver.timestep,44.1969,44.21124,44.2282,0.00136,0.00167,0.00238,179,0.00205,0.24699
8x8_2T,8x8,2,3528,7056,42,84,16,8,128,gungho_timestep,45.1403,45.38812,45.5165,0.00786,0.00913,0.01149,180,0.01123,0.25216
8x8_2T,8x8,2,3528,7056,42,84,16,8,128,halo_routing_creation,2.02096,2.19093,2.35498,2.02096,2.19093,2.35498,65319,2.69484,3e-05
8x8_2T,8x8,2,3528,7056,42,84,16,8,128,init_lbcs,0.05318,0.06649,0.09307,0.00204,0.00931,0.03221,1,0.01145,0.06649
8x8_2T,8x8,2,3528,7056,42,84,16,8,128,jules.explicit,0.13909,0.27428,0.53288,0.13232,0.26698,0.52562,180,0.32839,0.00152
8x8_2T,8x8,2,3528,7056,42,84,16,8,128,jules.extra,0.02151,0.08082,0.20373,0.01153,0.07053,0.19318,180,0.08676,0.00045
8x8_2T,8x8,2,3528,7056,42,84,16,8,128,jules.implicit,0.24613,0.31207,0.44044,0.23957,0.30482,0.43259,720,0.37493,0.00043
8x8_2T,8x8,2,3528,7056,42,84,16,8,128,jules.radiation,0.02966,0.05095,0.07034,0.02643,0.04724,0.0666,180,0.0581,0.00028
8x8_2T,8x8,2,3528,7056,42,84,16,8,128,leonard_term,0.1068,0.25491,0.6045,0.03453,0.04174,0.04794,180,0.05134,0.00142
8x8_2T,8x8,2,3528,7056,42,84,16,8,128,lfric_xios.finalise_context,0.61192,0.61788,0.61913,1e-05,6e-05,9e-05,1,8e-05,0.61788
8x8_2T,8x8,2,3528,7056,42,84,16,8,128,lfric_xios.init_context,0.08352,0.17243,0.26829,0.04794,0.13531,0.23423,1,0.16644,0.17243
8x8_2T,8x8,2,3528,7056,42,84,16,8,128,lfric_xios.read_fldg,26.2583,26.57573,26.6062,26.2385,26.55059,26.5592,62,32.65719,0.42864
8x8_2T,8x8,2,3528,7056,42,84,16,8,128,lfric_xios.write_fldg,0.257,0.55754,1.52567,0.257,0.55754,1.52567,211,0.68578,0.00264
8x8_2T,8x8,2,3528,7056,42,84,16,8,128,locate_tropopause,0.00412,0.00499,0.00656,0.0038,0.00465,0.00622,180,0.00571,3e-05
8x8_2T,8x8,2,3528,7056,42,84,16,8,128,mappings.map_physics_fields,2.76004,2.96632,3.15435,1.23999,2.73465,3.07997,181,3.36362,0.01639
8x8_2T,8x8,2,3528,7056,42,84,16,8,128,mappings.set_wind,0.14807,0.21565,0.50038,0.01479,0.02597,0.03902,180,0.03195,0.0012
8x8_2T,8x8,2,3528,7056,42,84,16,8,128,mass_matrix_solver_alg,0.66382,1.79412,4.64304,0.38612,0.43414,0.47653,1082,0.53399,0.00166
8x8_2T,8x8,2,3528,7056,42,84,16,8,128,microphysics.casim,1.23894,1.64287,2.07168,1.22794,1.6321,2.06061,180,2.00748,0.00913
8x8_2T,8x8,2,3528,7056,42,84,16,8,128,microphysics.casim_activate,0.00347,0.00477,0.00859,0.00233,0.00361,0.00744,181,0.00444,3e-05
8x8_2T,8x8,2,3528,7056,42,84,16,8,128,mixed_solver.schur_precon,1.70417,1.77735,1.82111,0.00118,0.00146,0.0024,720,0.0018,0.00247
8x8_2T,8x8,2,3528,7056,42,84,16,8,128,pressure_solver.helmholtz_lhs,1.09963,1.16096,1.23084,0.58579,0.64707,0.68435,19440,0.79589,6e-05
8x8_2T,8x8,2,3528,7056,42,84,16,8,128,radiation.illuminate,0.01583,0.01914,0.0242,0.01583,0.01914,0.0242,180,0.02354,0.00011
8x8_2T,8x8,2,3528,7056,42,84,16,8,128,radiation.lw,0.23466,0.35169,0.45102,0.23466,0.35169,0.45102,180,0.43257,0.00195
8x8_2T,8x8,2,3528,7056,42,84,16,8,128,radiation.sw,0.00444,0.0114,0.01906,0.00444,0.0114,0.01906,180,0.01402,6e-05
8x8_2T,8x8,2,3528,7056,42,84,16,8,128,runtime_constants.dycore,0.1563,0.2358,0.2551,0.1563,0.23579,0.2551,13,0.29003,0.01814
8x8_2T,8x8,2,3528,7056,42,84,16,8,128,runtime_constants.fem,0.20714,0.29945,0.34313,0.08828,0.12801,0.14427,31,0.15746,0.00966
8x8_2T,8x8,2,3528,7056,42,84,16,8,128,runtime_constants.geometric,0.17835,0.22188,0.30003,0.03063,0.04214,0.04775,26,0.05183,0.00853
8x8_2T,8x8,2,3528,7056,42,84,16,8,128,runtime_constants.limited_area,0.02816,0.03625,0.04344,0.0012,0.00504,0.00941,15,0.0062,0.00242
8x8_2T,8x8,2,3528,7056,42,84,16,8,128,runtime_constants.mapping,0.00919,0.01278,0.01457,0.00919,0.01278,0.01457,1,0.01572,0.01278
8x8_2T,8x8,2,3528,7056,42,84,16,8,128,runtime_constants.physics,0.25457,0.2614,0.26512,0.00025,0.00426,0.00813,1,0.00524,0.2614
8x8_2T,8x8,2,3528,7056,42,84,16,8,128,runtime_constants.solver,0.00029,0.0005,0.00139,0.00028,0.0005,0.00138,16,0.00061,3e-05
8x8_2T,8x8,2,3528,7056,42,84,16,8,128,runtime_constants.transport,0.00031,0.00128,0.00375,0.0003,0.00124,0.00372,4,0.00153,0.00032
8x8_2T,8x8,2,3528,7056,42,84,16,8,128,schur_precon.back_sub,0.13435,0.17287,0.19138,0.05036,0.06202,0.06946,720,0.07628,0.00024
8x8_2T,8x8,2,3528,7056,42,84,16,8,128,schur_precon.pressure_solver,1.45296,1.5162,1.56751,0.31519,0.34733,0.35801,720,0.42721,0.00211
8x8_2T,8x8,2,3528,7056,42,84,16,8,128,schur_precon.rhs,0.0714,0.08564,0.09475,0.07016,0.08409,0.09325,720,0.10343,0.00012
8x8_2T,8x8,2,3528,7056,42,84,16,8,128,semi_implicit_timestep,45.1319,45.3788,45.5073,0.67331,0.71935,0.75193,180,0.88481,0.2521
8x8_2T,8x8,2,3528,7056,42,84,16,8,128,slow_physics,5.76055,5.85989,6.04162,0.38027,0.57672,0.88465,180,0.70936,0.03255
8x8_2T,8x8,2,3528,7056,42,84,16,8,128,smagorinsky,0.82692,2.30964,4.51497,0.16421,0.19458,0.23011,360,0.23933,0.00642
8x8_2T,8x8,2,3528,7056,42,84,16,8,128,solver.mixed_solver,1.75583,1.82749,1.86897,0.03822,0.04351,0.04862,720,0.05352,0.00254
8x8_2T,8x8,2,3528,7056,42,84,16,8,128,stoch_phys.blpert,0.10406,0.59959,3.76971,0.02784,0.03514,0.08457,360,0.04323,0.00167
8x8_2T,8x8,2,3528,7056,42,84,16,8,128,transport.controller_init,0.71129,0.74631,0.81037,0.48032,0.52479,0.67981,360,0.6455,0.00207
8x8_2T,8x8,2,3528,7056,42,84,16,8,128,transport.ffsl_horizontal,3.36576,3.66216,3.74229,0.82846,0.87556,1.097,2340,1.07694,0.00157
8x8_2T,8x8,2,3528,7056,42,84,16,8,128,transport.ffsl_vertical,0.55575,0.68113,0.7395,0.46087,0.58224,0.64013,7200,0.71615,9e-05
8x8_2T,8x8,2,3528,7056,42,84,16,8,128,transport.flux_precomp,0.61483,0.80309,0.85173,0.12882,0.13903,0.14604,8460,0.17101,9e-05
8x8_2T,8x8,2,3528,7056,42,84,16,8,128,transport.flux_precomp_init,0.06593,0.07313,0.07871,0.06011,0.06658,0.07196,3240,0.0819,2e-05
8x8_2T,8x8,2,3528,7056,42,84,16,8,128,transport.hori_dep_pts,0.46364,0.652,0.69912,0.08417,0.09061,0.10236,1080,0.11145,0.0006
8x8_2T,8x8,2,3528,7056,42,84,16,8,128,transport.sl_horizontal,3.53351,4.12985,4.25134,0.40347,0.45444,0.47129,2700,0.55896,0.00153
8x8_2T,8x8,2,3528,7056,42,84,16,8,128,transport.sl_vertical,0.90478,0.9719,1.27488,0.11365,0.12472,0.15405,2880,0.1534,0.00034
8x8_2T,8x8,2,3528,7056,42,84,16,8,128,transport.wind,4.66636,4.78083,5.04245,0.58264,0.72467,0.96782,360,0.89134,0.01328
8x8_2T,8x8,2,3528,7056,42,84,16,8,128,transport.wind_precomp,0.64165,0.7084,0.99881,0.21565,0.25448,0.2706,2160,0.31301,0.00033
8x8_2T,8x8,2,3528,7056,42,84,16,8,128,transport.wind_precomp_final,6.63656,7.44669,11.6078,6.63656,7.44669,11.6078,2160,9.15941,0.00345
8x8_2T,8x8,2,3528,7056,42,84,16,8,128,transport.wind_precomp_init,0.0762,0.08948,0.11402,0.07061,0.08298,0.107,360,0.10207,0.00025
8x8_2T,8x8,2,3528,7056,42,84,16,8,128,update_lbcs,0.14273,0.17133,0.18,0.12846,0.15519,0.16392,180,0.19088,0.00095
8x8_2T,8x8,2,3528,7056,42,84,16,8,128,xios.close_context_definition,3.84368,3.84674,4.15607,3.84368,3.84674,4.15607,1,4.73148,3.84674
8x8_2T,8x8,2,3528,7056,42,84,16,8,128,xios.context_finalize,0.61185,0.61781,0.61907,0.61185,0.61781,0.61907,1,0.75991,0.61781
8x8_2T,8x8,2,3528,7056,42,84,16,8,128,xios.update_calendar,0.94296,0.95819,1.09416,0.94296,0.95819,1.09416,182,1.17857,0.00526
8x8_4T,8x8,4,1764,7056,42,42,16,16,256,__lfric_atm__,77.2102,77.21092,77.2116,0.0031,0.00424,0.00547,1,0.00549,77.21092
8x8_4T,8x8,4,1764,7056,42,42,16,16,256,__setup__,31.6992,31.73927,31.7643,6e-05,0.00049,0.00141,1,0.00063,31.73927
8x8_4T,8x8,4,1764,7056,42,42,16,16,256,__vernier__,0.10709,0.11789,0.12857,0.10709,0.11789,0.12857,624263,0.15268,0.0
8x8_4T,8x8,4,1764,7056,42,42,16,16,256,aerosol.glomap_clim,0.27899,0.32103,0.33998,0.27885,0.32085,0.33982,180,0.41555,0.00178
8x8_4T,8x8,4,1764,7056,42,42,16,16,256,aerosol.radaer,0.06367,0.07865,0.10132,0.06339,0.07834,0.101,3,0.10146,0.02622
8x8_4T,8x8,4,1764,7056,42,42,16,16,256,aerosol.stratosphere,0.0012,0.00192,0.00423,0.0012,0.00192,0.00423,180,0.00249,1e-05
8x8_4T,8x8,4,1764,7056,42,42,16,16,256,bl.explicit,1.08075,1.75431,2.7295,0.49775,0.57524,0.64009,360,0.74503,0.00487
8x8_4T,8x8,4,1764,7056,42,42,16,16,256,bl.implicit,1.89849,2.60299,3.31261,1.47436,2.15905,2.91292,360,2.7963,0.00723
8x8_4T,8x8,4,1764,7056,42,42,16,16,256,cloud,0.20474,0.55338,0.9511,0.19605,0.54425,0.9421,180,0.70488,0.00307
8x8_4T,8x8,4,1764,7056,42,42,16,16,256,cloud.bm_tau,0.06535,0.08395,0.09513,0.06535,0.08395,0.09513,180,0.10873,0.00047
8x8_4T,8x8,4,1764,7056,42,42,16,16,256,diags.bl_exp,0.01493,0.01603,0.01725,0.00386,0.00426,0.00489,360,0.00552,4e-05
8x8_4T,8x8,4,1764,7056,42,42,16,16,256,diags.bl_imp,0.06314,0.23863,0.47838,0.04978,0.05344,0.05745,540,0.06922,0.00044
8x8_4T,8x8,4,1764,7056,42,42,16,16,256,diags.blpert,0.00293,0.00328,0.00381,4e-05,4e-05,9e-05,360,6e-05,1e-05
8x8_4T,8x8,4,1764,7056,42,42,16,16,256,diags.casim,0.01864,0.0206,0.02337,0.00934,0.01099,0.01245,360,0.01423,6e-05
8x8_4T,8x8,4,1764,7056,42,42,16,16,256,diags.cloud,0.05249,0.08922,0.28474,0.038,0.04087,0.04428,360,0.05293,0.00025
8x8_4T,8x8,4,1764,7056,42,42,16,16,256,diags.dynamics,0.0272,0.02911,0.03049,0.02577,0.02761,0.02895,180,0.03576,0.00016
8x8_4T,8x8,4,1764,7056,42,42,16,16,256,diags.electric,0.00815,0.00856,0.00987,0.00706,0.00746,0.00875,360,0.00966,2e-05
8x8_4T,8x8,4,1764,7056,42,42,16,16,256,diags.glomap_clim,0.01651,0.01849,0.02034,0.00035,0.00061,0.0022,180,0.00078,0.0001
8x8_4T,8x8,4,1764,7056,42,42,16,16,256,diags.illuminate,0.00319,0.00337,0.00385,6e-05,8e-05,0.0002,180,0.0001,2e-05
8x8_4T,8x8,4,1764,7056,42,42,16,16,256,diags.jules_exp,0.01365,0.16813,0.19376,0.0053,0.00559,0.006,360,0.00724,0.00047
8x8_4T,8x8,4,1764,7056,42,42,16,16,256,diags.jules_imp,0.01051,0.04565,0.21941,0.00626,0.00683,0.00792,360,0.00884,0.00013
8x8_4T,8x8,4,1764,7056,42,42,16,16,256,diags.jules_seaice,0.00285,0.00368,0.00599,0.00042,0.00057,0.00087,180,0.00074,2e-05
8x8_4T,8x8,4,1764,7056,42,42,16,16,256,diags.jules_snow,0.00672,0.0403,0.3615,0.00315,0.00364,0.00515,360,0.00471,0.00011
8x8_4T,8x8,4,1764,7056,42,42,16,16,256,diags.jules_soil,0.01022,0.04467,0.37635,0.00543,0.0058,0.00635,360,0.00751,0.00012
8x8_4T,8x8,4,1764,7056,42,42,16,16,256,diags.locate_tropopause,0.00103,0.00121,0.00153,1e-05,2e-05,6e-05,180,2e-05,1e-05
8x8_4T,8x8,4,1764,7056,42,42,16,16,256,diags.microphysics,0.01033,0.01134,0.0134,6e-05,0.0001,0.00016,180,0.00012,6e-05
8x8_4T,8x8,4,1764,7056,42,42,16,16,256,diags.pmsl,0.05042,0.14491,0.2182,0.01504,0.02041,0.02322,180,0.02644,0.00081
8x8_4T,8x8,4,1764,7056,42,42,16,16,256,diags.pressure_lev,0.01876,0.02212,0.02468,0.0181,0.02133,0.02387,180,0.02763,0.00012
8x8_4T,8x8,4,1764,7056,42,42,16,16,256,diags.radaer,0.00025,0.00034,0.00111,0.00024,0.00033,0.00109,9,0.00043,4e-05
8x8_4T,8x8,4,1764,7056,42,42,16,16,256,diags.radiation,0.23256,0.50829,0.77697,0.10155,0.10577,0.11195,360,0.13699,0.00141
8x8_4T,8x8,4,1764,7056,42,42,16,16,256,diags.smagorinsky,0.00369,0.00405,0.00468,6e-05,6e-05,0.00013,360,8e-05,1e-05
8x8_4T,8x8,4,1764,7056,42,42,16,16,256,dynamics.compute_si_operators,2.80049,3.18813,3.27414,1.23822,1.64351,1.74426,180,2.12859,0.01771
8x8_4T,8x8,4,1764,7056,42,42,16,16,256,dynamics.phys_predictors,0.44229,1.38553,2.52855,0.03252,0.04149,0.05528,360,0.05373,0.00385
8x8_4T,8x8,4,1764,7056,42,42,16,16,256,dynamics.rhs_alg,0.86627,1.63596,3.09577,0.55721,0.63651,0.6787,900,0.82438,0.00182
8x8_4T,8x8,4,1764,7056,42,42,16,16,256,dynamics.rhs_lbc,0.1198,0.12921,0.13884,0.08067,0.0931,0.10342,180,0.12059,0.00072
8x8_4T,8x8,4,1764,7056,42,42,16,16,256,dynamics.solver,2.04946,2.09285,2.14786,0.23159,0.24973,0.26156,720,0.32344,0.00291
8x8_4T,8x8,4,1764,7056,42,42,16,16,256,dynamics.transport,16.2715,16.51834,18.6257,0.66369,0.69455,0.80323,360,0.89954,0.04588
8x8_4T,8x8,4,1764,7056,42,42,16,16,256,dynamics.transport_predictors,0.25358,0.26787,0.28241,0.00795,0.01009,0.01255,180,0.01307,0.00149
8x8_4T,8x8,4,1764,7056,42,42,16,16,256,electric,0.09398,0.10304,0.11764,0.01667,0.01997,0.02654,180,0.02586,0.00057
8x8_4T,8x8,4,1764,7056,42,42,16,16,256,fast_physics,5.55934,6.21145,7.31748,0.24895,0.56182,1.12181,360,0.72764,0.01725
8x8_4T,8x8,4,1764,7056,42,42,16,16,256,field.halo_ex_1,5.98423,9.06209,11.4761,4.67914,7.74253,10.1142,46335,10.02776,0.0002
8x8_4T,8x8,4,1764,7056,42,42,16,16,256,field.halo_ex_2,0.21114,0.52649,2.38177,0.17131,0.46775,2.34325,1986,0.60581,0.00027
8x8_4T,8x8,4,1764,7056,42,42,16,16,256,field.halo_ex_6,0.24257,0.25612,0.27854,0.08788,0.10065,0.1206,365,0.13035,0.0007
8x8_4T,8x8,4,1764,7056,42,42,16,16,256,field.halo_ex_7,1.05716,1.24884,1.41266,0.91613,1.11277,1.27487,5084,1.44121,0.00025
8x8_4T,8x8,4,1764,7056,42,42,16,16,256,field.halo_ex_8,2.36616,2.84298,2.99613,2.31117,2.78472,2.93725,11549,3.60664,0.00025
8x8_4T,8x8,4,1764,7056,42,42,16,16,256,field.initialise,0.22804,0.2548,0.28031,0.22804,0.2548,0.28031,382052,0.33001,0.0
8x8_4T,8x8,4,1764,7056,42,42,16,16,256,field.read,24.0621,24.10249,24.134,2e-05,6e-05,0.00033,62,7e-05,0.38875
8x8_4T,8x8,4,1764,7056,42,42,16,16,256,field.write,0.44167,1.26198,2.09809,0.08106,0.08506,0.09235,37951,0.11017,3e-05
8x8_4T,8x8,4,1764,7056,42,42,16,16,256,fs.constructor,0.00887,0.01446,0.01775,0.00887,0.01446,0.01775,71,0.01873,0.0002
8x8_4T,8x8,4,1764,7056,42,42,16,16,256,gungho_diagnostics_driver,1.54412,1.6345,2.08824,0.96809,1.17117,1.65049,181,1.51684,0.00903
8x8_4T,8x8,4,1764,7056,42,42,16,16,256,gungho_driver.finalise,0.42185,0.52128,0.52304,0.01806,0.11795,0.12276,1,0.15276,0.52128
8x8_4T,8x8,4,1764,7056,42,42,16,16,256,gungho_driver.first_timestep,2.35044,2.37546,2.41519,2e-05,4e-05,0.00034,1,5e-05,2.37546
8x8_4T,8x8,4,1764,7056,42,42,16,16,256,gungho_driver.initialise,31.6983,31.73878,31.764,1.01557,1.05155,1.08971,1,1.36192,31.73878
8x8_4T,8x8,4,1764,7056,42,42,16,16,256,gungho_driver.mesh_init,0.48968,0.49833,0.50417,0.48968,0.49833,0.50417,1,0.64542,0.49833
8x8_4T,8x8,4,1764,7056,42,42,16,16,256,gungho_driver.timestep,41.7156,41.72329,41.8288,0.00131,0.00172,0.00235,179,0.00222,0.23309
8x8_4T,8x8,4,1764,7056,42,42,16,16,256,gungho_timestep,41.8666,42.31516,42.4445,0.00715,0.00834,0.00995,180,0.0108,0.23508
8x8_4T,8x8,4,1764,7056,42,42,16,16,256,halo_routing_creation,1.53447,1.71635,1.89217,1.53447,1.71635,1.89217,65319,2.22294,3e-05
8x8_4T,8x8,4,1764,7056,42,42,16,16,256,init_lbcs,0.04534,0.05967,0.07914,0.00396,0.00973,0.02896,1,0.0126,0.05967
8x8_4T,8x8,4,1764,7056,42,42,16,16,256,jules.explicit,0.1499,0.27632,0.54882,0.14305,0.26966,0.54212,180,0.34925,0.00154
8x8_4T,8x8,4,1764,7056,42,42,16,16,256,jules.extra,0.02041,0.08612,0.22399,0.01102,0.07617,0.21336,180,0.09866,0.00048
8x8_4T,8x8,4,1764,7056,42,42,16,16,256,jules.implicit,0.23848,0.33278,0.47882,0.23177,0.32597,0.47165,720,0.42218,0.00046
8x8_4T,8x8,4,1764,7056,42,42,16,16,256,jules.radiation,0.03162,0.04683,0.06502,0.02848,0.04323,0.06136,180,0.05599,0.00026
8x8_4T,8x8,4,1764,7056,42,42,16,16,256,leonard_term,0.11754,0.30408,0.95296,0.03571,0.04343,0.0511,180,0.05624,0.00169
8x8_4T,8x8,4,1764,7056,42,42,16,16,256,lfric_xios.finalise_context,0.39929,0.40333,0.40459,1e-05,7e-05,0.0001,1,9e-05,0.40333
8x8_4T,8x8,4,1764,7056,42,42,16,16,256,lfric_xios.init_context,0.25305,0.26303,0.26648,0.22582,0.23644,0.25546,1,0.30622,0.26303
8x8_4T,8x8,4,1764,7056,42,42,16,16,256,lfric_xios.read_fldg,24.0621,24.10243,24.1339,24.0527,24.08856,24.1073,62,31.19838,0.38875
8x8_4T,8x8,4,1764,7056,42,42,16,16,256,lfric_xios.write_fldg,0.3592,1.17685,2.01488,0.3592,1.17685,2.01488,211,1.5242,0.00558
8x8_4T,8x8,4,1764,7056,42,42,16,16,256,locate_tropopause,0.00428,0.00484,0.00613,0.00381,0.00431,0.00559,180,0.00558,3e-05
8x8_4T,8x8,4,1764,7056,42,42,16,16,256,mappings.map_physics_fields,1.25229,1.68727,2.06843,1.09167,1.5037,1.9599,181,1.94753,0.00932
8x8_4T,8x8,4,1764,7056,42,42,16,16,256,mappings.set_wind,0.24126,0.32198,0.82356,0.01782,0.0332,0.04651,180,0.04299,0.00179
8x8_4T,8x8,4,1764,7056,42,42,16,16,256,mass_matrix_solver_alg,0.66526,1.61538,2.75876,0.38472,0.44194,0.48626,1082,0.57238,0.00149
8x8_4T,8x8,4,1764,7056,42,42,16,16,256,microphysics.casim,2.18118,2.86973,3.66084,2.17106,2.85971,3.651,180,3.70377,0.01594
8x8_4T,8x8,4,1764,7056,42,42,16,16,256,microphysics.casim_activate,0.00382,0.00509,0.00755,0.00259,0.00392,0.00642,181,0.00507,3e-05
8x8_4T,8x8,4,1764,7056,42,42,16,16,256,mixed_solver.schur_precon,1.72509,1.75773,1.807,0.00118,0.00143,0.00252,720,0.00185,0.00244
8x8_4T,8x8,4,1764,7056,42,42,16,16,256,pressure_solver.helmholtz_lhs,1.09775,1.13557,1.20401,0.59864,0.63508,0.71761,19440,0.82253,6e-05
8x8_4T,8x8,4,1764,7056,42,42,16,16,256,radiation.illuminate,0.0165,0.01893,0.0223,0.0165,0.01893,0.0223,180,0.02452,0.00011
8x8_4T,8x8,4,1764,7056,42,42,16,16,256,radiation.lw,0.2262,0.37408,0.4679,0.2262,0.37408,0.4679,180,0.4845,0.00208
8x8_4T,8x8,4,1764,7056,42,42,16,16,256,radiation.sw,0.00559,0.00973,0.01345,0.00559,0.00973,0.01345,180,0.0126,5e-05
8x8_4T,8x8,4,1764,7056,42,42,16,16,256,runtime_constants.dycore,0.15024,0.21244,0.22867,0.15024,0.21241,0.22867,13,0.2751,0.01634
8x8_4T,8x8,4,1764,7056,42,42,16,16,256,runtime_constants.fem,0.16879,0.20112,0.24494,0.08412,0.11513,0.12652,31,0.14911,0.00649
8x8_4T,8x8,4,1764,7056,42,42,16,16,256,runtime_constants.geometric,0.13207,0.31209,0.36521,0.02895,0.04003,0.04565,26,0.05185,0.012
8x8_4T,8x8,4,1764,7056,42,42,16,16,256,runtime_constants.limited_area,0.01823,0.02687,0.03137,0.0015,0.00408,0.00788,15,0.00528,0.00179
8x8_4T,8x8,4,1764,7056,42,42,16,16,256,runtime_constants.mapping,0.00911,0.01141,0.01299,0.00911,0.01141,0.01299,1,0.01478,0.01141
8x8_4T,8x8,4,1764,7056,42,42,16,16,256,runtime_constants.physics,0.20773,0.21195,0.21492,0.00037,0.00439,0.0075,1,0.00568,0.21195
8x8_4T,8x8,4,1764,7056,42,42,16,16,256,runtime_constants.solver,0.00037,0.00061,0.00181,0.00036,0.0006,0.0018,16,0.00078,4e-05
8x8_4T,8x8,4,1764,7056,42,42,16,16,256,runtime_constants.transport,0.00044,0.00105,0.0027,0.00042,0.00104,0.00269,4,0.00135,0.00026
8x8_4T,8x8,4,1764,7056,42,42,16,16,256,schur_precon.back_sub,0.15347,0.1756,0.20678,0.04923,0.05735,0.06345,720,0.07428,0.00024
8x8_4T,8x8,4,1764,7056,42,42,16,16,256,schur_precon.pressure_solver,1.45717,1.49304,1.55804,0.32979,0.34999,0.35878,720,0.4533,0.00207
8x8_4T,8x8,4,1764,7056,42,42,16,16,256,schur_precon.rhs,0.07612,0.0866,0.09433,0.07492,0.0853,0.09303,720,0.11048,0.00012
8x8_4T,8x8,4,1764,7056,42,42,16,16,256,semi_implicit_timestep,41.8582,42.30665,42.4369,0.67067,0.70336,0.73299,180,0.91095,0.23504
8x8_4T,8x8,4,1764,7056,42,42,16,16,256,slow_physics,7.68463,7.73488,7.84199,0.28618,0.44065,1.10874,180,0.57071,0.04297
8x8_4T,8x8,4,1764,7056,42,42,16,16,256,smagorinsky,0.92009,1.77759,3.26218,0.17504,0.20549,0.23503,360,0.26614,0.00494
8x8_4T,8x8,4,1764,7056,42,42,16,16,256,solver.mixed_solver,1.77265,1.80478,1.8531,0.0378,0.04112,0.04624,720,0.05326,0.00251
8x8_4T,8x8,4,1764,7056,42,42,16,16,256,stoch_phys.blpert,0.15024,0.71801,2.45111,0.02867,0.03489,0.04061,360,0.04519,0.00199
8x8_4T,8x8,4,1764,7056,42,42,16,16,256,transport.controller_init,0.61143,0.63961,0.68116,0.42831,0.45957,0.55477,360,0.59521,0.00178
8x8_4T,8x8,4,1764,7056,42,42,16,16,256,transport.ffsl_horizontal,2.67526,2.83667,2.89531,0.83795,0.86364,1.04778,2340,1.11854,0.00121
8x8_4T,8x8,4,1764,7056,42,42,16,16,256,transport.ffsl_vertical,0.52858,0.74641,0.80473,0.44117,0.65607,0.71051,7200,0.84971,0.0001
8x8_4T,8x8,4,1764,7056,42,42,16,16,256,transport.flux_precomp,0.5348,0.63453,0.66509,0.12987,0.13502,0.14273,8460,0.17487,8e-05
8x8_4T,8x8,4,1764,7056,42,42,16,16,256,transport.flux_precomp_init,0.06378,0.06836,0.07187,0.05846,0.0625,0.06626,3240,0.08095,2e-05
8x8_4T,8x8,4,1764,7056,42,42,16,16,256,transport.hori_dep_pts,0.38616,0.48807,0.51872,0.08702,0.09378,0.1031,1080,0.12145,0.00045
8x8_4T,8x8,4,1764,7056,42,42,16,16,256,transport.sl_horizontal,2.55447,2.86899,2.98148,0.42091,0.44379,0.45961,2700,0.57477,0.00106
8x8_4T,8x8,4,1764,7056,42,42,16,16,256,transport.sl_vertical,0.79556,0.85734,0.97975,0.12087,0.12788,0.15075,2880,0.16562,0.0003
8x8_4T,8x8,4,1764,7056,42,42,16,16,256,transport.wind,3.62418,3.73525,4.16068,0.56895,0.65995,1.11639,360,0.85474,0.01038
8x8_4T,8x8,4,1764,7056,42,42,16,16,256,transport.wind_precomp,0.54277,0.60031,0.72105,0.23988,0.25547,0.27055,2160,0.33087,0.00028
8x8_4T,8x8,4,1764,7056,42,42,16,16,256,transport.wind_precomp_final,6.67029,6.81593,8.90489,6.67029,6.81593,8.90489,2160,8.82767,0.00316
8x8_4T,8x8,4,1764,7056,42,42,16,16,256,transport.wind_precomp_init,0.07104,0.0833,0.10365,0.0663,0.0777,0.09711,360,0.10064,0.00023
8x8_4T,8x8,4,1764,7056,42,42,16,16,256,update_lbcs,0.15877,0.1936,0.20394,0.14395,0.17761,0.18568,180,0.23004,0.00108
8x8_4T,8x8,4,1764,7056,42,42,16,16,256,xios.close_context_definition,5.3833,5.38491,5.42011,5.3833,5.38491,5.42011,1,6.97428,5.38491
8x8_4T,8x8,4,1764,7056,42,42,16,16,256,xios.context_finalize,0.39922,0.40326,0.40452,0.39922,0.40326,0.40452,1,0.52229,0.40326
8x8_4T,8x8,4,1764,7056,42,42,16,16,256,xios.update_calendar,0.83726,0.84945,0.92487,0.83726,0.84945,0.92487,182,1.10017,0.00467
