decomposition,subgroup,threads,mpi_ranks,cores,nx,ny,local_nx,local_ny,columns_per_rank,routine,Total Min(s),Total Mean(s),Total Max(s),Self Min(s),Self Mean(s),Self Max(s),Max no. calls,% time,Time per call(s)
48x48_1T,48x48,1,196,196,14,14,48,48,2304,__lfric_atm__,816.964,816.967,816.969,0.00365,0.01095,0.01573,1,0.00134,816.967
48x48_1T,48x48,1,196,196,14,14,48,48,2304,__setup__,39.1495,39.83322,40.3396,7e-05,0.00255,0.00596,1,0.00031,39.83322
48x48_1T,48x48,1,196,196,14,14,48,48,2304,__vernier__,0.30917,0.69623,0.75171,0.30917,0.69623,0.75171,621531,0.08522,0.0
48x48_1T,48x48,1,196,196,14,14,48,48,2304,aerosol.glomap_clim,8.76688,11.03537,11.7004,8.76649,11.03481,11.6999,180,1.3507,0.06131
48x48_1T,48x48,1,196,196,14,14,48,48,2304,aerosol.radaer,2.15202,2.76762,2.9983,2.15173,2.76715,2.99781,3,0.33871,0.92254
48x48_1T,48x48,1,196,196,14,14,48,48,2304,aerosol.stratosphere,0.01303,0.05398,0.10884,0.01303,0.05398,0.10884,180,0.00661,0.0003
48x48_1T,48x48,1,196,196,14,14,48,48,2304,bl.explicit,14.8311,27.12657,45.8163,10.0799,18.35049,21.9041,360,2.24617,0.07535
48x48_1T,48x48,1,196,196,14,14,48,48,2304,bl.implicit,43.7208,72.81245,82.2026,43.0256,69.60395,79.0915,360,8.5198,0.20226
48x48_1T,48x48,1,196,196,14,14,48,48,2304,cloud,6.22043,9.79966,13.9505,6.20058,9.77989,13.9309,180,1.1971,0.05444
48x48_1T,48x48,1,196,196,14,14,48,48,2304,cloud.bm_tau,1.96659,4.33045,4.58372,1.96659,4.33045,4.58372,180,0.53006,0.02406
48x48_1T,48x48,1,196,196,14,14,48,48,2304,diags.bl_exp,0.03198,0.04961,0.07176,0.0046,0.00885,0.01313,360,0.00108,0.00014
48x48_1T,48x48,1,196,196,14,14,48,48,2304,diags.bl_imp,0.0701,0.15852,0.2247,0.05359,0.08243,0.09952,540,0.01009,0.00029
48x48_1T,48x48,1,196,196,14,14,48,48,2304,diags.blpert,0.00557,0.00817,0.01091,5e-05,7e-05,0.00012,360,1e-05,2e-05
48x48_1T,48x48,1,196,196,14,14,48,48,2304,diags.casim,0.03913,0.04995,0.06731,0.01316,0.02323,0.03158,360,0.00284,0.00014
48x48_1T,48x48,1,196,196,14,14,48,48,2304,diags.cloud,0.05755,0.08033,0.08794,0.05055,0.07119,0.07715,360,0.00871,0.00022
48x48_1T,48x48,1,196,196,14,14,48,48,2304,diags.dynamics,0.02914,0.04445,0.06063,0.02754,0.04225,0.05741,180,0.00517,0.00025
48x48_1T,48x48,1,196,196,14,14,48,48,2304,diags.electric,0.00888,0.01524,0.02231,0.00749,0.01198,0.01666,360,0.00147,4e-05
48x48_1T,48x48,1,196,196,14,14,48,48,2304,diags.glomap_clim,0.02187,0.04129,0.05911,0.00054,0.00144,0.0033,180,0.00018,0.00023
48x48_1T,48x48,1,196,196,14,14,48,48,2304,diags.illuminate,0.00733,0.01377,0.03152,7e-05,0.0002,0.00055,180,2e-05,8e-05
48x48_1T,48x48,1,196,196,14,14,48,48,2304,diags.jules_exp,0.023,0.12179,0.22551,0.00564,0.00875,0.01073,360,0.00107,0.00034
48x48_1T,48x48,1,196,196,14,14,48,48,2304,diags.jules_imp,0.03175,0.11494,0.14149,0.00765,0.01514,0.02519,360,0.00185,0.00032
48x48_1T,48x48,1,196,196,14,14,48,48,2304,diags.jules_seaice,0.00464,0.00971,0.02648,0.0021,0.00452,0.01974,180,0.00055,5e-05
48x48_1T,48x48,1,196,196,14,14,48,48,2304,diags.jules_snow,0.00828,0.01362,0.0243,0.00418,0.00683,0.00815,360,0.00084,4e-05
48x48_1T,48x48,1,196,196,14,14,48,48,2304,diags.jules_soil,0.01238,0.0174,0.02155,0.00676,0.00933,0.01063,360,0.00114,5e-05
48x48_1T,48x48,1,196,196,14,14,48,48,2304,diags.locate_tropopause,0.00156,0.00455,0.00509,1e-05,2e-05,7e-05,180,0.0,3e-05
48x48_1T,48x48,1,196,196,14,14,48,48,2304,diags.microphysics,0.02347,0.0314,0.05065,0.00011,0.00024,0.00044,180,3e-05,0.00017
48x48_1T,48x48,1,196,196,14,14,48,48,2304,diags.pmsl,0.22208,0.30446,0.36861,0.1083,0.17137,0.20459,180,0.02098,0.00169
48x48_1T,48x48,1,196,196,14,14,48,48,2304,diags.pressure_lev,0.02183,0.03567,0.0446,0.02091,0.03472,0.04357,180,0.00425,0.0002
48x48_1T,48x48,1,196,196,14,14,48,48,2304,diags.radaer,0.00029,0.00051,0.00113,0.00027,0.00049,0.00111,9,6e-05,6e-05
48x48_1T,48x48,1,196,196,14,14,48,48,2304,diags.radiation,0.1487,0.27601,0.39476,0.10581,0.15477,0.17895,360,0.01894,0.00077
48x48_1T,48x48,1,196,196,14,14,48,48,2304,diags.smagorinsky,0.0076,0.01803,0.0212,0.00011,0.00043,0.00064,360,5e-05,5e-05
48x48_1T,48x48,1,196,196,14,14,48,48,2304,dynamics.compute_si_operators,60.7792,63.27895,71.9726,33.7554,52.81057,55.3136,180,6.46422,0.35155
48x48_1T,48x48,1,196,196,14,14,48,48,2304,dynamics.phys_predictors,31.0049,33.53928,36.0268,0.81414,3.07879,3.64047,360,0.37686,0.09316
48x48_1T,48x48,1,196,196,14,14,48,48,2304,dynamics.rhs_alg,35.2973,38.74103,44.6208,14.784,32.05705,35.3689,900,3.92391,0.04305
48x48_1T,48x48,1,196,196,14,14,48,48,2304,dynamics.rhs_lbc,4.3069,5.21112,5.51206,1.58355,4.4358,4.81727,180,0.54296,0.02895
48x48_1T,48x48,1,196,196,14,14,48,48,2304,dynamics.solver,72.8033,74.43577,76.396,4.58094,17.42329,19.2526,720,2.13268,0.10338
48x48_1T,48x48,1,196,196,14,14,48,48,2304,dynamics.transport,202.749,204.27628,207.963,11.8185,18.59625,20.5191,360,2.27626,0.56743
48x48_1T,48x48,1,196,196,14,14,48,48,2304,dynamics.transport_predictors,15.9783,16.50111,17.1259,0.19664,0.88797,0.97188,180,0.10869,0.09167
48x48_1T,48x48,1,196,196,14,14,48,48,2304,electric,0.6595,0.78356,1.04351,0.35123,0.53627,0.77602,180,0.06564,0.00435
48x48_1T,48x48,1,196,196,14,14,48,48,2304,fast_physics,107.344,108.25738,112.014,3.06458,3.62568,4.65912,360,0.4438,0.30071
48x48_1T,48x48,1,196,196,14,14,48,48,2304,field.halo_ex_1,35.2936,65.14556,283.858,24.5391,54.04242,271.076,46335,6.61501,0.00141
48x48_1T,48x48,1,196,196,14,14,48,48,2304,field.halo_ex_2,0.86228,2.19025,8.61686,0.5644,1.42548,6.85369,1986,0.17449,0.0011
48x48_1T,48x48,1,196,196,14,14,48,48,2304,field.halo_ex_6,0.58507,0.76737,1.67601,0.15942,0.33831,1.23872,255,0.04141,0.00301
48x48_1T,48x48,1,196,196,14,14,48,48,2304,field.halo_ex_7,3.91762,5.96776,22.6614,3.4633,5.50051,22.2604,4849,0.67328,0.00123
48x48_1T,48x48,1,196,196,14,14,48,48,2304,field.halo_ex_8,7.84904,14.58092,43.1602,7.44183,14.12159,42.8232,11894,1.72854,0.00123
48x48_1T,48x48,1,196,196,14,14,48,48,2304,field.initialise,0.88653,1.94942,2.48084,0.88653,1.94942,2.48084,379316,0.23862,1e-05
48x48_1T,48x48,1,196,196,14,14,48,48,2304,field.read,19.0746,23.15597,23.5344,2e-05,9e-05,0.00078,62,1e-05,0.37348
48x48_1T,48x48,1,196,196,14,14,48,48,2304,field.write,0.25292,0.7737,1.02358,0.10084,0.17175,0.20081,37951,0.02102,2e-05
48x48_1T,48x48,1,196,196,14,14,48,48,2304,fs.constructor,0.03318,0.05873,0.06764,0.03318,0.05873,0.06764,71,0.00719,0.00083
48x48_1T,48x48,1,196,196,14,14,48,48,2304,gungho_diagnostics_driver,36.3094,39.22389,45.4662,26.9671,36.94623,44.1571,181,4.52236,0.21671
48x48_1T,48x48,1,196,196,14,14,48,48,2304,gungho_driver.finalise,0.32582,0.33254,0.3787,0.06533,0.08218,0.12964,1,0.01006,0.33254
48x48_1T,48x48,1,196,196,14,14,48,48,2304,gungho_driver.first_timestep,26.736,27.24492,27.9132,4e-05,0.00018,0.00047,1,2e-05,27.24492
48x48_1T,48x48,1,196,196,14,14,48,48,2304,gungho_driver.initialise,39.1495,39.83066,40.3353,2.23768,3.88223,4.77812,1,0.4752,39.83066
48x48_1T,48x48,1,196,196,14,14,48,48,2304,gungho_driver.mesh_init,1.85683,2.01072,2.03985,1.85683,2.01072,2.03985,1,0.24612,2.01072
48x48_1T,48x48,1,196,196,14,14,48,48,2304,gungho_driver.timestep,748.044,748.53582,748.74,0.00182,0.00499,0.0067,179,0.00061,4.18176
48x48_1T,48x48,1,196,196,14,14,48,48,2304,gungho_timestep,727.346,730.13424,738.784,0.01357,0.0357,0.04604,180,0.00437,4.0563
48x48_1T,48x48,1,196,196,14,14,48,48,2304,halo_routing_creation,12.3421,13.14954,15.7238,12.3421,13.14954,15.7238,65319,1.60956,0.0002
48x48_1T,48x48,1,196,196,14,14,48,48,2304,init_lbcs,0.26998,0.53241,0.9877,0.05727,0.15907,0.46264,1,0.01947,0.53241
48x48_1T,48x48,1,196,196,14,14,48,48,2304,jules.explicit,0.78044,2.60202,8.26553,0.77361,2.59137,8.25283,180,0.31719,0.01446
48x48_1T,48x48,1,196,196,14,14,48,48,2304,jules.extra,0.03496,0.83636,2.86047,0.02287,0.8193,2.84367,180,0.10029,0.00465
48x48_1T,48x48,1,196,196,14,14,48,48,2304,jules.implicit,0.54434,2.93658,7.18427,0.53517,2.92157,7.16967,720,0.35761,0.00408
48x48_1T,48x48,1,196,196,14,14,48,48,2304,jules.radiation,0.40184,0.8444,1.36404,0.31093,0.63717,0.82276,180,0.07799,0.00469
48x48_1T,48x48,1,196,196,14,14,48,48,2304,leonard_term,2.0878,2.86128,4.76541,0.74464,1.42554,1.84485,180,0.17449,0.0159
48x48_1T,48x48,1,196,196,14,14,48,48,2304,lfric_xios.finalise_context,0.24143,0.25036,0.30188,1e-05,8e-05,0.00013,1,1e-05,0.25036
48x48_1T,48x48,1,196,196,14,14,48,48,2304,lfric_xios.init_context,0.4072,0.51851,1.24319,0.38023,0.49126,1.19345,1,0.06013,0.51851
48x48_1T,48x48,1,196,196,14,14,48,48,2304,lfric_xios.read_fldg,19.0746,23.15586,23.5344,18.9744,23.05751,23.1027,62,2.82233,0.37348
48x48_1T,48x48,1,196,196,14,14,48,48,2304,lfric_xios.write_fldg,0.1505,0.60163,0.82244,0.1505,0.60163,0.82244,211,0.07364,0.00285
48x48_1T,48x48,1,196,196,14,14,48,48,2304,locate_tropopause,0.06523,0.08405,0.09611,0.06455,0.08243,0.09412,180,0.01009,0.00047
48x48_1T,48x48,1,196,196,14,14,48,48,2304,mappings.map_physics_fields,27.2833,31.54797,39.9938,27.0217,29.66888,33.2818,181,3.63159,0.1743
48x48_1T,48x48,1,196,196,14,14,48,48,2304,mappings.set_wind,9.41308,10.45123,16.2333,0.47854,1.39365,2.00427,180,0.17059,0.05806
48x48_1T,48x48,1,196,196,14,14,48,48,2304,mass_matrix_solver_alg,43.8811,46.63174,51.0861,15.8287,39.46024,42.5437,1082,4.83009,0.0431
48x48_1T,48x48,1,196,196,14,14,48,48,2304,microphysics.casim,24.0885,32.06011,39.0294,24.0672,32.03922,39.0079,180,3.92173,0.17811
48x48_1T,48x48,1,196,196,14,14,48,48,2304,microphysics.casim_activate,0.03148,0.08817,0.12057,0.02991,0.08632,0.11832,181,0.01057,0.00049
48x48_1T,48x48,1,196,196,14,14,48,48,2304,mixed_solver.schur_precon,49.7127,52.57432,61.1583,0.00569,0.01575,0.01944,720,0.00193,0.07302
48x48_1T,48x48,1,196,196,14,14,48,48,2304,pressure_solver.helmholtz_lhs,25.4141,27.28942,45.7855,18.2154,23.59487,24.2913,19440,2.88811,0.0014
48x48_1T,48x48,1,196,196,14,14,48,48,2304,radiation.illuminate,0.28272,0.42716,0.57348,0.28272,0.42716,0.57348,180,0.05229,0.00237
48x48_1T,48x48,1,196,196,14,14,48,48,2304,radiation.lw,6.48238,10.41638,12.0055,6.48238,10.41638,12.0055,180,1.27501,0.05787
48x48_1T,48x48,1,196,196,14,14,48,48,2304,radiation.sw,0.02657,0.07521,0.13542,0.02657,0.07521,0.13542,180,0.00921,0.00042
48x48_1T,48x48,1,196,196,14,14,48,48,2304,runtime_constants.dycore,4.70089,6.27576,6.59055,4.70089,6.2757,6.59039,13,0.76817,0.48275
48x48_1T,48x48,1,196,196,14,14,48,48,2304,runtime_constants.fem,3.77286,4.25942,4.93928,2.54967,3.45948,3.76679,31,0.42345,0.1374
48x48_1T,48x48,1,196,196,14,14,48,48,2304,runtime_constants.geometric,1.42711,1.576,2.05048,0.82841,1.13131,1.17419,26,0.13848,0.06062
48x48_1T,48x48,1,196,196,14,14,48,48,2304,runtime_constants.limited_area,0.06091,0.09024,0.17574,0.00787,0.03127,0.03929,15,0.00383,0.00602
48x48_1T,48x48,1,196,196,14,14,48,48,2304,runtime_constants.mapping,0.28039,0.37199,0.40363,0.28039,0.37199,0.40363,1,0.04553,0.37199
48x48_1T,48x48,1,196,196,14,14,48,48,2304,runtime_constants.physics,0.72295,0.72679,0.73115,0.0037,0.01527,0.02059,1,0.00187,0.72679
48x48_1T,48x48,1,196,196,14,14,48,48,2304,runtime_constants.solver,0.00273,0.00668,0.01133,0.00272,0.00665,0.0113,16,0.00081,0.00042
48x48_1T,48x48,1,196,196,14,14,48,48,2304,runtime_constants.transport,0.00649,0.00949,0.0134,0.00647,0.00946,0.01336,4,0.00116,0.00237
48x48_1T,48x48,1,196,196,14,14,48,48,2304,schur_precon.back_sub,4.88489,7.36473,7.86081,2.21743,6.62282,7.22777,720,0.81066,0.01023
48x48_1T,48x48,1,196,196,14,14,48,48,2304,schur_precon.pressure_solver,36.9525,38.84523,54.4931,8.64932,11.51687,11.7772,720,1.40971,0.05395
48x48_1T,48x48,1,196,196,14,14,48,48,2304,schur_precon.rhs,1.65651,6.33636,7.42596,1.646,6.30521,7.40332,720,0.77178,0.0088
48x48_1T,48x48,1,196,196,14,14,48,48,2304,semi_implicit_timestep,727.32,730.09772,738.767,12.0816,33.28987,36.1083,180,4.07481,4.0561
48x48_1T,48x48,1,196,196,14,14,48,48,2304,slow_physics,109.452,109.5906,111.235,2.52829,3.1137,4.8134,180,0.38113,0.60884
48x48_1T,48x48,1,196,196,14,14,48,48,2304,smagorinsky,18.7921,24.12628,31.7684,5.44675,14.72335,17.1858,360,1.8022,0.06702
48x48_1T,48x48,1,196,196,14,14,48,48,2304,solver.mixed_solver,53.456,55.85876,61.8235,0.64339,3.22852,3.76298,720,0.39518,0.07758
48x48_1T,48x48,1,196,196,14,14,48,48,2304,stoch_phys.blpert,0.2121,6.717,38.3149,0.07987,0.11923,0.18195,360,0.01459,0.01866
48x48_1T,48x48,1,196,196,14,14,48,48,2304,transport.controller_init,7.95127,9.12867,17.9227,3.92718,5.19152,15.5233,360,0.63546,0.02536
48x48_1T,48x48,1,196,196,14,14,48,48,2304,transport.ffsl_horizontal,50.6732,53.63185,62.1749,23.7104,37.66576,48.2131,2340,4.61044,0.02292
48x48_1T,48x48,1,196,196,14,14,48,48,2304,transport.ffsl_vertical,15.3481,24.57993,27.6993,13.7743,22.00942,25.1062,7200,2.69404,0.00341
48x48_1T,48x48,1,196,196,14,14,48,48,2304,transport.flux_precomp,8.58869,11.99598,13.2098,2.80245,5.61277,5.88048,8460,0.68703,0.00142
48x48_1T,48x48,1,196,196,14,14,48,48,2304,transport.flux_precomp_init,0.92256,3.31394,3.45869,0.90467,3.28056,3.42582,3244,0.40155,0.00102
48x48_1T,48x48,1,196,196,14,14,48,48,2304,transport.hori_dep_pts,5.06938,6.32973,7.47363,2.2197,4.75839,5.66214,1080,0.58245,0.00586
48x48_1T,48x48,1,196,196,14,14,48,48,2304,transport.sl_horizontal,30.7273,33.05839,42.6916,12.8365,22.83327,25.8626,2700,2.79488,0.01224
48x48_1T,48x48,1,196,196,14,14,48,48,2304,transport.sl_vertical,23.9983,25.96014,28.6243,3.13953,7.73276,11.2452,2880,0.94652,0.00901
48x48_1T,48x48,1,196,196,14,14,48,48,2304,transport.wind,72.6085,75.4814,76.4782,15.5417,26.19702,27.6173,360,3.20662,0.20967
48x48_1T,48x48,1,196,196,14,14,48,48,2304,transport.wind_precomp,10.4758,11.65338,21.5275,6.28794,9.15642,10.0831,2160,1.12078,0.0054
48x48_1T,48x48,1,196,196,14,14,48,48,2304,transport.wind_precomp_final,6.67007,8.88832,13.4973,6.67007,8.88832,13.4973,2160,1.08797,0.00411
48x48_1T,48x48,1,196,196,14,14,48,48,2304,transport.wind_precomp_init,1.11875,4.61392,4.88275,1.10185,4.58992,4.85712,360,0.56182,0.01282
48x48_1T,48x48,1,196,196,14,14,48,48,2304,update_lbcs,2.26071,7.08763,8.64138,1.88633,6.77113,8.33893,180,0.82881,0.03938
48x48_1T,48x48,1,196,196,14,14,48,48,2304,xios.close_context_definition,6.34608,6.38196,10.4659,6.34608,6.38196,10.4659,1,0.78118,6.38196
48x48_1T,48x48,1,196,196,14,14,48,48,2304,xios.context_finalize,0.24132,0.25027,0.30179,0.24132,0.25027,0.30179,1,0.03063,0.25027
48x48_1T,48x48,1,196,196,14,14,48,48,2304,xios.update_calendar,0.79481,1.01177,1.50574,0.79481,1.01177,1.50574,182,0.12385,0.00556
48x48_2T,48x48,2,98,196,7,14,96,48,4608,__lfric_atm__,860.571,860.6114,860.618,0.00341,0.00729,0.01145,1,0.00085,860.6114
48x48_2T,48x48,2,98,196,7,14,96,48,4608,__setup__,43.0216,43.81096,44.1675,6e-05,0.0011,0.00263,1,0.00013,43.81096
48x48_2T,48x48,2,98,196,7,14,96,48,4608,__vernier__,0.29589,0.66243,0.71757,0.29589,0.66243,0.71757,621531,0.07697,0.0
48x48_2T,48x48,2,98,196,7,14,96,48,4608,aerosol.glomap_clim,8.8674,11.09711,11.5497,8.86708,11.09648,11.5491,180,1.28937,0.06165
48x48_2T,48x48,2,98,196,7,14,96,48,4608,aerosol.radaer,2.16637,2.75803,3.17338,2.16608,2.75769,3.17302,3,0.32043,0.91934
48x48_2T,48x48,2,98,196,7,14,96,48,4608,aerosol.stratosphere,0.01588,0.04926,0.08594,0.01588,0.04926,0.08594,180,0.00572,0.00027
48x48_2T,48x48,2,98,196,7,14,96,48,4608,bl.explicit,16.7483,29.16879,44.333,11.6914,16.79783,20.6405,360,1.95185,0.08102
48x48_2T,48x48,2,98,196,7,14,96,48,4608,bl.implicit,59.5432,82.45747,94.5624,58.7029,78.93057,92.63,360,9.17145,0.22905
48x48_2T,48x48,2,98,196,7,14,96,48,4608,cloud,7.96188,13.90234,20.5563,7.94424,13.88532,20.5395,180,1.61342,0.07724
48x48_2T,48x48,2,98,196,7,14,96,48,4608,cloud.bm_tau,3.57308,5.38109,5.74896,3.57308,5.38109,5.74896,180,0.62526,0.02989
48x48_2T,48x48,2,98,196,7,14,96,48,4608,diags.bl_exp,0.02969,0.06385,0.09415,0.00449,0.0084,0.01263,360,0.00098,0.00018
48x48_2T,48x48,2,98,196,7,14,96,48,4608,diags.bl_imp,0.07476,0.15641,0.21493,0.05442,0.07718,0.09624,540,0.00897,0.00029
48x48_2T,48x48,2,98,196,7,14,96,48,4608,diags.blpert,0.00541,0.00876,0.01266,5e-05,7e-05,0.00012,360,1e-05,2e-05
48x48_2T,48x48,2,98,196,7,14,96,48,4608,diags.casim,0.04499,0.06126,0.08196,0.01343,0.02381,0.03064,360,0.00277,0.00017
48x48_2T,48x48,2,98,196,7,14,96,48,4608,diags.cloud,0.0622,0.07811,0.08812,0.05286,0.06668,0.07522,360,0.00775,0.00022
48x48_2T,48x48,2,98,196,7,14,96,48,4608,diags.dynamics,0.02889,0.04109,0.05775,0.02726,0.03907,0.05342,180,0.00454,0.00023
48x48_2T,48x48,2,98,196,7,14,96,48,4608,diags.electric,0.00901,0.01292,0.02052,0.00749,0.00989,0.01417,360,0.00115,4e-05
48x48_2T,48x48,2,98,196,7,14,96,48,4608,diags.glomap_clim,0.02437,0.04377,0.06329,0.00058,0.00136,0.00254,180,0.00016,0.00024
48x48_2T,48x48,2,98,196,7,14,96,48,4608,diags.illuminate,0.00565,0.01131,0.02839,0.0001,0.00017,0.0003,180,2e-05,6e-05
48x48_2T,48x48,2,98,196,7,14,96,48,4608,diags.jules_exp,0.01868,0.0864,0.1584,0.00556,0.00768,0.00982,360,0.00089,0.00024
48x48_2T,48x48,2,98,196,7,14,96,48,4608,diags.jules_imp,0.02955,0.12416,0.15651,0.008,0.01463,0.02339,360,0.0017,0.00034
48x48_2T,48x48,2,98,196,7,14,96,48,4608,diags.jules_seaice,0.00496,0.009,0.02273,0.00244,0.00435,0.01563,180,0.00051,5e-05
48x48_2T,48x48,2,98,196,7,14,96,48,4608,diags.jules_snow,0.00921,0.01327,0.02233,0.00442,0.00618,0.00784,360,0.00072,4e-05
48x48_2T,48x48,2,98,196,7,14,96,48,4608,diags.jules_soil,0.01244,0.01675,0.02327,0.00703,0.00868,0.01006,360,0.00101,5e-05
48x48_2T,48x48,2,98,196,7,14,96,48,4608,diags.locate_tropopause,0.00155,0.00439,0.00518,1e-05,2e-05,7e-05,180,0.0,2e-05
48x48_2T,48x48,2,98,196,7,14,96,48,4608,diags.microphysics,0.03176,0.0427,0.06196,0.00012,0.00025,0.00042,180,3e-05,0.00024
48x48_2T,48x48,2,98,196,7,14,96,48,4608,diags.pmsl,0.20329,0.21387,0.26022,0.11297,0.16355,0.18477,180,0.019,0.00119
48x48_2T,48x48,2,98,196,7,14,96,48,4608,diags.pressure_lev,0.02166,0.03078,0.03641,0.02091,0.02988,0.03549,180,0.00347,0.00017
48x48_2T,48x48,2,98,196,7,14,96,48,4608,diags.radaer,0.0003,0.00035,0.00051,0.00028,0.00033,0.00049,9,4e-05,4e-05
48x48_2T,48x48,2,98,196,7,14,96,48,4608,diags.radiation,0.15971,0.2504,0.35822,0.10632,0.13881,0.16981,360,0.01613,0.0007
48x48_2T,48x48,2,98,196,7,14,96,48,4608,diags.smagorinsky,0.00632,0.01892,0.02194,0.00014,0.00043,0.0007,360,5e-05,5e-05
48x48_2T,48x48,2,98,196,7,14,96,48,4608,dynamics.compute_si_operators,61.495,62.45436,70.4359,33.7275,52.67058,54.8492,180,6.12013,0.34697
48x48_2T,48x48,2,98,196,7,14,96,48,4608,dynamics.phys_predictors,32.0005,32.8827,34.0408,0.8733,3.33669,3.89021,360,0.38771,0.09134
48x48_2T,48x48,2,98,196,7,14,96,48,4608,dynamics.rhs_alg,35.6925,37.58688,42.0854,14.7502,31.62155,33.5234,900,3.67431,0.04176
48x48_2T,48x48,2,98,196,7,14,96,48,4608,dynamics.rhs_lbc,4.28438,5.09996,5.29744,1.63219,4.3683,4.64677,180,0.50758,0.02833
48x48_2T,48x48,2,98,196,7,14,96,48,4608,dynamics.solver,72.1869,73.25068,74.3968,4.66689,17.39795,18.9892,720,2.02158,0.10174
48x48_2T,48x48,2,98,196,7,14,96,48,4608,dynamics.transport,197.965,199.46443,203.886,11.6039,18.60041,20.0146,360,2.1613,0.55407
48x48_2T,48x48,2,98,196,7,14,96,48,4608,dynamics.transport_predictors,15.789,16.04489,16.6672,0.19795,0.89895,1.03432,180,0.10445,0.08914
48x48_2T,48x48,2,98,196,7,14,96,48,4608,electric,0.8744,0.97724,1.22394,0.40341,0.55267,0.77964,180,0.06422,0.00543
48x48_2T,48x48,2,98,196,7,14,96,48,4608,fast_physics,118.911,119.40849,122.696,2.93732,3.49467,4.61593,360,0.40607,0.33169
48x48_2T,48x48,2,98,196,7,14,96,48,4608,field.halo_ex_1,36.0429,71.16229,271.662,19.5495,54.52116,253.329,46335,6.33519,0.00154
48x48_2T,48x48,2,98,196,7,14,96,48,4608,field.halo_ex_2,0.95183,1.79119,7.51593,0.5858,1.14503,6.23975,1986,0.13305,0.0009
48x48_2T,48x48,2,98,196,7,14,96,48,4608,field.halo_ex_6,0.67037,0.80925,1.71665,0.17045,0.3112,1.21332,255,0.03616,0.00317
48x48_2T,48x48,2,98,196,7,14,96,48,4608,field.halo_ex_7,3.52068,5.31707,21.0545,2.99404,4.78004,20.5691,4849,0.55543,0.0011
48x48_2T,48x48,2,98,196,7,14,96,48,4608,field.halo_ex_8,7.55132,14.39113,40.451,7.09723,13.88951,40.0547,11894,1.61391,0.00121
48x48_2T,48x48,2,98,196,7,14,96,48,4608,field.initialise,0.92384,1.96446,2.61071,0.92384,1.96446,2.61071,379316,0.22826,1e-05
48x48_2T,48x48,2,98,196,7,14,96,48,4608,field.read,22.2223,25.39341,25.8706,2e-05,5e-05,0.00017,62,1e-05,0.40957
48x48_2T,48x48,2,98,196,7,14,96,48,4608,field.write,0.38434,0.83259,0.98699,0.10121,0.16357,0.19501,37951,0.01901,2e-05
48x48_2T,48x48,2,98,196,7,14,96,48,4608,fs.constructor,0.05946,0.10226,0.12007,0.05946,0.10226,0.12007,71,0.01188,0.00144
48x48_2T,48x48,2,98,196,7,14,96,48,4608,gungho_diagnostics_driver,37.6317,38.83022,39.6964,28.0968,37.09345,38.0251,181,4.31013,0.21453
48x48_2T,48x48,2,98,196,7,14,96,48,4608,gungho_driver.finalise,0.38797,0.39581,0.41346,0.09167,0.11713,0.12725,1,0.01361,0.39581
48x48_2T,48x48,2,98,196,7,14,96,48,4608,gungho_driver.first_timestep,32.9887,33.34316,34.1323,4e-05,0.0003,0.00041,1,3e-05,33.34316
48x48_2T,48x48,2,98,196,7,14,96,48,4608,gungho_driver.initialise,43.0206,43.80986,44.1674,3.34674,4.76729,5.51862,1,0.55394,43.80986
48x48_2T,48x48,2,98,196,7,14,96,48,4608,gungho_driver.mesh_init,2.66444,2.7664,2.78851,2.66444,2.7664,2.78851,1,0.32145,2.7664
48x48_2T,48x48,2,98,196,7,14,96,48,4608,gungho_driver.timestep,781.942,782.00057,782.025,0.00167,0.00426,0.00576,179,0.0005,4.36872
48x48_2T,48x48,2,98,196,7,14,96,48,4608,gungho_timestep,767.544,768.77981,776.336,0.01453,0.03695,0.04469,180,0.00429,4.271
48x48_2T,48x48,2,98,196,7,14,96,48,4608,halo_routing_creation,18.0693,18.7556,21.069,18.0693,18.7556,21.069,65319,2.17933,0.00029
48x48_2T,48x48,2,98,196,7,14,96,48,4608,init_lbcs,0.38568,0.4698,0.89627,0.13362,0.18658,0.4691,1,0.02168,0.4698
48x48_2T,48x48,2,98,196,7,14,96,48,4608,jules.explicit,0.86398,2.76774,7.80714,0.85701,2.75834,7.79658,180,0.32051,0.01538
48x48_2T,48x48,2,98,196,7,14,96,48,4608,jules.extra,0.0436,0.92521,3.17271,0.03023,0.9093,3.15649,180,0.10566,0.00514
48x48_2T,48x48,2,98,196,7,14,96,48,4608,jules.implicit,0.67824,3.24346,7.66564,0.66882,3.23109,7.65205,720,0.37544,0.0045
48x48_2T,48x48,2,98,196,7,14,96,48,4608,jules.radiation,0.49878,0.80197,1.11665,0.43107,0.67951,0.86014,180,0.07896,0.00446
48x48_2T,48x48,2,98,196,7,14,96,48,4608,leonard_term,2.32711,3.0541,4.826,0.79394,1.63597,1.98817,180,0.19009,0.01697
48x48_2T,48x48,2,98,196,7,14,96,48,4608,lfric_xios.finalise_context,0.27394,0.27867,0.32178,7e-05,9e-05,0.00013,1,1e-05,0.27867
48x48_2T,48x48,2,98,196,7,14,96,48,4608,lfric_xios.init_context,0.42918,0.59493,0.97006,0.39693,0.56648,0.93755,1,0.06582,0.59493
48x48_2T,48x48,2,98,196,7,14,96,48,4608,lfric_xios.read_fldg,22.2223,25.39333,25.8706,22.1504,25.25426,25.3887,62,2.93446,0.40957
48x48_2T,48x48,2,98,196,7,14,96,48,4608,lfric_xios.write_fldg,0.28282,0.66874,0.8185,0.28282,0.66874,0.8185,211,0.07771,0.00317
48x48_2T,48x48,2,98,196,7,14,96,48,4608,locate_tropopause,0.0685,0.08341,0.09441,0.06778,0.08181,0.09246,180,0.00951,0.00046
48x48_2T,48x48,2,98,196,7,14,96,48,4608,mappings.map_physics_fields,26.1556,32.96982,40.0253,25.8492,29.99322,36.75,181,3.48511,0.18215
48x48_2T,48x48,2,98,196,7,14,96,48,4608,mappings.set_wind,15.1437,15.80723,18.4579,0.61074,1.75647,2.35018,180,0.2041,0.08782
48x48_2T,48x48,2,98,196,7,14,96,48,4608,mass_matrix_solver_alg,43.9663,45.2439,50.0385,15.7576,39.54478,42.0143,1082,4.59496,0.04182
48x48_2T,48x48,2,98,196,7,14,96,48,4608,microphysics.casim,40.9009,54.21927,65.2322,40.8754,54.19809,65.2142,180,6.29763,0.30122
48x48_2T,48x48,2,98,196,7,14,96,48,4608,microphysics.casim_activate,0.03541,0.08219,0.11964,0.03396,0.08042,0.11755,181,0.00934,0.00045
48x48_2T,48x48,2,98,196,7,14,96,48,4608,mixed_solver.schur_precon,50.1404,51.70855,59.8379,0.0055,0.01364,0.01798,720,0.00158,0.07182
48x48_2T,48x48,2,98,196,7,14,96,48,4608,pressure_solver.helmholtz_lhs,25.1739,26.55105,44.5854,18.3375,23.28601,23.8692,19440,2.70575,0.00137
48x48_2T,48x48,2,98,196,7,14,96,48,4608,radiation.illuminate,0.33997,0.42624,0.53056,0.33997,0.42624,0.53056,180,0.04953,0.00237
48x48_2T,48x48,2,98,196,7,14,96,48,4608,radiation.lw,7.42522,10.85973,12.2051,7.42522,10.85973,12.2051,180,1.26186,0.06033
48x48_2T,48x48,2,98,196,7,14,96,48,4608,radiation.sw,0.05392,0.08668,0.13763,0.05392,0.08668,0.13763,180,0.01007,0.00048
48x48_2T,48x48,2,98,196,7,14,96,48,4608,runtime_constants.dycore,4.70035,6.14866,6.29857,4.70034,6.14851,6.29845,13,0.71444,0.47297
48x48_2T,48x48,2,98,196,7,14,96,48,4608,runtime_constants.fem,3.76596,4.13729,5.02007,2.52935,3.35799,3.49174,31,0.39019,0.13346
48x48_2T,48x48,2,98,196,7,14,96,48,4608,runtime_constants.geometric,1.61153,1.75886,2.12425,0.82856,1.11068,1.14593,26,0.12906,0.06765
48x48_2T,48x48,2,98,196,7,14,96,48,4608,runtime_constants.limited_area,0.08115,0.1312,0.22144,0.01007,0.04128,0.06224,15,0.0048,0.00875
48x48_2T,48x48,2,98,196,7,14,96,48,4608,runtime_constants.mapping,0.2799,0.36336,0.37734,0.2799,0.36336,0.37734,1,0.04222,0.36336
48x48_2T,48x48,2,98,196,7,14,96,48,4608,runtime_constants.physics,0.93305,0.94976,0.96227,0.00394,0.01263,0.02124,1,0.00147,0.94976
48x48_2T,48x48,2,98,196,7,14,96,48,4608,runtime_constants.solver,0.00497,0.00939,0.02281,0.00496,0.00937,0.02278,16,0.00109,0.00059
48x48_2T,48x48,2,98,196,7,14,96,48,4608,runtime_constants.transport,0.00657,0.027,0.0632,0.00655,0.02686,0.06288,4,0.00312,0.00675
48x48_2T,48x48,2,98,196,7,14,96,48,4608,schur_precon.back_sub,4.70203,7.15241,7.42058,2.20167,6.4446,6.7988,720,0.74884,0.00993
48x48_2T,48x48,2,98,196,7,14,96,48,4608,schur_precon.pressure_solver,36.6614,38.03271,53.3079,8.69789,11.44164,11.7592,720,1.32948,0.05282
48x48_2T,48x48,2,98,196,7,14,96,48,4608,schur_precon.rhs,1.7212,6.4989,7.06935,1.71157,6.46629,7.03332,720,0.75136,0.00903
48x48_2T,48x48,2,98,196,7,14,96,48,4608,semi_implicit_timestep,767.508,768.7419,776.32,12.2968,33.29258,35.2492,180,3.86848,4.27079
48x48_2T,48x48,2,98,196,7,14,96,48,4608,slow_physics,140.878,140.98637,142.633,2.37144,2.92567,4.09497,180,0.33995,0.78326
48x48_2T,48x48,2,98,196,7,14,96,48,4608,smagorinsky,19.3882,23.56431,34.2723,5.66913,15.89013,17.3902,360,1.84638,0.06546
48x48_2T,48x48,2,98,196,7,14,96,48,4608,solver.mixed_solver,53.8162,55.01357,60.5903,0.72894,3.24614,3.64347,720,0.37719,0.07641
48x48_2T,48x48,2,98,196,7,14,96,48,4608,stoch_phys.blpert,0.21362,8.82256,31.7261,0.09278,0.15208,0.24297,360,0.01767,0.02451
48x48_2T,48x48,2,98,196,7,14,96,48,4608,transport.controller_init,7.98523,8.93924,17.2786,4.02916,5.09688,14.9005,360,0.59224,0.02483
48x48_2T,48x48,2,98,196,7,14,96,48,4608,transport.ffsl_horizontal,50.0123,52.33591,62.0795,23.8356,36.43727,48.2474,2340,4.23388,0.02237
48x48_2T,48x48,2,98,196,7,14,96,48,4608,transport.ffsl_vertical,15.4475,24.60453,26.4722,13.8346,22.03833,23.7799,7200,2.56078,0.00342
48x48_2T,48x48,2,98,196,7,14,96,48,4608,transport.flux_precomp,8.18116,11.69174,12.6625,2.84293,5.67109,5.94522,8460,0.65896,0.00138
48x48_2T,48x48,2,98,196,7,14,96,48,4608,transport.flux_precomp_init,0.92282,3.23682,3.35844,0.90823,3.20485,3.32577,3244,0.37239,0.001
48x48_2T,48x48,2,98,196,7,14,96,48,4608,transport.hori_dep_pts,4.76047,5.96994,6.93114,2.27311,4.42879,5.0013,1080,0.51461,0.00553
48x48_2T,48x48,2,98,196,7,14,96,48,4608,transport.sl_horizontal,30.1543,31.73625,40.4838,12.9157,22.3962,24.8564,2700,2.60236,0.01175
48x48_2T,48x48,2,98,196,7,14,96,48,4608,transport.sl_vertical,24.8871,25.8762,26.9283,3.58262,7.66073,9.00472,2880,0.89015,0.00898
48x48_2T,48x48,2,98,196,7,14,96,48,4608,transport.wind,70.978,73.83482,74.5835,15.5585,25.73953,26.8277,360,2.99084,0.2051
48x48_2T,48x48,2,98,196,7,14,96,48,4608,transport.wind_precomp,10.7573,11.74896,20.794,6.63246,9.30333,9.78832,2160,1.08101,0.00544
48x48_2T,48x48,2,98,196,7,14,96,48,4608,transport.wind_precomp_final,6.66347,7.64115,10.1776,6.66347,7.64115,10.1776,2160,0.88788,0.00354
48x48_2T,48x48,2,98,196,7,14,96,48,4608,transport.wind_precomp_init,1.12411,4.56535,4.82034,1.10713,4.53952,4.79339,360,0.52748,0.01268
48x48_2T,48x48,2,98,196,7,14,96,48,4608,update_lbcs,2.90382,8.43547,9.10192,2.53614,8.10434,8.76419,180,0.9417,0.04686
48x48_2T,48x48,2,98,196,7,14,96,48,4608,xios.close_context_definition,6.20384,6.31825,9.40737,6.20384,6.31825,9.40737,1,0.73416,6.31825
48x48_2T,48x48,2,98,196,7,14,96,48,4608,xios.context_finalize,0.27386,0.27858,0.32166,0.27386,0.27858,0.32166,1,0.03237,0.27858
48x48_2T,48x48,2,98,196,7,14,96,48,4608,xios.update_calendar,1.02085,1.07443,1.13501,1.02085,1.07443,1.13501,182,0.12484,0.0059
48x48_4T,48x48,4,49,196,7,7,96,96,9216,__lfric_atm__,987.978,988.01212,988.018,0.00429,0.0064,0.00965,1,0.00065,988.01212
48x48_4T,48x48,4,49,196,7,7,96,96,9216,__setup__,47.2196,47.95908,48.4476,6e-05,0.0005,0.00112,1,5e-05,47.95908
48x48_4T,48x48,4,49,196,7,7,96,96,9216,__vernier__,0.31185,0.60091,0.66729,0.31185,0.60091,0.66729,623886,0.06082,0.0
48x48_4T,48x48,4,49,196,7,7,96,96,9216,aerosol.glomap_clim,8.89731,11.14272,11.3608,8.89692,11.14212,11.3602,180,1.12773,0.0619
48x48_4T,48x48,4,49,196,7,7,96,96,9216,aerosol.radaer,2.23845,2.752,2.88258,2.23792,2.75166,2.88221,3,0.27851,0.91733
48x48_4T,48x48,4,49,196,7,7,96,96,9216,aerosol.stratosphere,0.01771,0.04413,0.07928,0.01771,0.04413,0.07928,180,0.00447,0.00025
48x48_4T,48x48,4,49,196,7,7,96,96,9216,bl.explicit,20.8251,38.36427,64.3961,14.5088,17.8719,21.9159,360,1.80887,0.10657
48x48_4T,48x48,4,49,196,7,7,96,96,9216,bl.implicit,92.5465,111.37799,129.562,85.8234,107.83157,127.528,360,10.91399,0.30938
48x48_4T,48x48,4,49,196,7,7,96,96,9216,cloud,12.8507,23.4959,33.3956,12.8351,23.47857,33.3773,180,2.37634,0.13053
48x48_4T,48x48,4,49,196,7,7,96,96,9216,cloud.bm_tau,3.65709,5.36898,5.63773,3.65709,5.36898,5.63773,180,0.54341,0.02983
48x48_4T,48x48,4,49,196,7,7,96,96,9216,diags.bl_exp,0.02862,0.0555,0.1062,0.00489,0.00728,0.00933,360,0.00074,0.00015
48x48_4T,48x48,4,49,196,7,7,96,96,9216,diags.bl_imp,0.22278,0.29466,0.32784,0.0564,0.07633,0.09105,540,0.00773,0.00055
48x48_4T,48x48,4,49,196,7,7,96,96,9216,diags.blpert,0.00623,0.00809,0.01453,5e-05,9e-05,0.00024,360,1e-05,2e-05
48x48_4T,48x48,4,49,196,7,7,96,96,9216,diags.casim,0.04425,0.06195,0.08478,0.01495,0.02329,0.03339,360,0.00236,0.00017
48x48_4T,48x48,4,49,196,7,7,96,96,9216,diags.cloud,0.06683,0.08266,0.09677,0.05187,0.06468,0.07651,360,0.00655,0.00023
48x48_4T,48x48,4,49,196,7,7,96,96,9216,diags.dynamics,0.0293,0.03783,0.05964,0.02754,0.0358,0.05648,180,0.00362,0.00021
48x48_4T,48x48,4,49,196,7,7,96,96,9216,diags.electric,0.00972,0.01153,0.01465,0.0079,0.00899,0.01094,360,0.00091,3e-05
48x48_4T,48x48,4,49,196,7,7,96,96,9216,diags.glomap_clim,0.03034,0.04493,0.05999,0.00072,0.00108,0.00199,180,0.00011,0.00025
48x48_4T,48x48,4,49,196,7,7,96,96,9216,diags.illuminate,0.00632,0.0084,0.01199,9e-05,0.00016,0.00041,180,2e-05,5e-05
48x48_4T,48x48,4,49,196,7,7,96,96,9216,diags.jules_exp,0.0175,0.03328,0.04988,0.00542,0.00656,0.00778,360,0.00066,9e-05
48x48_4T,48x48,4,49,196,7,7,96,96,9216,diags.jules_imp,0.03975,0.11712,0.15448,0.00903,0.01223,0.01871,360,0.00124,0.00033
48x48_4T,48x48,4,49,196,7,7,96,96,9216,diags.jules_seaice,0.00491,0.00919,0.01479,0.00233,0.0041,0.008,180,0.00041,5e-05
48x48_4T,48x48,4,49,196,7,7,96,96,9216,diags.jules_snow,0.01083,0.02399,0.05463,0.00529,0.00645,0.00822,360,0.00065,7e-05
48x48_4T,48x48,4,49,196,7,7,96,96,9216,diags.jules_soil,0.01391,0.0303,0.07858,0.00774,0.00889,0.01059,360,0.0009,8e-05
48x48_4T,48x48,4,49,196,7,7,96,96,9216,diags.locate_tropopause,0.00168,0.00388,0.00486,1e-05,2e-05,4e-05,180,0.0,2e-05
48x48_4T,48x48,4,49,196,7,7,96,96,9216,diags.microphysics,0.03337,0.04391,0.07018,0.00015,0.00027,0.00065,180,3e-05,0.00024
48x48_4T,48x48,4,49,196,7,7,96,96,9216,diags.pmsl,0.20381,0.21166,0.2521,0.12187,0.16188,0.17826,180,0.01638,0.00118
48x48_4T,48x48,4,49,196,7,7,96,96,9216,diags.pressure_lev,0.02198,0.02854,0.03121,0.02105,0.02763,0.03026,180,0.0028,0.00016
48x48_4T,48x48,4,49,196,7,7,96,96,9216,diags.radaer,0.0003,0.00036,0.00121,0.00029,0.00034,0.00119,9,3e-05,4e-05
48x48_4T,48x48,4,49,196,7,7,96,96,9216,diags.radiation,0.19783,0.22943,0.26261,0.10613,0.12415,0.14198,360,0.01257,0.00064
48x48_4T,48x48,4,49,196,7,7,96,96,9216,diags.smagorinsky,0.00695,0.01785,0.02033,0.00017,0.00056,0.00091,360,6e-05,5e-05
48x48_4T,48x48,4,49,196,7,7,96,96,9216,dynamics.compute_si_operators,62.4921,63.33148,71.1218,34.33,52.70076,55.667,180,5.33402,0.35184
48x48_4T,48x48,4,49,196,7,7,96,96,9216,dynamics.phys_predictors,31.9308,32.56499,33.981,1.00516,3.40362,3.84603,360,0.34449,0.09046
48x48_4T,48x48,4,49,196,7,7,96,96,9216,dynamics.rhs_alg,36.0817,37.57287,42.0149,14.9972,31.5689,33.1523,900,3.19519,0.04175
48x48_4T,48x48,4,49,196,7,7,96,96,9216,dynamics.rhs_lbc,4.4168,5.03976,5.18446,1.64885,4.31782,4.54957,180,0.43702,0.028
48x48_4T,48x48,4,49,196,7,7,96,96,9216,dynamics.solver,72.1898,72.99873,74.3331,4.89417,17.2902,18.3866,720,1.75,0.10139
48x48_4T,48x48,4,49,196,7,7,96,96,9216,dynamics.transport,204.609,205.70357,209.725,11.7562,19.12816,21.834,360,1.93602,0.5714
48x48_4T,48x48,4,49,196,7,7,96,96,9216,dynamics.transport_predictors,15.533,15.83583,16.4567,0.20039,0.86926,0.97922,180,0.08798,0.08798
48x48_4T,48x48,4,49,196,7,7,96,96,9216,electric,1.033,1.17746,1.33051,0.44092,0.56358,0.73061,180,0.05704,0.00654
48x48_4T,48x48,4,49,196,7,7,96,96,9216,fast_physics,152.936,153.26941,156.272,3.02501,3.54928,4.0895,360,0.35923,0.42575
48x48_4T,48x48,4,49,196,7,7,96,96,9216,field.halo_ex_1,58.3313,100.06861,294.107,26.9632,68.54599,260.754,46354,6.93778,0.00216
48x48_4T,48x48,4,49,196,7,7,96,96,9216,field.halo_ex_2,1.20279,1.94752,6.69533,0.6399,1.09646,5.21732,1986,0.11098,0.00098
48x48_4T,48x48,4,49,196,7,7,96,96,9216,field.halo_ex_3,0.33596,0.36733,0.65601,0.04763,0.0784,0.35257,100,0.00793,0.00367
48x48_4T,48x48,4,49,196,7,7,96,96,9216,field.halo_ex_4,0.61959,0.7463,1.56309,0.24311,0.36348,1.1684,441,0.03679,0.00169
48x48_4T,48x48,4,49,196,7,7,96,96,9216,field.halo_ex_5,0.79149,1.06465,2.0951,0.31834,0.58824,1.61714,640,0.05954,0.00166
48x48_4T,48x48,4,49,196,7,7,96,96,9216,field.halo_ex_6,0.91274,1.00415,1.79552,0.14589,0.23375,1.02014,220,0.02366,0.00456
48x48_4T,48x48,4,49,196,7,7,96,96,9216,field.halo_ex_7,3.85991,5.25105,20.1599,3.08653,4.47464,19.4124,4645,0.45289,0.00113
48x48_4T,48x48,4,49,196,7,7,96,96,9216,field.halo_ex_8,8.20225,12.69081,37.2257,7.58312,12.04638,36.661,11549,1.21926,0.0011
48x48_4T,48x48,4,49,196,7,7,96,96,9216,field.initialise,1.05822,2.25428,2.54395,1.05822,2.25428,2.54395,380425,0.22816,1e-05
48x48_4T,48x48,4,49,196,7,7,96,96,9216,field.read,23.953,24.15653,24.7195,3e-05,5e-05,0.00054,62,1e-05,0.38962
48x48_4T,48x48,4,49,196,7,7,96,96,9216,field.write,0.69125,1.00252,1.17971,0.10448,0.14964,0.17364,37951,0.01515,3e-05
48x48_4T,48x48,4,49,196,7,7,96,96,9216,fs.constructor,0.11336,0.16827,0.19914,0.11336,0.16827,0.19914,73,0.01703,0.00231
48x48_4T,48x48,4,49,196,7,7,96,96,9216,gungho_diagnostics_driver,37.6636,38.6168,39.1657,28.1091,36.90986,37.6055,181,3.73577,0.21335
48x48_4T,48x48,4,49,196,7,7,96,96,9216,gungho_driver.finalise,0.32757,0.33542,0.35068,0.09302,0.11125,0.11834,1,0.01126,0.33542
48x48_4T,48x48,4,49,196,7,7,96,96,9216,gungho_driver.first_timestep,48.0684,48.55536,49.2929,5e-05,0.00037,0.00048,1,4e-05,48.55536
48x48_4T,48x48,4,49,196,7,7,96,96,9216,gungho_driver.initialise,47.2194,47.95858,48.4475,5.88595,7.38551,8.38498,1,0.74751,47.95858
48x48_4T,48x48,4,49,196,7,7,96,96,9216,gungho_driver.mesh_init,3.81535,3.89005,3.91534,3.81535,3.89005,3.91534,1,0.39372,3.89005
48x48_4T,48x48,4,49,196,7,7,96,96,9216,gungho_driver.timestep,889.7,889.734,890.274,0.00188,0.00364,0.00458,179,0.00037,4.97058
48x48_4T,48x48,4,49,196,7,7,96,96,9216,gungho_timestep,890.743,891.70978,899.052,0.0158,0.03552,0.04236,180,0.0036,4.95394
48x48_4T,48x48,4,49,196,7,7,96,96,9216,halo_routing_creation,34.5928,35.652,38.0599,34.5928,35.652,38.0599,65935,3.60846,0.00054
48x48_4T,48x48,4,49,196,7,7,96,96,9216,init_lbcs,0.72688,0.84178,1.18122,0.16189,0.29458,0.48403,1,0.02982,0.84178
48x48_4T,48x48,4,49,196,7,7,96,96,9216,jules.explicit,1.05022,2.94338,6.92212,1.04356,2.93522,6.91358,180,0.29708,0.01635
48x48_4T,48x48,4,49,196,7,7,96,96,9216,jules.extra,0.04449,1.11158,3.39355,0.02882,1.09462,3.3758,180,0.11079,0.00618
48x48_4T,48x48,4,49,196,7,7,96,96,9216,jules.implicit,0.84629,3.26132,6.64782,0.83612,3.24986,6.63631,720,0.32893,0.00453
48x48_4T,48x48,4,49,196,7,7,96,96,9216,jules.radiation,0.72718,0.94125,1.149,0.66189,0.83683,1.02114,180,0.0847,0.00523
48x48_4T,48x48,4,49,196,7,7,96,96,9216,leonard_term,2.36828,2.80591,6.36472,0.84433,1.84927,2.00385,180,0.18717,0.01559
48x48_4T,48x48,4,49,196,7,7,96,96,9216,lfric_xios.finalise_context,0.21829,0.22416,0.25765,9e-05,0.0001,0.00012,1,1e-05,0.22416
48x48_4T,48x48,4,49,196,7,7,96,96,9216,lfric_xios.init_context,0.58184,0.78127,1.00666,0.54861,0.7475,0.96153,1,0.07566,0.78127
48x48_4T,48x48,4,49,196,7,7,96,96,9216,lfric_xios.read_fldg,23.9529,24.15645,24.719,23.8293,23.88869,23.9202,62,2.41785,0.38962
48x48_4T,48x48,4,49,196,7,7,96,96,9216,lfric_xios.write_fldg,0.5866,0.85262,1.02692,0.5866,0.85262,1.02692,211,0.0863,0.00404
48x48_4T,48x48,4,49,196,7,7,96,96,9216,locate_tropopause,0.06834,0.08363,0.09534,0.0676,0.082,0.09393,180,0.0083,0.00046
48x48_4T,48x48,4,49,196,7,7,96,96,9216,mappings.map_physics_fields,25.9962,36.02014,46.4276,24.9616,30.43592,41.3541,181,3.08052,0.19901
48x48_4T,48x48,4,49,196,7,7,96,96,9216,mappings.set_wind,28.0707,28.72278,32.2767,0.65576,1.93635,2.28853,180,0.19598,0.15957
48x48_4T,48x48,4,49,196,7,7,96,96,9216,mass_matrix_solver_alg,43.8167,44.66533,49.6952,15.8544,39.15903,41.5265,1082,3.96341,0.04128
48x48_4T,48x48,4,49,196,7,7,96,96,9216,microphysics.casim,77.6285,101.0991,117.381,77.6056,101.0782,117.354,180,10.23046,0.56166
48x48_4T,48x48,4,49,196,7,7,96,96,9216,microphysics.casim_activate,0.05668,0.08325,0.11509,0.05507,0.08159,0.11298,181,0.00826,0.00046
48x48_4T,48x48,4,49,196,7,7,96,96,9216,mixed_solver.schur_precon,50.0391,51.62253,59.0222,0.00637,0.01265,0.01617,720,0.00128,0.0717
48x48_4T,48x48,4,49,196,7,7,96,96,9216,pressure_solver.helmholtz_lhs,25.0459,26.35267,43.5789,18.3427,23.20658,23.7545,19440,2.34882,0.00136
48x48_4T,48x48,4,49,196,7,7,96,96,9216,radiation.illuminate,0.43106,0.48202,0.54617,0.43106,0.48202,0.54617,180,0.04879,0.00268
48x48_4T,48x48,4,49,196,7,7,96,96,9216,radiation.lw,9.30551,12.12034,13.4372,9.30551,12.12034,13.4372,180,1.22674,0.06734
48x48_4T,48x48,4,49,196,7,7,96,96,9216,radiation.sw,0.10355,0.13056,0.17341,0.10355,0.13056,0.17341,180,0.01321,0.00073
48x48_4T,48x48,4,49,196,7,7,96,96,9216,runtime_constants.dycore,4.70246,6.10074,6.21284,4.70246,6.10062,6.21262,13,0.61746,0.46929
48x48_4T,48x48,4,49,196,7,7,96,96,9216,runtime_constants.fem,3.84007,4.46226,5.17559,2.56216,3.35157,3.50349,31,0.33922,0.14394
48x48_4T,48x48,4,49,196,7,7,96,96,9216,runtime_constants.geometric,1.8573,2.05907,2.31354,0.83819,1.10017,1.13763,26,0.11135,0.0792
48x48_4T,48x48,4,49,196,7,7,96,96,9216,runtime_constants.limited_area,0.22767,0.32148,0.41776,0.02776,0.14522,0.30532,15,0.0147,0.02143
48x48_4T,48x48,4,49,196,7,7,96,96,9216,runtime_constants.mapping,0.28794,0.3674,0.38153,0.28794,0.3674,0.38153,1,0.03719,0.3674
48x48_4T,48x48,4,49,196,7,7,96,96,9216,runtime_constants.physics,1.61936,1.62362,1.62995,0.00652,0.01297,0.02098,1,0.00131,1.62362
48x48_4T,48x48,4,49,196,7,7,96,96,9216,runtime_constants.solver,0.0108,0.01515,0.04719,0.01076,0.01512,0.04715,16,0.00153,0.00095
48x48_4T,48x48,4,49,196,7,7,96,96,9216,runtime_constants.transport,0.01028,0.01344,0.01553,0.01025,0.01339,0.01548,4,0.00136,0.00336
48x48_4T,48x48,4,49,196,7,7,96,96,9216,schur_precon.back_sub,4.77508,7.09878,7.43991,2.19074,6.34492,6.61011,720,0.64219,0.00986
48x48_4T,48x48,4,49,196,7,7,96,96,9216,schur_precon.pressure_solver,36.6062,37.85493,52.3318,8.7277,11.46282,11.6934,720,1.16019,0.05258
48x48_4T,48x48,4,49,196,7,7,96,96,9216,schur_precon.rhs,1.90498,6.64741,7.26178,1.89619,6.61293,7.22625,720,0.66932,0.00923
48x48_4T,48x48,4,49,196,7,7,96,96,9216,semi_implicit_timestep,890.703,891.67359,899.036,12.4593,33.38322,35.3175,180,3.37883,4.95374
48x48_4T,48x48,4,49,196,7,7,96,96,9216,slow_physics,211.256,211.35549,212.978,2.41684,2.73386,3.92763,180,0.2767,1.1742
48x48_4T,48x48,4,49,196,7,7,96,96,9216,smagorinsky,18.4655,23.15737,27.6326,5.8353,16.32967,17.283,360,1.65278,0.06433
48x48_4T,48x48,4,49,196,7,7,96,96,9216,solver.mixed_solver,53.6842,54.91698,59.8713,0.82799,3.23531,3.60965,720,0.32746,0.07627
48x48_4T,48x48,4,49,196,7,7,96,96,9216,stoch_phys.blpert,0.39548,13.75969,40.5954,0.11189,0.16498,0.2091,360,0.0167,0.03822
48x48_4T,48x48,4,49,196,7,7,96,96,9216,transport.controller_init,7.83336,8.73228,16.8146,4.16869,5.12627,14.5427,360,0.51885,0.02426
48x48_4T,48x48,4,49,196,7,7,96,96,9216,transport.ffsl_horizontal,49.8147,53.41491,63.5589,28.2395,38.51575,47.6332,2419,3.89831,0.02208
48x48_4T,48x48,4,49,196,7,7,96,96,9216,transport.ffsl_vertical,15.2888,25.04844,26.9715,13.6116,22.42132,24.2295,7072,2.26934,0.00354
48x48_4T,48x48,4,49,196,7,7,96,96,9216,transport.flux_precomp,8.81372,11.92652,12.8568,2.89343,5.77004,6.12518,8477,0.58401,0.00141
48x48_4T,48x48,4,49,196,7,7,96,96,9216,transport.flux_precomp_init,0.9459,3.2555,3.49163,0.92913,3.21709,3.45145,3201,0.32561,0.00102
48x48_4T,48x48,4,49,196,7,7,96,96,9216,transport.hori_dep_pts,5.06746,6.09102,6.95657,2.4255,4.39029,4.69842,1118,0.44436,0.00545
48x48_4T,48x48,4,49,196,7,7,96,96,9216,transport.sl_horizontal,33.5043,34.97871,43.8511,13.4903,23.57733,25.4037,2801,2.38634,0.01249
48x48_4T,48x48,4,49,196,7,7,96,96,9216,transport.sl_vertical,25.6338,26.89426,28.2982,3.80424,7.62256,8.5185,2828,0.7715,0.00951
48x48_4T,48x48,4,49,196,7,7,96,96,9216,transport.wind,75.5488,78.32627,78.6335,16.015,26.07768,27.4772,360,2.63941,0.21757
48x48_4T,48x48,4,49,196,7,7,96,96,9216,transport.wind_precomp,11.4556,12.84042,21.9974,6.84477,9.60792,10.3371,2160,0.97245,0.00594
48x48_4T,48x48,4,49,196,7,7,96,96,9216,transport.wind_precomp_final,6.69198,7.44822,8.24404,6.69198,7.44822,8.24404,2160,0.75386,0.00345
48x48_4T,48x48,4,49,196,7,7,96,96,9216,transport.wind_precomp_init,1.14707,4.52655,5.09882,1.13182,4.49459,5.04882,360,0.45491,0.01257
48x48_4T,48x48,4,49,196,7,7,96,96,9216,update_lbcs,3.65545,8.67406,9.2193,3.28811,8.33553,8.88097,180,0.84367,0.04819
48x48_4T,48x48,4,49,196,7,7,96,96,9216,xios.close_context_definition,6.82994,6.8348,6.8353,6.82994,6.8348,6.8353,1,0.69177,6.8348
48x48_4T,48x48,4,49,196,7,7,96,96,9216,xios.context_finalize,0.21818,0.22406,0.25754,0.21818,0.22406,0.25754,1,0.02268,0.22406
48x48_4T,48x48,4,49,196,7,7,96,96,9216,xios.update_calendar,0.85936,1.45322,1.49761,0.85936,1.45322,1.49761,182,0.14709,0.00798
24x24_1T,24x24,1,784,784,28,28,24,24,576,__lfric_atm__,221.913,221.91558,221.919,0.00341,0.00927,0.0159,1,0.00418,221.91558
24x24_1T,24x24,1,784,784,28,28,24,24,576,__setup__,34.9796,35.11353,35.2523,8e-05,0.00288,0.00711,1,0.0013,35.11353
24x24_1T,24x24,1,784,784,28,28,24,24,576,__vernier__,0.25384,0.29421,0.32225,0.25384,0.29421,0.32225,622199,0.13258,0.0
24x24_1T,24x24,1,784,784,28,28,24,24,576,aerosol.glomap_clim,2.21777,2.72945,2.84622,2.21746,2.72907,2.84582,180,1.22978,0.01516
24x24_1T,24x24,1,784,784,28,28,24,24,576,aerosol.radaer,0.54046,0.69547,0.79189,0.54018,0.69499,0.79157,3,0.31318,0.23182
24x24_1T,24x24,1,784,784,28,28,24,24,576,aerosol.stratosphere,0.00519,0.01051,0.02003,0.00519,0.01051,0.02003,180,0.00473,6e-05
24x24_1T,24x24,1,784,784,28,28,24,24,576,bl.explicit,3.82601,7.01414,11.0053,2.64073,3.86597,4.57534,360,1.74209,0.01948
24x24_1T,24x24,1,784,784,28,28,24,24,576,bl.implicit,12.1503,15.83908,17.9818,11.5179,14.76694,16.8944,360,6.65431,0.044
24x24_1T,24x24,1,784,784,28,28,24,24,576,cloud,1.30341,2.15433,3.2249,1.28986,2.13906,3.20907,180,0.96391,0.01197
24x24_1T,24x24,1,784,784,28,28,24,24,576,cloud.bm_tau,0.46104,0.73865,0.87144,0.46104,0.73865,0.87144,180,0.33285,0.0041
24x24_1T,24x24,1,784,784,28,28,24,24,576,diags.bl_exp,0.02272,0.03383,0.04213,0.00464,0.00699,0.01053,360,0.00315,9e-05
24x24_1T,24x24,1,784,784,28,28,24,24,576,diags.bl_imp,0.07404,0.09186,0.10696,0.05424,0.06978,0.07873,540,0.03145,0.00017
24x24_1T,24x24,1,784,784,28,28,24,24,576,diags.blpert,0.00446,0.0058,0.00757,4e-05,6e-05,7e-05,360,3e-05,2e-05
24x24_1T,24x24,1,784,784,28,28,24,24,576,diags.casim,0.02856,0.03528,0.04428,0.01286,0.01759,0.02264,360,0.00793,0.0001
24x24_1T,24x24,1,784,784,28,28,24,24,576,diags.cloud,0.05824,0.07639,0.08995,0.04806,0.05855,0.06461,360,0.02638,0.00021
24x24_1T,24x24,1,784,784,28,28,24,24,576,diags.dynamics,0.02956,0.03602,0.04231,0.02809,0.03425,0.04017,180,0.01544,0.0002
24x24_1T,24x24,1,784,784,28,28,24,24,576,diags.electric,0.00874,0.01317,0.01885,0.00747,0.01096,0.01505,360,0.00494,4e-05
24x24_1T,24x24,1,784,784,28,28,24,24,576,diags.glomap_clim,0.01878,0.02703,0.03646,0.00042,0.00076,0.00244,180,0.00034,0.00015
24x24_1T,24x24,1,784,784,28,28,24,24,576,diags.illuminate,0.0042,0.00604,0.00948,6e-05,0.00012,0.0004,180,5e-05,3e-05
24x24_1T,24x24,1,784,784,28,28,24,24,576,diags.jules_exp,0.12445,0.43422,0.74865,0.00613,0.00813,0.01064,360,0.00366,0.00121
24x24_1T,24x24,1,784,784,28,28,24,24,576,diags.jules_imp,0.01933,0.02978,0.04031,0.00787,0.01115,0.01423,360,0.00502,8e-05
24x24_1T,24x24,1,784,784,28,28,24,24,576,diags.jules_seaice,0.00326,0.00537,0.00868,0.00075,0.00137,0.00398,180,0.00062,3e-05
24x24_1T,24x24,1,784,784,28,28,24,24,576,diags.jules_snow,0.00741,0.01074,0.01816,0.00375,0.00474,0.00588,360,0.00214,3e-05
24x24_1T,24x24,1,784,784,28,28,24,24,576,diags.jules_soil,0.01209,0.03127,0.05446,0.0068,0.00871,0.01044,360,0.00393,9e-05
24x24_1T,24x24,1,784,784,28,28,24,24,576,diags.locate_tropopause,0.00185,0.00254,0.00327,1e-05,2e-05,4e-05,180,1e-05,1e-05
24x24_1T,24x24,1,784,784,28,28,24,24,576,diags.microphysics,0.01612,0.02086,0.02762,9e-05,0.00015,0.00057,180,7e-05,0.00012
24x24_1T,24x24,1,784,784,28,28,24,24,576,diags.pmsl,0.10614,0.1117,0.12107,0.03531,0.065,0.09194,180,0.02929,0.00062
24x24_1T,24x24,1,784,784,28,28,24,24,576,diags.pressure_lev,0.02106,0.02806,0.04459,0.02029,0.02711,0.04327,180,0.01222,0.00016
24x24_1T,24x24,1,784,784,28,28,24,24,576,diags.radaer,0.00028,0.00069,0.00209,0.00026,0.00067,0.00208,9,0.0003,8e-05
24x24_1T,24x24,1,784,784,28,28,24,24,576,diags.radiation,0.28673,0.43809,0.81899,0.10813,0.14532,0.16855,360,0.06549,0.00122
24x24_1T,24x24,1,784,784,28,28,24,24,576,diags.smagorinsky,0.00726,0.01105,0.01431,7e-05,0.00013,0.00032,360,6e-05,3e-05
24x24_1T,24x24,1,784,784,28,28,24,24,576,dynamics.compute_si_operators,16.872,17.34341,18.5587,9.22971,13.72105,14.3783,180,6.183,0.09635
24x24_1T,24x24,1,784,784,28,28,24,24,576,dynamics.phys_predictors,3.81898,5.22323,7.19342,0.24804,0.36696,0.48371,360,0.16536,0.01451
24x24_1T,24x24,1,784,784,28,28,24,24,576,dynamics.rhs_alg,7.67419,9.23579,11.5318,4.78271,6.95508,7.71127,900,3.13411,0.01026
24x24_1T,24x24,1,784,784,28,28,24,24,576,dynamics.rhs_lbc,0.92952,1.11124,1.22328,0.50462,0.90125,1.01057,180,0.40612,0.00617
24x24_1T,24x24,1,784,784,28,28,24,24,576,dynamics.solver,15.7457,15.961,16.6489,1.79766,2.80571,3.27364,720,1.26432,0.02217
24x24_1T,24x24,1,784,784,28,28,24,24,576,dynamics.transport,51.4826,53.61777,56.4238,3.08434,3.59841,3.9625,360,1.62152,0.14894
24x24_1T,24x24,1,784,784,28,28,24,24,576,dynamics.transport_predictors,2.31505,2.45583,2.58823,0.08482,0.12914,0.15658,180,0.05819,0.01364
24x24_1T,24x24,1,784,784,28,28,24,24,576,electric,0.26804,0.31749,0.39084,0.08993,0.13564,0.19006,180,0.06112,0.00176
24x24_1T,24x24,1,784,784,28,28,24,24,576,fast_physics,23.0775,24.0659,25.1636,0.80755,1.06607,2.50781,360,0.48039,0.06685
24x24_1T,24x24,1,784,784,28,28,24,24,576,field.halo_ex_1,13.0055,19.8544,48.4882,9.57761,16.40237,44.476,46335,7.39127,0.00043
24x24_1T,24x24,1,784,784,28,28,24,24,576,field.halo_ex_2,0.50267,0.99461,3.84726,0.3489,0.73807,3.45316,1986,0.33259,0.0005
24x24_1T,24x24,1,784,784,28,28,24,24,576,field.halo_ex_6,0.42829,0.48465,0.67183,0.12596,0.18182,0.3687,466,0.08193,0.00104
24x24_1T,24x24,1,784,784,28,28,24,24,576,field.halo_ex_7,2.01473,2.51649,4.03622,1.67917,2.17772,3.70556,5284,0.98133,0.00048
24x24_1T,24x24,1,784,784,28,28,24,24,576,field.halo_ex_8,3.81587,5.19156,7.39197,3.53942,4.92266,7.13566,11248,2.21826,0.00046
24x24_1T,24x24,1,784,784,28,28,24,24,576,field.initialise,0.58747,0.68774,0.92333,0.58747,0.68774,0.92333,379988,0.30991,0.0
24x24_1T,24x24,1,784,784,28,28,24,24,576,field.read,23.0716,23.19165,23.2783,2e-05,9e-05,0.00187,62,4e-05,0.37406
24x24_1T,24x24,1,784,784,28,28,24,24,576,field.write,0.59567,1.09823,1.64855,0.10393,0.13752,0.16453,37951,0.06197,3e-05
24x24_1T,24x24,1,784,784,28,28,24,24,576,fs.constructor,0.01332,0.02582,0.03175,0.01332,0.02582,0.03175,71,0.01163,0.00036
24x24_1T,24x24,1,784,784,28,28,24,24,576,gungho_diagnostics_driver,9.04156,9.81056,10.3888,7.07786,9.08824,9.66355,181,4.09536,0.0542
24x24_1T,24x24,1,784,784,28,28,24,24,576,gungho_driver.finalise,0.64284,0.6436,0.64451,0.02135,0.0238,0.02872,1,0.01072,0.6436
24x24_1T,24x24,1,784,784,28,28,24,24,576,gungho_driver.first_timestep,7.815,7.95358,8.09001,3e-05,0.00012,0.00051,1,5e-05,7.95358
24x24_1T,24x24,1,784,784,28,28,24,24,576,gungho_driver.initialise,34.9751,35.11064,35.2513,1.09082,1.5548,1.80248,1,0.70063,35.11064
24x24_1T,24x24,1,784,784,28,28,24,24,576,gungho_driver.mesh_init,1.04402,1.09936,1.11969,1.04402,1.09936,1.11969,1,0.4954,1.09936
24x24_1T,24x24,1,784,784,28,28,24,24,576,gungho_driver.timestep,177.394,177.4726,177.514,0.00204,0.00323,0.00482,179,0.00146,0.99147
24x24_1T,24x24,1,784,784,28,28,24,24,576,gungho_timestep,173.854,174.4454,175.771,0.0143,0.02365,0.03037,180,0.01066,0.96914
24x24_1T,24x24,1,784,784,28,28,24,24,576,halo_routing_creation,4.28618,4.58533,5.39795,4.28618,4.58533,5.39795,65319,2.06625,7e-05
24x24_1T,24x24,1,784,784,28,28,24,24,576,init_lbcs,0.09963,0.13296,0.27986,0.01431,0.03195,0.12673,1,0.0144,0.13296
24x24_1T,24x24,1,784,784,28,28,24,24,576,jules.explicit,0.28094,0.73345,1.9659,0.27347,0.72364,1.95478,180,0.32609,0.00407
24x24_1T,24x24,1,784,784,28,28,24,24,576,jules.extra,0.02699,0.25855,0.80591,0.01579,0.24432,0.79107,180,0.11009,0.00144
24x24_1T,24x24,1,784,784,28,28,24,24,576,jules.implicit,0.45143,0.93491,1.83498,0.44151,0.92297,1.82072,720,0.41591,0.0013
24x24_1T,24x24,1,784,784,28,28,24,24,576,jules.radiation,0.10883,0.21596,0.30746,0.08853,0.18878,0.25121,180,0.08507,0.0012
24x24_1T,24x24,1,784,784,28,28,24,24,576,leonard_term,0.55471,0.94583,2.48283,0.21676,0.34589,0.43992,180,0.15587,0.00525
24x24_1T,24x24,1,784,784,28,28,24,24,576,lfric_xios.finalise_context,0.61511,0.6198,0.62212,5e-05,7e-05,0.00014,1,3e-05,0.6198
24x24_1T,24x24,1,784,784,28,28,24,24,576,lfric_xios.init_context,0.17586,0.33861,0.68247,0.15294,0.31348,0.64652,1,0.14126,0.33861
24x24_1T,24x24,1,784,784,28,28,24,24,576,lfric_xios.read_fldg,23.0715,23.19153,23.2782,23.0277,23.13044,23.14,62,10.42308,0.37406
24x24_1T,24x24,1,784,784,28,28,24,24,576,lfric_xios.write_fldg,0.48752,0.96057,1.51458,0.48752,0.96057,1.51458,211,0.43285,0.00455
24x24_1T,24x24,1,784,784,28,28,24,24,576,locate_tropopause,0.02108,0.02813,0.03534,0.02025,0.02702,0.03369,180,0.01218,0.00016
24x24_1T,24x24,1,784,784,28,28,24,24,576,mappings.map_physics_fields,7.3483,8.44293,9.41552,7.05629,8.02134,9.06711,181,3.61459,0.04665
24x24_1T,24x24,1,784,784,28,28,24,24,576,mappings.set_wind,1.28308,1.54781,2.56652,0.09744,0.2026,0.29807,180,0.09129,0.0086
24x24_1T,24x24,1,784,784,28,28,24,24,576,mass_matrix_solver_alg,6.04989,7.31263,9.4145,4.08087,5.26258,5.8729,1082,2.37143,0.00676
24x24_1T,24x24,1,784,784,28,28,24,24,576,microphysics.casim,5.69914,7.97271,10.1609,5.68485,7.95683,10.1473,180,3.58552,0.04429
24x24_1T,24x24,1,784,784,28,28,24,24,576,microphysics.casim_activate,0.00999,0.02466,0.03572,0.00863,0.02307,0.03391,181,0.01039,0.00014
24x24_1T,24x24,1,784,784,28,28,24,24,576,mixed_solver.schur_precon,12.08,12.46093,13.396,0.00429,0.00547,0.00952,720,0.00246,0.01731
24x24_1T,24x24,1,784,784,28,28,24,24,576,pressure_solver.helmholtz_lhs,6.49243,6.8212,8.97857,4.58765,5.64022,5.80509,19440,2.5416,0.00035
24x24_1T,24x24,1,784,784,28,28,24,24,576,radiation.illuminate,0.07517,0.11899,0.21469,0.07517,0.11899,0.21469,180,0.05362,0.00066
24x24_1T,24x24,1,784,784,28,28,24,24,576,radiation.lw,1.50738,2.57709,2.94149,1.50738,2.57709,2.94149,180,1.16129,0.01432
24x24_1T,24x24,1,784,784,28,28,24,24,576,radiation.sw,0.01097,0.02943,0.0502,0.01097,0.02943,0.0502,180,0.01326,0.00016
24x24_1T,24x24,1,784,784,28,28,24,24,576,runtime_constants.dycore,1.23503,1.70725,1.7686,1.23502,1.70724,1.7686,13,0.76932,0.13133
24x24_1T,24x24,1,784,784,28,28,24,24,576,runtime_constants.fem,1.09808,1.24708,1.40466,0.67014,0.95102,0.99011,31,0.42855,0.04023
24x24_1T,24x24,1,784,784,28,28,24,24,576,runtime_constants.geometric,0.50896,0.59903,0.8105,0.21799,0.30837,0.32985,26,0.13896,0.02304
24x24_1T,24x24,1,784,784,28,28,24,24,576,runtime_constants.limited_area,0.04224,0.05281,0.06351,0.00231,0.01147,0.0193,15,0.00517,0.00352
24x24_1T,24x24,1,784,784,28,28,24,24,576,runtime_constants.mapping,0.07256,0.09926,0.10677,0.07256,0.09926,0.10677,1,0.04473,0.09926
24x24_1T,24x24,1,784,784,28,28,24,24,576,runtime_constants.physics,0.55775,0.5638,0.57123,0.00117,0.00813,0.01639,1,0.00366,0.5638
24x24_1T,24x24,1,784,784,28,28,24,24,576,runtime_constants.solver,0.00089,0.00134,0.00252,0.00088,0.00132,0.00247,16,0.0006,8e-05
24x24_1T,24x24,1,784,784,28,28,24,24,576,runtime_constants.transport,0.00184,0.0033,0.0095,0.00182,0.00327,0.00948,4,0.00148,0.00082
24x24_1T,24x24,1,784,784,28,28,24,24,576,schur_precon.back_sub,1.29748,1.40412,1.80558,0.70639,1.08135,1.48423,720,0.48728,0.00195
24x24_1T,24x24,1,784,784,28,28,24,24,576,schur_precon.pressure_solver,9.24239,9.6076,11.2603,2.24093,2.77258,2.86081,720,1.24939,0.01334
24x24_1T,24x24,1,784,784,28,28,24,24,576,schur_precon.rhs,0.82029,1.43857,1.56357,0.8127,1.43137,1.55498,720,0.645,0.002
24x24_1T,24x24,1,784,784,28,28,24,24,576,semi_implicit_timestep,173.835,174.42112,175.748,4.66126,6.34929,6.69257,180,2.86113,0.96901
24x24_1T,24x24,1,784,784,28,28,24,24,576,slow_physics,27.7375,27.87528,28.1235,0.88345,1.23399,3.31657,180,0.55606,0.15486
24x24_1T,24x24,1,784,784,28,28,24,24,576,smagorinsky,3.57747,5.37503,7.72809,1.38758,2.02307,2.30737,360,0.91164,0.01493
24x24_1T,24x24,1,784,784,28,28,24,24,576,solver.mixed_solver,12.7297,12.9489,13.6195,0.20609,0.45965,0.61225,720,0.20713,0.01798
24x24_1T,24x24,1,784,784,28,28,24,24,576,stoch_phys.blpert,0.12323,1.44477,4.61492,0.04544,0.05625,0.07602,360,0.02535,0.00401
24x24_1T,24x24,1,784,784,28,28,24,24,576,transport.controller_init,2.197,2.44562,3.19095,1.13885,1.43561,2.43235,360,0.64692,0.00679
24x24_1T,24x24,1,784,784,28,28,24,24,576,transport.ffsl_horizontal,11.529,12.25183,12.8115,6.09338,7.69841,9.42475,2340,3.46907,0.00524
24x24_1T,24x24,1,784,784,28,28,24,24,576,transport.ffsl_vertical,3.97156,4.55594,4.83214,3.47258,3.97632,4.25177,7200,1.79182,0.00063
24x24_1T,24x24,1,784,784,28,28,24,24,576,transport.flux_precomp,2.38764,2.76926,3.13021,0.86422,1.06428,1.13316,8460,0.47959,0.00033
24x24_1T,24x24,1,784,784,28,28,24,24,576,transport.flux_precomp_init,0.44669,0.62497,0.66287,0.42847,0.61002,0.64807,3240,0.27489,0.00019
24x24_1T,24x24,1,784,784,28,28,24,24,576,transport.hori_dep_pts,1.31278,1.67881,2.00785,0.66172,0.90012,1.12902,1080,0.40561,0.00155
24x24_1T,24x24,1,784,784,28,28,24,24,576,transport.sl_horizontal,8.3466,8.76918,9.31105,3.29831,4.36287,4.86691,2700,1.96601,0.00325
24x24_1T,24x24,1,784,784,28,28,24,24,576,transport.sl_vertical,5.31192,5.62741,6.06224,1.054,1.50562,2.08388,2880,0.67846,0.00195
24x24_1T,24x24,1,784,784,28,28,24,24,576,transport.wind,18.0531,18.67959,19.1339,4.57324,6.41617,6.91263,360,2.89127,0.05189
24x24_1T,24x24,1,784,784,28,28,24,24,576,transport.wind_precomp,2.50872,2.84969,3.82717,1.62053,2.036,2.17983,2160,0.91746,0.00132
24x24_1T,24x24,1,784,784,28,28,24,24,576,transport.wind_precomp_final,6.63291,8.81676,11.7288,6.63291,8.81676,11.7288,2160,3.97302,0.00408
24x24_1T,24x24,1,784,784,28,28,24,24,576,transport.wind_precomp_init,0.57393,0.86424,0.9268,0.55724,0.85188,0.91586,360,0.38388,0.0024
24x24_1T,24x24,1,784,784,28,28,24,24,576,update_lbcs,0.85752,1.30766,1.49198,0.77305,1.22727,1.41533,180,0.55304,0.00726
24x24_1T,24x24,1,784,784,28,28,24,24,576,xios.close_context_definition,7.38679,7.39184,7.4958,7.38679,7.39184,7.4958,1,3.33093,7.39184
24x24_1T,24x24,1,784,784,28,28,24,24,576,xios.context_finalize,0.61504,0.61973,0.62205,0.61504,0.61973,0.62205,1,0.27926,0.61973
24x24_1T,24x24,1,784,784,28,28,24,24,576,xios.update_calendar,0.68979,0.72356,0.81884,0.68979,0.72356,0.81884,182,0.32605,0.00398
24x24_2T,24x24,2,392,784,14,28,48,24,1152,__lfric_atm__,234.546,234.54686,234.548,0.00308,0.00574,0.00835,1,0.00245,234.54686
24x24_2T,24x24,2,392,784,14,28,48,24,1152,__setup__,40.0714,40.22572,40.3493,6e-05,0.00103,0.00275,1,0.00044,40.22572
24x24_2T,24x24,2,392,784,14,28,48,24,1152,__vernier__,0.22706,0.27475,0.29628,0.22706,0.27475,0.29628,621531,0.11714,0.0
24x24_2T,24x24,2,392,784,14,28,48,24,1152,aerosol.glomap_clim,2.23596,2.73843,2.89848,2.23561,2.73802,2.89814,180,1.16737,0.01521
24x24_2T,24x24,2,392,784,14,28,48,24,1152,aerosol.radaer,0.53865,0.69958,0.84414,0.53839,0.69918,0.84376,3,0.2981,0.23319
24x24_2T,24x24,2,392,784,14,28,48,24,1152,aerosol.stratosphere,0.00382,0.00899,0.02408,0.00382,0.00899,0.02408,180,0.00383,5e-05
24x24_2T,24x24,2,392,784,14,28,48,24,1152,bl.explicit,3.57808,7.72949,11.9049,2.59845,3.75572,4.48723,360,1.60127,0.02147
24x24_2T,24x24,2,392,784,14,28,48,24,1152,bl.implicit,14.7156,17.97584,21.3346,13.6291,16.80006,20.5869,360,7.16278,0.04993
24x24_2T,24x24,2,392,784,14,28,48,24,1152,cloud,1.54782,3.15925,5.21656,1.5337,3.14476,5.20218,180,1.34078,0.01755
24x24_2T,24x24,2,392,784,14,28,48,24,1152,cloud.bm_tau,0.57335,0.77427,0.91891,0.57335,0.77427,0.91891,180,0.33011,0.0043
24x24_2T,24x24,2,392,784,14,28,48,24,1152,diags.bl_exp,0.02858,0.03681,0.0434,0.00445,0.00631,0.00992,360,0.00269,0.0001
24x24_2T,24x24,2,392,784,14,28,48,24,1152,diags.bl_imp,0.07383,0.09327,0.10448,0.05302,0.06556,0.0733,540,0.02795,0.00017
24x24_2T,24x24,2,392,784,14,28,48,24,1152,diags.blpert,0.00444,0.00545,0.00808,5e-05,5e-05,8e-05,360,2e-05,2e-05
24x24_2T,24x24,2,392,784,14,28,48,24,1152,diags.casim,0.0294,0.03519,0.04362,0.01193,0.01675,0.02158,360,0.00714,0.0001
24x24_2T,24x24,2,392,784,14,28,48,24,1152,diags.cloud,0.05409,0.06464,0.0753,0.04836,0.05505,0.06125,360,0.02347,0.00018
24x24_2T,24x24,2,392,784,14,28,48,24,1152,diags.dynamics,0.02881,0.03241,0.03941,0.02725,0.03075,0.03728,180,0.01311,0.00018
24x24_2T,24x24,2,392,784,14,28,48,24,1152,diags.electric,0.00869,0.01086,0.01447,0.00739,0.00906,0.01169,360,0.00386,3e-05
24x24_2T,24x24,2,392,784,14,28,48,24,1152,diags.glomap_clim,0.01888,0.0254,0.03419,0.00041,0.00071,0.00163,180,0.0003,0.00014
24x24_2T,24x24,2,392,784,14,28,48,24,1152,diags.illuminate,0.00409,0.00588,0.01193,6e-05,0.00012,0.00063,180,5e-05,3e-05
24x24_2T,24x24,2,392,784,14,28,48,24,1152,diags.jules_exp,0.1592,0.41729,0.7226,0.00564,0.00705,0.00895,360,0.00301,0.00116
24x24_2T,24x24,2,392,784,14,28,48,24,1152,diags.jules_imp,0.02116,0.02979,0.04242,0.00761,0.01047,0.01448,360,0.00447,8e-05
24x24_2T,24x24,2,392,784,14,28,48,24,1152,diags.jules_seaice,0.00326,0.00513,0.0093,0.00081,0.00133,0.00359,180,0.00057,3e-05
24x24_2T,24x24,2,392,784,14,28,48,24,1152,diags.jules_snow,0.00827,0.01071,0.01691,0.00348,0.00466,0.00725,360,0.00198,3e-05
24x24_2T,24x24,2,392,784,14,28,48,24,1152,diags.jules_soil,0.01359,0.02067,0.03791,0.00667,0.00808,0.00968,360,0.00345,6e-05
24x24_2T,24x24,2,392,784,14,28,48,24,1152,diags.locate_tropopause,0.0017,0.00246,0.00338,1e-05,2e-05,3e-05,180,1e-05,1e-05
24x24_2T,24x24,2,392,784,14,28,48,24,1152,diags.microphysics,0.01739,0.02191,0.03036,0.0001,0.00017,0.00049,180,7e-05,0.00012
24x24_2T,24x24,2,392,784,14,28,48,24,1152,diags.pmsl,0.08304,0.0877,0.09666,0.03713,0.05798,0.06779,180,0.02472,0.00049
24x24_2T,24x24,2,392,784,14,28,48,24,1152,diags.pressure_lev,0.02083,0.02636,0.02839,0.02008,0.0254,0.02755,180,0.01083,0.00015
24x24_2T,24x24,2,392,784,14,28,48,24,1152,diags.radaer,0.00027,0.00045,0.00116,0.00026,0.00043,0.00114,9,0.00019,5e-05
24x24_2T,24x24,2,392,784,14,28,48,24,1152,diags.radiation,0.22513,0.39757,0.72332,0.10529,0.12657,0.1505,360,0.05396,0.0011
24x24_2T,24x24,2,392,784,14,28,48,24,1152,diags.smagorinsky,0.00729,0.00964,0.01367,7e-05,0.00012,0.00027,360,5e-05,3e-05
24x24_2T,24x24,2,392,784,14,28,48,24,1152,dynamics.compute_si_operators,15.9786,16.14997,17.0111,9.36648,12.91898,13.6622,180,5.50806,0.08972
24x24_2T,24x24,2,392,784,14,28,48,24,1152,dynamics.phys_predictors,3.87747,4.97395,6.55288,0.26952,0.39975,0.49594,360,0.17043,0.01382
24x24_2T,24x24,2,392,784,14,28,48,24,1152,dynamics.rhs_alg,7.50414,8.87326,10.6671,4.96673,6.64389,7.28226,900,2.83265,0.00986
24x24_2T,24x24,2,392,784,14,28,48,24,1152,dynamics.rhs_lbc,0.96095,1.05918,1.16793,0.59016,0.86015,0.95684,180,0.36673,0.00588
24x24_2T,24x24,2,392,784,14,28,48,24,1152,dynamics.solver,15.5317,15.75988,16.2047,1.91639,2.72592,2.98038,720,1.16221,0.02189
24x24_2T,24x24,2,392,784,14,28,48,24,1152,dynamics.transport,50.0576,50.88966,53.3779,3.07075,3.51778,3.91037,360,1.49982,0.14136
24x24_2T,24x24,2,392,784,14,28,48,24,1152,dynamics.transport_predictors,2.12707,2.24246,2.36062,0.08131,0.11401,0.13592,180,0.04861,0.01246
24x24_2T,24x24,2,392,784,14,28,48,24,1152,electric,0.25797,0.29742,0.35241,0.11041,0.14175,0.19312,180,0.06044,0.00165
24x24_2T,24x24,2,392,784,14,28,48,24,1152,fast_physics,26.1493,26.76338,27.8002,0.75454,0.97519,1.97643,360,0.41577,0.07434
24x24_2T,24x24,2,392,784,14,28,48,24,1152,field.halo_ex_1,15.1177,23.29064,47.8057,9.97027,18.04687,42.0812,46335,7.69436,0.0005
24x24_2T,24x24,2,392,784,14,28,48,24,1152,field.halo_ex_2,0.49018,0.90668,2.8293,0.34491,0.69587,2.48632,1986,0.29669,0.00046
24x24_2T,24x24,2,392,784,14,28,48,24,1152,field.halo_ex_6,0.37355,0.4075,0.47618,0.08816,0.12263,0.18634,255,0.05229,0.0016
24x24_2T,24x24,2,392,784,14,28,48,24,1152,field.halo_ex_7,1.66546,2.11583,3.20945,1.35903,1.81107,2.90916,4849,0.77216,0.00044
24x24_2T,24x24,2,392,784,14,28,48,24,1152,field.halo_ex_8,3.73005,5.20151,7.19224,3.50658,4.9714,6.9781,11894,2.11958,0.00044
24x24_2T,24x24,2,392,784,14,28,48,24,1152,field.initialise,0.59459,0.70928,0.88882,0.59459,0.70928,0.88882,379316,0.30241,0.0
24x24_2T,24x24,2,392,784,14,28,48,24,1152,field.read,28.5257,28.7711,28.8867,2e-05,6e-05,0.0005,62,3e-05,0.46405
24x24_2T,24x24,2,392,784,14,28,48,24,1152,field.write,0.60443,0.94934,1.16787,0.09949,0.12499,0.14704,37951,0.05329,3e-05
24x24_2T,24x24,2,392,784,14,28,48,24,1152,fs.constructor,0.02113,0.0323,0.0396,0.02113,0.0323,0.0396,71,0.01377,0.00045
24x24_2T,24x24,2,392,784,14,28,48,24,1152,gungho_diagnostics_driver,9.13501,9.5748,9.7951,7.30778,9.03578,9.30783,181,3.85244,0.0529
24x24_2T,24x24,2,392,784,14,28,48,24,1152,gungho_driver.finalise,0.52089,0.52117,0.52159,0.01972,0.02286,0.02456,1,0.00975,0.52117
24x24_2T,24x24,2,392,784,14,28,48,24,1152,gungho_driver.first_timestep,9.57075,9.69207,9.84432,3e-05,0.0001,0.00039,1,4e-05,9.69207
24x24_2T,24x24,2,392,784,14,28,48,24,1152,gungho_driver.initialise,40.0694,40.22469,40.3493,1.45593,1.70047,1.95037,1,0.725,40.22469
24x24_2T,24x24,2,392,784,14,28,48,24,1152,gungho_driver.mesh_init,0.94428,0.97875,0.98971,0.94428,0.97875,0.98971,1,0.41729,0.97875
24x24_2T,24x24,2,392,784,14,28,48,24,1152,gungho_driver.timestep,183.355,183.40152,183.426,0.00189,0.00269,0.00363,179,0.00115,1.02459
24x24_2T,24x24,2,392,784,14,28,48,24,1152,gungho_timestep,181.967,182.26086,183.161,0.01667,0.02319,0.02774,180,0.00989,1.01256
24x24_2T,24x24,2,392,784,14,28,48,24,1152,halo_routing_creation,5.99549,6.24354,6.96654,5.99549,6.24354,6.96654,65319,2.66196,0.0001
24x24_2T,24x24,2,392,784,14,28,48,24,1152,init_lbcs,0.10691,0.15033,0.27587,0.01899,0.03603,0.13009,1,0.01536,0.15033
24x24_2T,24x24,2,392,784,14,28,48,24,1152,jules.explicit,0.32276,0.85746,2.01239,0.31588,0.84902,2.00254,180,0.36198,0.00476
24x24_2T,24x24,2,392,784,14,28,48,24,1152,jules.extra,0.02666,0.29324,0.93428,0.01553,0.27967,0.91618,180,0.11924,0.00163
24x24_2T,24x24,2,392,784,14,28,48,24,1152,jules.implicit,0.45588,1.04057,2.09094,0.44664,1.02801,2.07606,720,0.4383,0.00145
24x24_2T,24x24,2,392,784,14,28,48,24,1152,jules.radiation,0.14334,0.20537,0.30961,0.13268,0.18523,0.26868,180,0.07897,0.00114
24x24_2T,24x24,2,392,784,14,28,48,24,1152,leonard_term,0.50557,1.00729,3.92351,0.24326,0.33452,0.4145,180,0.14263,0.0056
24x24_2T,24x24,2,392,784,14,28,48,24,1152,lfric_xios.finalise_context,0.49647,0.4983,0.50139,1e-05,7e-05,0.00012,1,3e-05,0.4983
24x24_2T,24x24,2,392,784,14,28,48,24,1152,lfric_xios.init_context,0.12327,0.19953,0.31978,0.10775,0.1816,0.30496,1,0.07743,0.19953
24x24_2T,24x24,2,392,784,14,28,48,24,1152,lfric_xios.read_fldg,28.5257,28.77102,28.8866,28.4913,28.63852,28.6697,62,12.21015,0.46405
24x24_2T,24x24,2,392,784,14,28,48,24,1152,lfric_xios.write_fldg,0.50038,0.82422,1.04341,0.50038,0.82422,1.04341,211,0.35141,0.00391
24x24_2T,24x24,2,392,784,14,28,48,24,1152,locate_tropopause,0.02229,0.02761,0.03564,0.02147,0.02657,0.03419,180,0.01133,0.00015
24x24_2T,24x24,2,392,784,14,28,48,24,1152,mappings.map_physics_fields,6.8484,8.90595,10.5661,6.65096,8.14216,10.0182,181,3.47144,0.0492
24x24_2T,24x24,2,392,784,14,28,48,24,1152,mappings.set_wind,3.31546,3.64285,5.07325,0.10343,0.25254,0.35755,180,0.10767,0.02024
24x24_2T,24x24,2,392,784,14,28,48,24,1152,mass_matrix_solver_alg,5.6739,6.82751,8.52239,3.9016,4.87299,5.38277,1082,2.07762,0.00631
24x24_2T,24x24,2,392,784,14,28,48,24,1152,microphysics.casim,10.1935,13.64133,17.0333,10.1797,13.6267,17.0197,180,5.8098,0.07579
24x24_2T,24x24,2,392,784,14,28,48,24,1152,microphysics.casim_activate,0.01392,0.02468,0.03505,0.01243,0.02317,0.0333,181,0.00988,0.00014
24x24_2T,24x24,2,392,784,14,28,48,24,1152,mixed_solver.schur_precon,11.9714,12.36675,12.8521,0.00391,0.00507,0.00681,720,0.00216,0.01718
24x24_2T,24x24,2,392,784,14,28,48,24,1152,pressure_solver.helmholtz_lhs,6.47803,6.81373,8.22968,4.62552,5.57038,5.76207,19440,2.37496,0.00035
24x24_2T,24x24,2,392,784,14,28,48,24,1152,radiation.illuminate,0.08929,0.11618,0.20152,0.08929,0.11618,0.20152,180,0.04953,0.00065
24x24_2T,24x24,2,392,784,14,28,48,24,1152,radiation.lw,1.79387,2.73468,3.07732,1.79387,2.73468,3.07732,180,1.16594,0.01519
24x24_2T,24x24,2,392,784,14,28,48,24,1152,radiation.sw,0.01542,0.02937,0.04743,0.01542,0.02937,0.04743,180,0.01252,0.00016
24x24_2T,24x24,2,392,784,14,28,48,24,1152,runtime_constants.dycore,1.21332,1.64338,1.7033,1.21332,1.64337,1.70328,13,0.70066,0.12641
24x24_2T,24x24,2,392,784,14,28,48,24,1152,runtime_constants.fem,1.01144,1.14462,1.2983,0.65915,0.89618,0.92863,31,0.38209,0.03692
24x24_2T,24x24,2,392,784,14,28,48,24,1152,runtime_constants.geometric,0.48423,0.52998,0.7309,0.21426,0.29712,0.31145,26,0.12668,0.02038
24x24_2T,24x24,2,392,784,14,28,48,24,1152,runtime_constants.limited_area,0.03764,0.05447,0.06543,0.00321,0.00772,0.0113,15,0.00329,0.00363
24x24_2T,24x24,2,392,784,14,28,48,24,1152,runtime_constants.mapping,0.07263,0.09644,0.10594,0.07263,0.09644,0.10594,1,0.04112,0.09644
24x24_2T,24x24,2,392,784,14,28,48,24,1152,runtime_constants.physics,0.51232,0.51631,0.51975,0.00114,0.00484,0.00741,1,0.00206,0.51631
24x24_2T,24x24,2,392,784,14,28,48,24,1152,runtime_constants.solver,0.00109,0.00152,0.00218,0.00108,0.00151,0.00217,16,0.00064,0.0001
24x24_2T,24x24,2,392,784,14,28,48,24,1152,runtime_constants.transport,0.00209,0.00321,0.00529,0.00207,0.00318,0.00527,4,0.00136,0.0008
24x24_2T,24x24,2,392,784,14,28,48,24,1152,schur_precon.back_sub,1.24848,1.38149,1.48287,0.75678,1.01558,1.17604,720,0.433,0.00192
24x24_2T,24x24,2,392,784,14,28,48,24,1152,schur_precon.pressure_solver,9.22444,9.55139,10.5248,2.25476,2.7238,2.79438,720,1.1613,0.01327
24x24_2T,24x24,2,392,784,14,28,48,24,1152,schur_precon.rhs,0.96511,1.42414,1.5316,0.95771,1.41705,1.52494,720,0.60417,0.00198
24x24_2T,24x24,2,392,784,14,28,48,24,1152,semi_implicit_timestep,181.947,182.23699,183.143,4.68997,6.25114,6.60677,180,2.6652,1.01243
24x24_2T,24x24,2,392,784,14,28,48,24,1152,slow_physics,36.6283,36.70226,36.8981,0.75466,1.2784,2.00811,180,0.54505,0.2039
24x24_2T,24x24,2,392,784,14,28,48,24,1152,smagorinsky,3.52846,5.19686,8.41381,1.36447,1.97483,2.44322,360,0.84198,0.01444
24x24_2T,24x24,2,392,784,14,28,48,24,1152,solver.mixed_solver,12.5678,12.83021,13.1404,0.26897,0.44186,0.5656,720,0.18839,0.01782
24x24_2T,24x24,2,392,784,14,28,48,24,1152,stoch_phys.blpert,0.14025,2.24501,6.72658,0.04833,0.06082,0.08207,360,0.02593,0.00624
24x24_2T,24x24,2,392,784,14,28,48,24,1152,transport.controller_init,2.01761,2.22441,2.9365,1.09363,1.30749,2.22211,360,0.55745,0.00618
24x24_2T,24x24,2,392,784,14,28,48,24,1152,transport.ffsl_horizontal,11.617,12.05554,12.6017,6.10538,7.46426,9.32492,2340,3.18242,0.00515
24x24_2T,24x24,2,392,784,14,28,48,24,1152,transport.ffsl_vertical,3.87491,4.48583,4.81853,3.38108,3.89672,4.23178,7200,1.66138,0.00062
24x24_2T,24x24,2,392,784,14,28,48,24,1152,transport.flux_precomp,2.312,2.67324,2.89354,0.86805,1.07718,1.13535,8460,0.45926,0.00032
24x24_2T,24x24,2,392,784,14,28,48,24,1152,transport.flux_precomp_init,0.43484,0.60212,0.64244,0.42043,0.58816,0.62917,3244,0.25076,0.00019
24x24_2T,24x24,2,392,784,14,28,48,24,1152,transport.hori_dep_pts,1.26535,1.57107,1.75267,0.68346,0.877,0.96678,1080,0.37391,0.00145
24x24_2T,24x24,2,392,784,14,28,48,24,1152,transport.sl_horizontal,7.76416,8.13806,8.58507,3.29288,4.1792,4.4248,2700,1.78182,0.00301
24x24_2T,24x24,2,392,784,14,28,48,24,1152,transport.sl_vertical,5.47324,5.64483,5.9934,1.08527,1.53542,1.85721,2880,0.65463,0.00196
24x24_2T,24x24,2,392,784,14,28,48,24,1152,transport.wind,17.3231,17.83924,18.1716,4.52702,6.06066,6.42425,360,2.58399,0.04955
24x24_2T,24x24,2,392,784,14,28,48,24,1152,transport.wind_precomp,2.66346,2.86929,3.93715,1.72145,2.09668,2.21927,2160,0.89393,0.00133
24x24_2T,24x24,2,392,784,14,28,48,24,1152,transport.wind_precomp_final,6.67125,7.57921,10.2,6.67125,7.57921,10.2,2160,3.23143,0.00351
24x24_2T,24x24,2,392,784,14,28,48,24,1152,transport.wind_precomp_init,0.55799,0.84644,0.92849,0.54455,0.83293,0.9154,360,0.35512,0.00235
24x24_2T,24x24,2,392,784,14,28,48,24,1152,update_lbcs,1.02657,1.40433,1.50879,0.94343,1.32252,1.42455,180,0.56386,0.0078
24x24_2T,24x24,2,392,784,14,28,48,24,1152,xios.close_context_definition,7.1818,7.21004,7.35604,7.1818,7.21004,7.35604,1,3.07403,7.21004
24x24_2T,24x24,2,392,784,14,28,48,24,1152,xios.context_finalize,0.4964,0.49823,0.50132,0.4964,0.49823,0.50132,1,0.21242,0.49823
24x24_2T,24x24,2,392,784,14,28,48,24,1152,xios.update_calendar,0.68235,0.70218,0.76823,0.68235,0.70218,0.76823,182,0.29938,0.00386
24x24_4T,24x24,4,196,784,14,14,48,48,2304,__lfric_atm__,260.298,260.29873,260.3,0.0031,0.00526,0.00753,1,0.00202,260.29873
24x24_4T,24x24,4,196,784,14,14,48,48,2304,__setup__,40.8031,40.98217,41.0777,6e-05,0.00049,0.00131,1,0.00019,40.98217
24x24_4T,24x24,4,196,784,14,14,48,48,2304,__vernier__,0.21397,0.25309,0.26781,0.21397,0.25309,0.26781,621543,0.09723,0.0
24x24_4T,24x24,4,196,784,14,14,48,48,2304,aerosol.glomap_clim,2.24809,2.70769,2.82192,2.24785,2.70732,2.82153,180,1.04008,0.01504
24x24_4T,24x24,4,196,784,14,14,48,48,2304,aerosol.radaer,0.54054,0.69444,0.76944,0.54027,0.69411,0.76905,3,0.26666,0.23148
24x24_4T,24x24,4,196,784,14,14,48,48,2304,aerosol.stratosphere,0.00578,0.00893,0.01444,0.00578,0.00893,0.01444,180,0.00343,5e-05
24x24_4T,24x24,4,196,784,14,14,48,48,2304,bl.explicit,4.6619,9.75108,15.9987,2.71365,3.61925,4.37766,360,1.39042,0.02709
24x24_4T,24x24,4,196,784,14,14,48,48,2304,bl.implicit,16.876,22.27591,28.8485,14.9791,20.94733,27.9551,360,8.04742,0.06188
24x24_4T,24x24,4,196,784,14,14,48,48,2304,cloud,2.1911,5.1652,8.7375,2.17824,5.15098,8.7224,180,1.97887,0.0287
24x24_4T,24x24,4,196,784,14,14,48,48,2304,cloud.bm_tau,0.68539,0.88222,1.03218,0.68539,0.88222,1.03218,180,0.33893,0.0049
24x24_4T,24x24,4,196,784,14,14,48,48,2304,diags.bl_exp,0.03046,0.04386,0.06071,0.00439,0.00586,0.00872,360,0.00225,0.00012
24x24_4T,24x24,4,196,784,14,14,48,48,2304,diags.bl_imp,0.07828,0.09571,0.11242,0.05482,0.06452,0.073,540,0.02479,0.00018
24x24_4T,24x24,4,196,784,14,14,48,48,2304,diags.blpert,0.00401,0.00547,0.00916,4e-05,6e-05,0.00029,360,2e-05,2e-05
24x24_4T,24x24,4,196,784,14,14,48,48,2304,diags.casim,0.02924,0.03855,0.04936,0.01338,0.01755,0.02416,360,0.00674,0.00011
24x24_4T,24x24,4,196,784,14,14,48,48,2304,diags.cloud,0.05475,0.0652,0.07661,0.04804,0.05471,0.0632,360,0.02102,0.00018
24x24_4T,24x24,4,196,784,14,14,48,48,2304,diags.dynamics,0.0286,0.03032,0.03206,0.02706,0.02876,0.03037,180,0.01105,0.00017
24x24_4T,24x24,4,196,784,14,14,48,48,2304,diags.electric,0.00873,0.00987,0.0139,0.00746,0.00831,0.01121,360,0.00319,3e-05
24x24_4T,24x24,4,196,784,14,14,48,48,2304,diags.glomap_clim,0.02081,0.02667,0.0334,0.00043,0.00066,0.00103,180,0.00025,0.00015
24x24_4T,24x24,4,196,784,14,14,48,48,2304,diags.illuminate,0.00387,0.00689,0.01429,9e-05,0.00014,0.00071,180,5e-05,4e-05
24x24_4T,24x24,4,196,784,14,14,48,48,2304,diags.jules_exp,0.01885,0.21764,0.38393,0.00557,0.0063,0.00752,360,0.00242,0.0006
24x24_4T,24x24,4,196,784,14,14,48,48,2304,diags.jules_imp,0.02964,0.04554,0.05974,0.00748,0.01029,0.01493,360,0.00395,0.00013
24x24_4T,24x24,4,196,784,14,14,48,48,2304,diags.jules_seaice,0.00348,0.00531,0.01016,0.00088,0.00135,0.00275,180,0.00052,3e-05
24x24_4T,24x24,4,196,784,14,14,48,48,2304,diags.jules_snow,0.00793,0.01032,0.01613,0.00376,0.00464,0.00605,360,0.00178,3e-05
24x24_4T,24x24,4,196,784,14,14,48,48,2304,diags.jules_soil,0.01219,0.01721,0.02601,0.00676,0.00762,0.00869,360,0.00293,5e-05
24x24_4T,24x24,4,196,784,14,14,48,48,2304,diags.locate_tropopause,0.0017,0.00209,0.00265,2e-05,2e-05,3e-05,180,1e-05,1e-05
24x24_4T,24x24,4,196,784,14,14,48,48,2304,diags.microphysics,0.01861,0.02531,0.0332,0.00011,0.00021,0.00102,180,8e-05,0.00014
24x24_4T,24x24,4,196,784,14,14,48,48,2304,diags.pmsl,0.08608,0.08907,0.09862,0.0392,0.05444,0.07198,180,0.02091,0.00049
24x24_4T,24x24,4,196,784,14,14,48,48,2304,diags.pressure_lev,0.02101,0.0259,0.02826,0.02028,0.02496,0.0274,180,0.00959,0.00014
24x24_4T,24x24,4,196,784,14,14,48,48,2304,diags.radaer,0.00028,0.00035,0.00076,0.00026,0.00033,0.00075,9,0.00013,4e-05
24x24_4T,24x24,4,196,784,14,14,48,48,2304,diags.radiation,0.18238,0.32347,0.53183,0.10536,0.11589,0.13301,360,0.04452,0.0009
24x24_4T,24x24,4,196,784,14,14,48,48,2304,diags.smagorinsky,0.0079,0.0099,0.01317,9e-05,0.00015,0.00026,360,6e-05,3e-05
24x24_4T,24x24,4,196,784,14,14,48,48,2304,dynamics.compute_si_operators,15.3093,15.49394,16.2635,9.47794,12.47087,13.2376,180,4.79098,0.08608
24x24_4T,24x24,4,196,784,14,14,48,48,2304,dynamics.phys_predictors,4.14791,4.92838,6.4889,0.29344,0.46074,0.55145,360,0.177,0.01369
24x24_4T,24x24,4,196,784,14,14,48,48,2304,dynamics.rhs_alg,7.33982,8.79703,9.99184,5.0334,6.45374,7.19755,900,2.47936,0.00977
24x24_4T,24x24,4,196,784,14,14,48,48,2304,dynamics.rhs_lbc,0.90367,1.02947,1.10711,0.56214,0.83748,0.91502,180,0.32174,0.00572
24x24_4T,24x24,4,196,784,14,14,48,48,2304,dynamics.solver,15.5544,15.67837,15.9006,1.9766,2.73737,2.91029,720,1.05163,0.02178
24x24_4T,24x24,4,196,784,14,14,48,48,2304,dynamics.transport,49.8497,50.20936,52.2164,3.11463,3.50822,3.72695,360,1.34777,0.13947
24x24_4T,24x24,4,196,784,14,14,48,48,2304,dynamics.transport_predictors,2.068,2.15203,2.25745,0.07901,0.11026,0.13073,180,0.04236,0.01196
24x24_4T,24x24,4,196,784,14,14,48,48,2304,electric,0.28159,0.31646,0.35905,0.1166,0.14143,0.18399,180,0.05434,0.00176
24x24_4T,24x24,4,196,784,14,14,48,48,2304,fast_physics,32.9447,33.36447,34.0602,0.69799,0.8209,1.0634,360,0.31537,0.09268
24x24_4T,24x24,4,196,784,14,14,48,48,2304,field.halo_ex_1,18.5718,31.80651,50.9002,10.0267,23.19959,41.8797,46335,8.91268,0.00069
24x24_4T,24x24,4,196,784,14,14,48,48,2304,field.halo_ex_2,0.54616,0.92034,2.32711,0.36333,0.71983,1.98555,1986,0.27654,0.00046
24x24_4T,24x24,4,196,784,14,14,48,48,2304,field.halo_ex_6,0.40971,0.44297,0.50145,0.09409,0.12797,0.18484,255,0.04916,0.00174
24x24_4T,24x24,4,196,784,14,14,48,48,2304,field.halo_ex_7,1.79858,2.1819,3.14366,1.48123,1.86197,2.82794,4849,0.71532,0.00045
24x24_4T,24x24,4,196,784,14,14,48,48,2304,field.halo_ex_8,4.48742,5.51538,7.05824,4.23964,5.26921,6.82176,11894,2.02429,0.00046
24x24_4T,24x24,4,196,784,14,14,48,48,2304,field.initialise,0.55666,0.65336,0.79725,0.55666,0.65336,0.79725,379328,0.251,0.0
24x24_4T,24x24,4,196,784,14,14,48,48,2304,field.read,27.9147,28.31251,28.4345,2e-05,3e-05,0.00013,62,1e-05,0.45665
24x24_4T,24x24,4,196,784,14,14,48,48,2304,field.write,0.44278,0.75908,0.92954,0.09959,0.11858,0.13467,37951,0.04555,2e-05
24x24_4T,24x24,4,196,784,14,14,48,48,2304,fs.constructor,0.03343,0.04652,0.05182,0.03343,0.04652,0.05182,71,0.01787,0.00066
24x24_4T,24x24,4,196,784,14,14,48,48,2304,gungho_diagnostics_driver,9.17013,9.56222,9.78335,7.21584,8.95882,9.18594,181,3.44174,0.05283
24x24_4T,24x24,4,196,784,14,14,48,48,2304,gungho_driver.finalise,0.46765,0.46782,0.46803,0.02239,0.02903,0.03238,1,0.01115,0.46782
24x24_4T,24x24,4,196,784,14,14,48,48,2304,gungho_driver.first_timestep,13.148,13.24297,13.4211,4e-05,0.00011,0.0002,1,4e-05,13.24297
24x24_4T,24x24,4,196,784,14,14,48,48,2304,gungho_driver.initialise,40.8026,40.98168,41.0771,2.18496,2.34046,2.55029,1,0.89914,40.98168
24x24_4T,24x24,4,196,784,14,14,48,48,2304,gungho_driver.mesh_init,0.91484,0.94002,0.95333,0.91484,0.94002,0.95333,1,0.36113,0.94002
24x24_4T,24x24,4,196,784,14,14,48,48,2304,gungho_driver.timestep,204.874,204.88947,204.915,0.00184,0.00264,0.0036,179,0.00101,1.14463
24x24_4T,24x24,4,196,784,14,14,48,48,2304,gungho_timestep,206.978,207.21389,208.072,0.01521,0.023,0.02862,180,0.00883,1.15119
24x24_4T,24x24,4,196,784,14,14,48,48,2304,halo_routing_creation,9.44449,9.66064,10.3267,9.44449,9.66064,10.3267,65319,3.71137,0.00015
24x24_4T,24x24,4,196,784,14,14,48,48,2304,init_lbcs,0.12863,0.20002,0.31278,0.03371,0.05052,0.12804,1,0.01941,0.20002
24x24_4T,24x24,4,196,784,14,14,48,48,2304,jules.explicit,0.35434,0.92714,2.24362,0.34762,0.91961,2.23585,180,0.35329,0.00515
24x24_4T,24x24,4,196,784,14,14,48,48,2304,jules.extra,0.02839,0.33916,1.04698,0.017,0.32628,1.03392,180,0.12535,0.00188
24x24_4T,24x24,4,196,784,14,14,48,48,2304,jules.implicit,0.49681,1.17783,2.3668,0.48736,1.16573,2.35376,720,0.44784,0.00164
24x24_4T,24x24,4,196,784,14,14,48,48,2304,jules.radiation,0.18135,0.22918,0.3364,0.16515,0.2093,0.30386,180,0.08041,0.00127
24x24_4T,24x24,4,196,784,14,14,48,48,2304,leonard_term,0.54675,1.16006,2.60032,0.27853,0.35062,0.43315,180,0.1347,0.00644
24x24_4T,24x24,4,196,784,14,14,48,48,2304,lfric_xios.finalise_context,0.43543,0.43879,0.44542,1e-05,8e-05,0.00012,1,3e-05,0.43879
24x24_4T,24x24,4,196,784,14,14,48,48,2304,lfric_xios.init_context,0.13343,0.31706,0.35976,0.11661,0.29947,0.34183,1,0.11505,0.31706
24x24_4T,24x24,4,196,784,14,14,48,48,2304,lfric_xios.read_fldg,27.9146,28.31245,28.4344,27.8592,28.25094,28.293,62,10.85327,0.45665
24x24_4T,24x24,4,196,784,14,14,48,48,2304,lfric_xios.write_fldg,0.34309,0.64037,0.81299,0.34309,0.64037,0.81299,211,0.24601,0.00303
24x24_4T,24x24,4,196,784,14,14,48,48,2304,locate_tropopause,0.02198,0.02646,0.03518,0.02124,0.02547,0.03381,180,0.00979,0.00015
24x24_4T,24x24,4,196,784,14,14,48,48,2304,mappings.map_physics_fields,6.29844,9.87484,12.9003,6.1177,8.48374,11.6106,181,3.25923,0.05456
24x24_4T,24x24,4,196,784,14,14,48,48,2304,mappings.set_wind,6.7863,7.10941,10.1037,0.14669,0.33109,0.45119,180,0.1272,0.0395
24x24_4T,24x24,4,196,784,14,14,48,48,2304,mass_matrix_solver_alg,5.91854,6.63259,8.25031,3.81352,4.70761,5.23793,1082,1.80854,0.00613
24x24_4T,24x24,4,196,784,14,14,48,48,2304,microphysics.casim,18.888,25.06305,30.8568,18.8733,25.04846,30.8443,180,9.62297,0.13924
24x24_4T,24x24,4,196,784,14,14,48,48,2304,microphysics.casim_activate,0.01649,0.02534,0.03295,0.01517,0.0239,0.03141,181,0.00918,0.00014
24x24_4T,24x24,4,196,784,14,14,48,48,2304,mixed_solver.schur_precon,12.06,12.30653,12.6973,0.00352,0.00513,0.00706,720,0.00197,0.01709
24x24_4T,24x24,4,196,784,14,14,48,48,2304,pressure_solver.helmholtz_lhs,6.42965,6.70046,7.99391,4.65144,5.40103,5.57972,19440,2.07493,0.00034
24x24_4T,24x24,4,196,784,14,14,48,48,2304,radiation.illuminate,0.10649,0.12344,0.1707,0.10649,0.12344,0.1707,180,0.04742,0.00069
24x24_4T,24x24,4,196,784,14,14,48,48,2304,radiation.lw,2.01958,3.0201,3.33494,2.01958,3.0201,3.33494,180,1.16024,0.01678
24x24_4T,24x24,4,196,784,14,14,48,48,2304,radiation.sw,0.02508,0.036,0.04923,0.02508,0.036,0.04923,180,0.01383,0.0002
24x24_4T,24x24,4,196,784,14,14,48,48,2304,runtime_constants.dycore,1.20194,1.57991,1.67866,1.20193,1.5799,1.67865,13,0.60696,0.12153
24x24_4T,24x24,4,196,784,14,14,48,48,2304,runtime_constants.fem,0.97287,1.08333,1.26706,0.64563,0.85845,0.89411,31,0.3298,0.03495
24x24_4T,24x24,4,196,784,14,14,48,48,2304,runtime_constants.geometric,0.49678,0.54571,0.67377,0.21259,0.28653,0.29783,26,0.11008,0.02099
24x24_4T,24x24,4,196,784,14,14,48,48,2304,runtime_constants.limited_area,0.03348,0.04444,0.06155,0.00433,0.01122,0.01739,15,0.00431,0.00296
24x24_4T,24x24,4,196,784,14,14,48,48,2304,runtime_constants.mapping,0.07276,0.09367,0.10734,0.07276,0.09367,0.10734,1,0.03598,0.09367
24x24_4T,24x24,4,196,784,14,14,48,48,2304,runtime_constants.physics,0.56779,0.57,0.57133,0.00182,0.00475,0.00687,1,0.00182,0.57
24x24_4T,24x24,4,196,784,14,14,48,48,2304,runtime_constants.solver,0.00141,0.00192,0.00265,0.0014,0.00191,0.00263,16,0.00073,0.00012
24x24_4T,24x24,4,196,784,14,14,48,48,2304,runtime_constants.transport,0.0022,0.00296,0.00643,0.00218,0.00294,0.00638,4,0.00113,0.00074
24x24_4T,24x24,4,196,784,14,14,48,48,2304,schur_precon.back_sub,1.338,1.42672,1.48629,0.75983,1.01059,1.07525,720,0.38824,0.00198
24x24_4T,24x24,4,196,784,14,14,48,48,2304,schur_precon.pressure_solver,9.14451,9.4305,10.3008,2.27542,2.71588,2.80211,720,1.04337,0.0131
24x24_4T,24x24,4,196,784,14,14,48,48,2304,schur_precon.rhs,1.02077,1.44022,1.53373,1.01605,1.43363,1.52692,720,0.55076,0.002
24x24_4T,24x24,4,196,784,14,14,48,48,2304,semi_implicit_timestep,206.955,207.19041,208.057,4.87218,6.28804,6.63127,180,2.4157,1.15106
24x24_4T,24x24,4,196,784,14,14,48,48,2304,slow_physics,53.6768,53.72915,53.8944,0.63561,1.02138,2.25276,180,0.39239,0.2985
24x24_4T,24x24,4,196,784,14,14,48,48,2304,smagorinsky,3.59273,6.11925,10.3041,1.6688,2.15455,2.51939,360,0.82772,0.017
24x24_4T,24x24,4,196,784,14,14,48,48,2304,solver.mixed_solver,12.5766,12.76183,13.0463,0.29925,0.43782,0.51349,720,0.1682,0.01772
24x24_4T,24x24,4,196,784,14,14,48,48,2304,stoch_phys.blpert,0.1035,3.73237,10.7764,0.05432,0.06866,0.08453,360,0.02638,0.01037
24x24_4T,24x24,4,196,784,14,14,48,48,2304,transport.controller_init,1.90418,2.10359,2.6938,1.0091,1.20454,2.00162,360,0.46275,0.00584
24x24_4T,24x24,4,196,784,14,14,48,48,2304,transport.ffsl_horizontal,11.6081,11.96864,12.4248,6.16835,7.35023,8.74408,2340,2.82377,0.00511
24x24_4T,24x24,4,196,784,14,14,48,48,2304,transport.ffsl_vertical,3.89433,4.36789,4.5666,3.37806,3.77377,3.97918,7200,1.44978,0.00061
24x24_4T,24x24,4,196,784,14,14,48,48,2304,transport.flux_precomp,2.34088,2.73157,2.88591,0.88863,1.08794,1.13419,8460,0.41796,0.00032
24x24_4T,24x24,4,196,784,14,14,48,48,2304,transport.flux_precomp_init,0.44243,0.59331,0.63482,0.43035,0.58052,0.62248,3244,0.22302,0.00018
24x24_4T,24x24,4,196,784,14,14,48,48,2304,transport.hori_dep_pts,1.40036,1.62015,1.7589,0.68641,0.87448,0.94118,1080,0.33595,0.0015
24x24_4T,24x24,4,196,784,14,14,48,48,2304,transport.sl_horizontal,8.15719,8.43246,8.76455,3.37205,4.10049,4.21208,2700,1.5753,0.00312
24x24_4T,24x24,4,196,784,14,14,48,48,2304,transport.sl_vertical,5.66639,5.82967,6.14514,1.21115,1.57968,1.73846,2880,0.60687,0.00202
24x24_4T,24x24,4,196,784,14,14,48,48,2304,transport.wind,17.5755,17.93223,18.2873,4.51638,5.81906,6.25723,360,2.23553,0.04981
24x24_4T,24x24,4,196,784,14,14,48,48,2304,transport.wind_precomp,2.77835,3.00908,4.00937,1.81459,2.15572,2.23712,2160,0.82817,0.00139
24x24_4T,24x24,4,196,784,14,14,48,48,2304,transport.wind_precomp_final,6.70698,7.01941,9.06675,6.70698,7.01941,9.06675,2160,2.69667,0.00325
24x24_4T,24x24,4,196,784,14,14,48,48,2304,transport.wind_precomp_init,0.60054,0.84647,0.92123,0.58819,0.83342,0.90826,360,0.32018,0.00235
24x24_4T,24x24,4,196,784,14,14,48,48,2304,update_lbcs,1.17475,1.51063,1.62051,1.09448,1.43532,1.5452,180,0.55141,0.00839
24x24_4T,24x24,4,196,784,14,14,48,48,2304,xios.close_context_definition,7.73964,7.77553,8.16578,7.73964,7.77553,8.16578,1,2.98715,7.77553
24x24_4T,24x24,4,196,784,14,14,48,48,2304,xios.context_finalize,0.43531,0.43871,0.44534,0.43531,0.43871,0.44534,1,0.16854,0.43871
24x24_4T,24x24,4,196,784,14,14,48,48,2304,xios.update_calendar,0.68966,0.71264,0.75196,0.68966,0.71264,0.75196,182,0.27378,0.00392
16x16_1T,16x16,1,1764,1764,42,42,16,16,256,__lfric_atm__,133.538,133.5409,133.543,0.00289,0.00919,0.01378,1,0.00688,133.5409
16x16_1T,16x16,1,1764,1764,42,42,16,16,256,__setup__,37.5914,37.64909,37.7242,8e-05,0.00297,0.00737,1,0.00223,37.64909
16x16_1T,16x16,1,1764,1764,42,42,16,16,256,__vernier__,0.1283,0.20006,0.22351,0.1283,0.20006,0.22351,624263,0.14981,0.0
16x16_1T,16x16,1,1764,1764,42,42,16,16,256,aerosol.glomap_clim,0.99277,1.28859,1.36719,0.99255,1.28828,1.36687,180,0.96471,0.00716
16x16_1T,16x16,1,1764,1764,42,42,16,16,256,aerosol.radaer,0.24131,0.31511,0.35059,0.241,0.31462,0.34962,3,0.2356,0.10504
16x16_1T,16x16,1,1764,1764,42,42,16,16,256,aerosol.stratosphere,0.00169,0.00584,0.01324,0.00169,0.00584,0.01324,180,0.00437,3e-05
16x16_1T,16x16,1,1764,1764,42,42,16,16,256,bl.explicit,2.18698,3.41073,5.60593,1.12897,1.66066,1.98678,360,1.24356,0.00947
16x16_1T,16x16,1,1764,1764,42,42,16,16,256,bl.implicit,4.78734,6.58062,7.50428,4.40331,5.9716,6.93325,360,4.47174,0.01828
16x16_1T,16x16,1,1764,1764,42,42,16,16,256,cloud,0.47088,0.8654,1.3313,0.45816,0.8532,1.31896,180,0.63891,0.00481
16x16_1T,16x16,1,1764,1764,42,42,16,16,256,cloud.bm_tau,0.22062,0.31641,0.37391,0.22062,0.31641,0.37391,180,0.23694,0.00176
16x16_1T,16x16,1,1764,1764,42,42,16,16,256,diags.bl_exp,0.01765,0.02378,0.0295,0.00396,0.00609,0.01033,360,0.00456,7e-05
16x16_1T,16x16,1,1764,1764,42,42,16,16,256,diags.bl_imp,0.08134,0.11153,0.17043,0.05099,0.06686,0.07714,540,0.05007,0.00021
16x16_1T,16x16,1,1764,1764,42,42,16,16,256,diags.blpert,0.00375,0.00518,0.00646,4e-05,5e-05,0.0001,360,4e-05,1e-05
16x16_1T,16x16,1,1764,1764,42,42,16,16,256,diags.casim,0.01911,0.02932,0.03644,0.00988,0.01575,0.01868,360,0.0118,8e-05
16x16_1T,16x16,1,1764,1764,42,42,16,16,256,diags.cloud,0.0998,0.13686,0.1753,0.03991,0.05289,0.0594,360,0.03961,0.00038
16x16_1T,16x16,1,1764,1764,42,42,16,16,256,diags.dynamics,0.02751,0.03507,0.04053,0.02612,0.03328,0.03877,180,0.02492,0.00019
16x16_1T,16x16,1,1764,1764,42,42,16,16,256,diags.electric,0.0084,0.01208,0.01599,0.00724,0.01048,0.01428,360,0.00785,3e-05
16x16_1T,16x16,1,1764,1764,42,42,16,16,256,diags.glomap_clim,0.01633,0.02461,0.03551,0.00035,0.001,0.00322,180,0.00075,0.00014
16x16_1T,16x16,1,1764,1764,42,42,16,16,256,diags.illuminate,0.00344,0.00508,0.00685,5e-05,8e-05,0.00016,180,6e-05,3e-05
16x16_1T,16x16,1,1764,1764,42,42,16,16,256,diags.jules_exp,0.01686,0.30342,0.39163,0.00544,0.00748,0.00903,360,0.0056,0.00084
16x16_1T,16x16,1,1764,1764,42,42,16,16,256,diags.jules_imp,0.01272,0.01806,0.04649,0.00658,0.0092,0.01221,360,0.00689,5e-05
16x16_1T,16x16,1,1764,1764,42,42,16,16,256,diags.jules_seaice,0.003,0.00478,0.00887,0.00047,0.00095,0.00197,180,0.00071,3e-05
16x16_1T,16x16,1,1764,1764,42,42,16,16,256,diags.jules_snow,0.00702,0.01041,0.0666,0.00335,0.0043,0.00515,360,0.00322,3e-05
16x16_1T,16x16,1,1764,1764,42,42,16,16,256,diags.jules_soil,0.01402,0.05596,0.16046,0.00652,0.00855,0.01007,360,0.0064,0.00016
16x16_1T,16x16,1,1764,1764,42,42,16,16,256,diags.locate_tropopause,0.00124,0.00207,0.00327,1e-05,2e-05,7e-05,180,1e-05,1e-05
16x16_1T,16x16,1,1764,1764,42,42,16,16,256,diags.microphysics,0.01093,0.01589,0.02245,7e-05,0.00011,0.00019,180,8e-05,9e-05
16x16_1T,16x16,1,1764,1764,42,42,16,16,256,diags.pmsl,0.08276,0.10301,0.11814,0.02056,0.04351,0.05751,180,0.03258,0.00057
16x16_1T,16x16,1,1764,1764,42,42,16,16,256,diags.pressure_lev,0.01957,0.02638,0.03381,0.01889,0.02548,0.0329,180,0.01908,0.00015
16x16_1T,16x16,1,1764,1764,42,42,16,16,256,diags.radaer,0.00027,0.00079,0.00276,0.00026,0.00077,0.00275,9,0.00058,9e-05
16x16_1T,16x16,1,1764,1764,42,42,16,16,256,diags.radiation,0.2575,0.45777,0.61449,0.10409,0.14232,0.15665,360,0.10658,0.00127
16x16_1T,16x16,1,1764,1764,42,42,16,16,256,diags.smagorinsky,0.0046,0.00738,0.00932,5e-05,8e-05,0.00019,360,6e-05,2e-05
16x16_1T,16x16,1,1764,1764,42,42,16,16,256,dynamics.compute_si_operators,8.41833,9.75043,10.2198,3.93618,6.49245,6.93028,180,4.86177,0.05417
16x16_1T,16x16,1,1764,1764,42,42,16,16,256,dynamics.phys_predictors,1.33642,2.58183,4.3254,0.09564,0.12868,0.16481,360,0.09636,0.00717
16x16_1T,16x16,1,1764,1764,42,42,16,16,256,dynamics.rhs_alg,3.206,4.53976,6.60259,1.45798,2.68467,3.04008,900,2.01037,0.00504
16x16_1T,16x16,1,1764,1764,42,42,16,16,256,dynamics.rhs_lbc,0.40409,0.46623,0.53661,0.1637,0.35244,0.41457,180,0.26392,0.00259
16x16_1T,16x16,1,1764,1764,42,42,16,16,256,dynamics.solver,7.06411,7.25291,7.38411,0.53272,1.14459,1.3417,720,0.85711,0.01007
16x16_1T,16x16,1,1764,1764,42,42,16,16,256,dynamics.transport,28.3326,30.60544,33.7078,1.40878,1.58608,1.74491,360,1.18771,0.08502
16x16_1T,16x16,1,1764,1764,42,42,16,16,256,dynamics.transport_predictors,0.73612,0.82028,0.94337,0.01816,0.04117,0.05508,180,0.03083,0.00456
16x16_1T,16x16,1,1764,1764,42,42,16,16,256,electric,0.22553,0.2532,0.30744,0.04172,0.06423,0.09799,180,0.0481,0.00141
16x16_1T,16x16,1,1764,1764,42,42,16,16,256,fast_physics,10.4763,11.34131,12.6954,0.49898,0.85218,1.82435,360,0.63814,0.0315
16x16_1T,16x16,1,1764,1764,42,42,16,16,256,field.halo_ex_1,9.70703,13.84586,30.9179,7.22676,11.34461,27.9565,46335,8.49523,0.0003
16x16_1T,16x16,1,1764,1764,42,42,16,16,256,field.halo_ex_2,0.37197,0.88361,3.90973,0.25473,0.73614,3.79239,1986,0.55125,0.00044
16x16_1T,16x16,1,1764,1764,42,42,16,16,256,field.halo_ex_6,0.39428,0.41642,0.47004,0.09522,0.12402,0.17575,365,0.09287,0.00114
16x16_1T,16x16,1,1764,1764,42,42,16,16,256,field.halo_ex_7,1.44951,1.6966,2.27882,1.14807,1.39797,1.98864,5084,1.04685,0.00033
16x16_1T,16x16,1,1764,1764,42,42,16,16,256,field.halo_ex_8,2.90569,3.40113,4.20073,2.746,3.24873,4.0618,11549,2.43276,0.00029
16x16_1T,16x16,1,1764,1764,42,42,16,16,256,field.initialise,0.30004,0.46444,0.5792,0.30004,0.46444,0.5792,382052,0.34779,0.0
16x16_1T,16x16,1,1764,1764,42,42,16,16,256,field.read,26.8919,26.9318,26.9819,2e-05,9e-05,0.00241,62,7e-05,0.43438
16x16_1T,16x16,1,1764,1764,42,42,16,16,256,field.write,0.49978,1.10822,1.46192,0.08682,0.12141,0.13941,37951,0.09092,3e-05
16x16_1T,16x16,1,1764,1764,42,42,16,16,256,fs.constructor,0.00857,0.01834,0.02574,0.00857,0.01834,0.02574,71,0.01373,0.00026
16x16_1T,16x16,1,1764,1764,42,42,16,16,256,gungho_diagnostics_driver,4.38476,4.76439,6.38876,3.09405,4.21733,5.90471,181,3.15808,0.02632
16x16_1T,16x16,1,1764,1764,42,42,16,16,256,gungho_driver.finalise,0.41189,0.57028,0.57293,0.02249,0.18128,0.1868,1,0.13575,0.57028
16x16_1T,16x16,1,1764,1764,42,42,16,16,256,gungho_driver.first_timestep,5.03187,5.10914,5.16457,2e-05,8e-05,0.00037,1,6e-05,5.10914
16x16_1T,16x16,1,1764,1764,42,42,16,16,256,gungho_driver.initialise,37.5893,37.64611,37.724,0.8524,1.22826,1.38155,1,0.91977,37.64611
16x16_1T,16x16,1,1764,1764,42,42,16,16,256,gungho_driver.mesh_init,0.87812,0.92866,0.95405,0.87812,0.92866,0.95405,1,0.69541,0.92866
16x16_1T,16x16,1,1764,1764,42,42,16,16,256,gungho_driver.timestep,89.3154,89.37925,89.5494,0.00153,0.00248,0.00357,179,0.00186,0.49933
16x16_1T,16x16,1,1764,1764,42,42,16,16,256,gungho_timestep,87.8565,89.29511,89.9395,0.00868,0.01577,0.02367,180,0.01181,0.49608
16x16_1T,16x16,1,1764,1764,42,42,16,16,256,halo_routing_creation,3.18493,3.37094,3.95264,3.18493,3.37094,3.95264,65319,2.52428,5e-05
16x16_1T,16x16,1,1764,1764,42,42,16,16,256,init_lbcs,0.07585,0.10958,0.18537,0.00608,0.02729,0.10432,1,0.02044,0.10958
16x16_1T,16x16,1,1764,1764,42,42,16,16,256,jules.explicit,0.16351,0.39463,0.92178,0.15695,0.38556,0.91215,180,0.28872,0.00219
16x16_1T,16x16,1,1764,1764,42,42,16,16,256,jules.extra,0.02355,0.15969,0.45322,0.01283,0.1462,0.43844,180,0.10948,0.00089
16x16_1T,16x16,1,1764,1764,42,42,16,16,256,jules.implicit,0.24779,0.49558,0.82584,0.24068,0.48599,0.81611,720,0.36392,0.00069
16x16_1T,16x16,1,1764,1764,42,42,16,16,256,jules.radiation,0.06417,0.11724,0.16903,0.05383,0.10639,0.15513,180,0.07967,0.00065
16x16_1T,16x16,1,1764,1764,42,42,16,16,256,leonard_term,0.27507,0.5627,1.59583,0.0852,0.13861,0.1661,180,0.1038,0.00313
16x16_1T,16x16,1,1764,1764,42,42,16,16,256,lfric_xios.finalise_context,0.38481,0.38899,0.39149,3e-05,8e-05,0.00012,1,6e-05,0.38899
16x16_1T,16x16,1,1764,1764,42,42,16,16,256,lfric_xios.init_context,0.25079,0.3059,0.62225,0.22263,0.28386,0.59028,1,0.21256,0.3059
16x16_1T,16x16,1,1764,1764,42,42,16,16,256,lfric_xios.read_fldg,26.8919,26.93169,26.9818,26.8711,26.89944,26.913,62,20.14322,0.43438
16x16_1T,16x16,1,1764,1764,42,42,16,16,256,lfric_xios.write_fldg,0.37212,0.98671,1.34547,0.37212,0.98671,1.34547,211,0.73888,0.00468
16x16_1T,16x16,1,1764,1764,42,42,16,16,256,locate_tropopause,0.00967,0.01419,0.01822,0.00918,0.01337,0.01712,180,0.01001,8e-05
16x16_1T,16x16,1,1764,1764,42,42,16,16,256,mappings.map_physics_fields,3.5626,4.03455,4.53384,3.3531,3.82665,4.36165,181,2.86552,0.02229
16x16_1T,16x16,1,1764,1764,42,42,16,16,256,mappings.set_wind,0.41266,0.56943,1.22894,0.04448,0.08802,0.13209,180,0.06591,0.00316
16x16_1T,16x16,1,1764,1764,42,42,16,16,256,mass_matrix_solver_alg,2.03557,3.29264,5.05859,1.16081,1.66971,1.90551,1082,1.25033,0.00304
16x16_1T,16x16,1,1764,1764,42,42,16,16,256,microphysics.casim,2.51846,3.63578,4.69509,2.50545,3.62118,4.67991,180,2.71167,0.0202
16x16_1T,16x16,1,1764,1764,42,42,16,16,256,microphysics.casim_activate,0.00608,0.01145,0.01876,0.00489,0.01,0.01708,181,0.00749,6e-05
16x16_1T,16x16,1,1764,1764,42,42,16,16,256,mixed_solver.schur_precon,5.51586,5.77661,6.12123,0.00141,0.00303,0.00443,720,0.00227,0.00802
16x16_1T,16x16,1,1764,1764,42,42,16,16,256,pressure_solver.helmholtz_lhs,3.15829,3.38571,4.43184,2.06794,2.51872,2.62591,19440,1.88611,0.00017
16x16_1T,16x16,1,1764,1764,42,42,16,16,256,radiation.illuminate,0.03612,0.05407,0.083,0.03612,0.05407,0.083,180,0.04049,0.0003
16x16_1T,16x16,1,1764,1764,42,42,16,16,256,radiation.lw,0.70571,1.16791,1.33896,0.70571,1.16791,1.33896,180,0.87457,0.00649
16x16_1T,16x16,1,1764,1764,42,42,16,16,256,radiation.sw,0.00638,0.01915,0.03022,0.00638,0.01915,0.03022,180,0.01434,0.00011
16x16_1T,16x16,1,1764,1764,42,42,16,16,256,runtime_constants.dycore,0.60678,0.82619,0.86085,0.60678,0.82618,0.86085,13,0.61867,0.06355
16x16_1T,16x16,1,1764,1764,42,42,16,16,256,runtime_constants.fem,0.61656,0.70038,0.76883,0.31163,0.46837,0.49361,31,0.35073,0.02259
16x16_1T,16x16,1,1764,1764,42,42,16,16,256,runtime_constants.geometric,0.35682,0.43177,0.62937,0.09989,0.15258,0.16638,26,0.11426,0.01661
16x16_1T,16x16,1,1764,1764,42,42,16,16,256,runtime_constants.limited_area,0.03541,0.04931,0.0602,0.0011,0.00958,0.0197,15,0.00717,0.00329
16x16_1T,16x16,1,1764,1764,42,42,16,16,256,runtime_constants.mapping,0.03348,0.04808,0.07411,0.03348,0.04808,0.07411,1,0.036,0.04808
16x16_1T,16x16,1,1764,1764,42,42,16,16,256,runtime_constants.physics,0.48114,0.48817,0.4964,0.00041,0.00658,0.01442,1,0.00493,0.48817
16x16_1T,16x16,1,1764,1764,42,42,16,16,256,runtime_constants.solver,0.00048,0.0008,0.00168,0.00047,0.00079,0.00167,16,0.00059,5e-05
16x16_1T,16x16,1,1764,1764,42,42,16,16,256,runtime_constants.transport,0.00085,0.00238,0.00744,0.00084,0.00236,0.00742,4,0.00177,0.00059
16x16_1T,16x16,1,1764,1764,42,42,16,16,256,schur_precon.back_sub,0.4802,0.6449,0.72341,0.17238,0.43376,0.50532,720,0.32481,0.0009
16x16_1T,16x16,1,1764,1764,42,42,16,16,256,schur_precon.pressure_solver,4.40441,4.65053,5.45369,1.00813,1.25337,1.28251,720,0.93857,0.00646
16x16_1T,16x16,1,1764,1764,42,42,16,16,256,schur_precon.rhs,0.18218,0.47419,0.52648,0.17988,0.46894,0.52099,720,0.35115,0.00066
16x16_1T,16x16,1,1764,1764,42,42,16,16,256,semi_implicit_timestep,87.8449,89.27885,89.9292,1.56131,2.69341,2.87321,180,2.01692,0.49599
16x16_1T,16x16,1,1764,1764,42,42,16,16,256,slow_physics,13.7916,13.9179,14.2391,0.69566,0.96021,1.98203,180,0.71904,0.07732
16x16_1T,16x16,1,1764,1764,42,42,16,16,256,smagorinsky,1.9826,2.71319,4.30553,0.41163,0.73078,0.82651,360,0.54723,0.00754
16x16_1T,16x16,1,1764,1764,42,42,16,16,256,solver.mixed_solver,5.72357,5.97694,6.21145,0.08191,0.1825,0.22041,720,0.13666,0.0083
16x16_1T,16x16,1,1764,1764,42,42,16,16,256,stoch_phys.blpert,0.21197,0.83633,2.96396,0.03363,0.04631,0.05918,360,0.03468,0.00232
16x16_1T,16x16,1,1764,1764,42,42,16,16,256,transport.controller_init,1.16945,1.25697,1.66977,0.69715,0.80469,1.31725,360,0.60258,0.00349
16x16_1T,16x16,1,1764,1764,42,42,16,16,256,transport.ffsl_horizontal,5.56122,5.79601,5.97964,2.55652,3.18933,3.75204,2340,2.38828,0.00248
16x16_1T,16x16,1,1764,1764,42,42,16,16,256,transport.ffsl_vertical,1.80606,2.05813,2.20912,1.53905,1.77317,1.91633,7200,1.32781,0.00029
16x16_1T,16x16,1,1764,1764,42,42,16,16,256,transport.flux_precomp,1.18017,1.34919,1.39828,0.34996,0.4715,0.49598,8460,0.35307,0.00016
16x16_1T,16x16,1,1764,1764,42,42,16,16,256,transport.flux_precomp_init,0.13101,0.26084,0.28014,0.12501,0.25106,0.26807,3240,0.18801,8e-05
16x16_1T,16x16,1,1764,1764,42,42,16,16,256,transport.hori_dep_pts,0.71571,0.859,0.91078,0.24157,0.3615,0.40609,1080,0.27071,0.0008
16x16_1T,16x16,1,1764,1764,42,42,16,16,256,transport.sl_horizontal,4.70817,5.04992,5.26092,1.38432,1.81227,1.93902,2700,1.35709,0.00187
16x16_1T,16x16,1,1764,1764,42,42,16,16,256,transport.sl_vertical,2.43618,2.58806,2.88618,0.33563,0.52509,0.62708,2880,0.39321,0.0009
16x16_1T,16x16,1,1764,1764,42,42,16,16,256,transport.wind,8.90833,9.31856,9.51289,1.80001,2.8711,3.11049,360,2.14998,0.02588
16x16_1T,16x16,1,1764,1764,42,42,16,16,256,transport.wind_precomp,1.2898,1.45645,2.29558,0.70251,0.93427,0.99502,2160,0.69961,0.00067
16x16_1T,16x16,1,1764,1764,42,42,16,16,256,transport.wind_precomp_final,6.63888,8.76968,11.8819,6.63888,8.76968,11.8819,2160,6.56704,0.00406
16x16_1T,16x16,1,1764,1764,42,42,16,16,256,transport.wind_precomp_init,0.15243,0.42239,0.46722,0.14691,0.41306,0.45667,360,0.30931,0.00117
16x16_1T,16x16,1,1764,1764,42,42,16,16,256,update_lbcs,0.29228,0.48976,0.54914,0.25211,0.44748,0.50652,180,0.33509,0.00272
16x16_1T,16x16,1,1764,1764,42,42,16,16,256,xios.close_context_definition,7.16369,7.16853,7.19068,7.16369,7.16853,7.19068,1,5.36804,7.16853
16x16_1T,16x16,1,1764,1764,42,42,16,16,256,xios.context_finalize,0.38474,0.38891,0.39143,0.38474,0.38891,0.39143,1,0.29123,0.38891
16x16_1T,16x16,1,1764,1764,42,42,16,16,256,xios.update_calendar,0.80061,0.82437,0.88528,0.80061,0.82437,0.88528,182,0.61732,0.00453
16x16_2T,16x16,2,882,1764,21,42,32,16,512,__lfric_atm__,137.605,137.60592,137.607,0.00283,0.00555,0.00748,1,0.00403,137.60592
16x16_2T,16x16,2,882,1764,21,42,32,16,512,__setup__,36.5896,36.65339,36.7259,6e-05,0.00137,0.00391,1,0.001,36.65339
16x16_2T,16x16,2,882,1764,21,42,32,16,512,__vernier__,0.12895,0.18244,0.1988,0.12895,0.18244,0.1988,624263,0.13258,0.0
16x16_2T,16x16,2,882,1764,21,42,32,16,512,aerosol.glomap_clim,1.0062,1.25515,1.35086,1.00601,1.25487,1.35059,180,0.91193,0.00697
16x16_2T,16x16,2,882,1764,21,42,32,16,512,aerosol.radaer,0.24062,0.31314,0.34856,0.24036,0.31273,0.34821,3,0.22727,0.10438
16x16_2T,16x16,2,882,1764,21,42,32,16,512,aerosol.stratosphere,0.00173,0.00513,0.00973,0.00173,0.00513,0.00973,180,0.00372,3e-05
16x16_2T,16x16,2,882,1764,21,42,32,16,512,bl.explicit,2.21693,3.89893,5.83502,1.3053,1.71293,2.00921,360,1.24481,0.01083
16x16_2T,16x16,2,882,1764,21,42,32,16,512,bl.implicit,6.21644,7.84752,9.40873,5.55009,7.23669,8.95711,360,5.259,0.0218
16x16_2T,16x16,2,882,1764,21,42,32,16,512,cloud,0.64018,1.36445,2.15665,0.62931,1.35314,2.14524,180,0.98335,0.00758
16x16_2T,16x16,2,882,1764,21,42,32,16,512,cloud.bm_tau,0.42208,0.51083,0.58451,0.42208,0.51083,0.58451,180,0.37122,0.00284
16x16_2T,16x16,2,882,1764,21,42,32,16,512,diags.bl_exp,0.01886,0.02328,0.03014,0.00399,0.0053,0.00766,360,0.00385,6e-05
16x16_2T,16x16,2,882,1764,21,42,32,16,512,diags.bl_imp,0.06621,0.08919,0.15501,0.05185,0.06072,0.06973,540,0.04413,0.00017
16x16_2T,16x16,2,882,1764,21,42,32,16,512,diags.blpert,0.0041,0.00485,0.0072,4e-05,5e-05,0.00011,360,4e-05,1e-05
16x16_2T,16x16,2,882,1764,21,42,32,16,512,diags.casim,0.02201,0.02838,0.0341,0.01,0.01493,0.01802,360,0.01085,8e-05
16x16_2T,16x16,2,882,1764,21,42,32,16,512,diags.cloud,0.06307,0.08823,0.10389,0.04184,0.04842,0.05232,360,0.03519,0.00025
16x16_2T,16x16,2,882,1764,21,42,32,16,512,diags.dynamics,0.02809,0.03199,0.03472,0.02666,0.03036,0.03306,180,0.02206,0.00018
16x16_2T,16x16,2,882,1764,21,42,32,16,512,diags.electric,0.00838,0.0099,0.01213,0.00723,0.00852,0.01056,360,0.00619,3e-05
16x16_2T,16x16,2,882,1764,21,42,32,16,512,diags.glomap_clim,0.0168,0.02385,0.03192,0.00035,0.00066,0.00167,180,0.00048,0.00013
16x16_2T,16x16,2,882,1764,21,42,32,16,512,diags.illuminate,0.00359,0.00432,0.00595,6e-05,9e-05,0.00017,180,6e-05,2e-05
16x16_2T,16x16,2,882,1764,21,42,32,16,512,diags.jules_exp,0.01515,0.34828,0.71444,0.00548,0.00646,0.00771,360,0.00469,0.00097
16x16_2T,16x16,2,882,1764,21,42,32,16,512,diags.jules_imp,0.01331,0.01697,0.02318,0.00628,0.00837,0.01034,360,0.00608,5e-05
16x16_2T,16x16,2,882,1764,21,42,32,16,512,diags.jules_seaice,0.00307,0.00418,0.00749,0.00053,0.00083,0.00142,180,0.0006,2e-05
16x16_2T,16x16,2,882,1764,21,42,32,16,512,diags.jules_snow,0.007,0.01082,0.06144,0.00336,0.00397,0.00477,360,0.00288,3e-05
16x16_2T,16x16,2,882,1764,21,42,32,16,512,diags.jules_soil,0.01141,0.05677,0.13584,0.00645,0.00778,0.00862,360,0.00565,0.00016
16x16_2T,16x16,2,882,1764,21,42,32,16,512,diags.locate_tropopause,0.0012,0.00189,0.00247,1e-05,2e-05,6e-05,180,1e-05,1e-05
16x16_2T,16x16,2,882,1764,21,42,32,16,512,diags.microphysics,0.01307,0.01578,0.02104,6e-05,0.00012,0.00022,180,8e-05,9e-05
16x16_2T,16x16,2,882,1764,21,42,32,16,512,diags.pmsl,0.06314,0.06985,0.07516,0.0223,0.03611,0.04268,180,0.02624,0.00039
16x16_2T,16x16,2,882,1764,21,42,32,16,512,diags.pressure_lev,0.0196,0.02524,0.02722,0.01892,0.02436,0.02634,180,0.0177,0.00014
16x16_2T,16x16,2,882,1764,21,42,32,16,512,diags.radaer,0.00026,0.00048,0.00166,0.00025,0.00047,0.00164,9,0.00034,5e-05
16x16_2T,16x16,2,882,1764,21,42,32,16,512,diags.radiation,0.31418,0.47432,0.93388,0.10359,0.12143,0.13548,360,0.08825,0.00132
16x16_2T,16x16,2,882,1764,21,42,32,16,512,diags.smagorinsky,0.00455,0.00704,0.01175,6e-05,8e-05,0.00017,360,6e-05,2e-05
16x16_2T,16x16,2,882,1764,21,42,32,16,512,dynamics.compute_si_operators,7.92783,8.25346,8.71122,4.01009,6.19821,6.48321,180,4.50432,0.04585
16x16_2T,16x16,2,882,1764,21,42,32,16,512,dynamics.phys_predictors,1.29729,3.82968,7.61358,0.09916,0.13302,0.181,360,0.09667,0.01064
16x16_2T,16x16,2,882,1764,21,42,32,16,512,dynamics.rhs_alg,2.99568,4.5386,9.63169,1.54763,2.58534,2.96608,900,1.8788,0.00504
16x16_2T,16x16,2,882,1764,21,42,32,16,512,dynamics.rhs_lbc,0.37629,0.44253,0.50873,0.16771,0.33212,0.40681,180,0.24136,0.00246
16x16_2T,16x16,2,882,1764,21,42,32,16,512,dynamics.solver,6.91701,7.08769,7.18706,0.55006,1.13499,1.29403,720,0.82481,0.00984
16x16_2T,16x16,2,882,1764,21,42,32,16,512,dynamics.transport,28.066,29.11398,35.4957,1.41021,1.51715,1.64284,360,1.10253,0.08087
16x16_2T,16x16,2,882,1764,21,42,32,16,512,dynamics.transport_predictors,0.73745,0.81281,0.90046,0.0187,0.03522,0.05274,180,0.02559,0.00452
16x16_2T,16x16,2,882,1764,21,42,32,16,512,electric,0.15407,0.1765,0.21732,0.05055,0.06547,0.09161,180,0.04758,0.00098
16x16_2T,16x16,2,882,1764,21,42,32,16,512,fast_physics,11.8405,14.62026,17.7814,0.36213,0.73547,3.54881,360,0.53448,0.04061
16x16_2T,16x16,2,882,1764,21,42,32,16,512,field.halo_ex_1,8.45465,16.77086,27.1686,6.27662,14.56209,24.6373,46335,10.58246,0.00036
16x16_2T,16x16,2,882,1764,21,42,32,16,512,field.halo_ex_2,0.27443,0.86259,6.40598,0.2091,0.73183,6.3014,1986,0.53183,0.00043
16x16_2T,16x16,2,882,1764,21,42,32,16,512,field.halo_ex_6,0.28473,0.31262,0.37385,0.08144,0.11292,0.17409,365,0.08206,0.00086
16x16_2T,16x16,2,882,1764,21,42,32,16,512,field.halo_ex_7,1.23825,1.61808,2.14745,1.04038,1.41941,1.95053,5084,1.0315,0.00032
16x16_2T,16x16,2,882,1764,21,42,32,16,512,field.halo_ex_8,2.79025,3.67398,4.40473,2.66704,3.54858,4.28867,11549,2.5788,0.00032
16x16_2T,16x16,2,882,1764,21,42,32,16,512,field.initialise,0.30266,0.42372,0.5197,0.30266,0.42372,0.5197,382052,0.30792,0.0
16x16_2T,16x16,2,882,1764,21,42,32,16,512,field.read,26.9241,26.97848,27.0273,2e-05,7e-05,0.00066,62,5e-05,0.43514
16x16_2T,16x16,2,882,1764,21,42,32,16,512,field.write,0.42059,1.07146,1.75439,0.08835,0.11028,0.12846,37951,0.08014,3e-05
16x16_2T,16x16,2,882,1764,21,42,32,16,512,fs.constructor,0.01205,0.0212,0.02669,0.01205,0.0212,0.02669,71,0.0154,0.0003
16x16_2T,16x16,2,882,1764,21,42,32,16,512,gungho_diagnostics_driver,4.19522,4.54871,4.81355,3.07912,4.09228,4.23305,181,2.97391,0.02513
16x16_2T,16x16,2,882,1764,21,42,32,16,512,gungho_driver.finalise,0.46,0.46366,0.46402,0.01725,0.02143,0.02488,1,0.01557,0.46366
16x16_2T,16x16,2,882,1764,21,42,32,16,512,gungho_driver.first_timestep,4.46129,4.53289,4.5966,2e-05,6e-05,0.00025,1,4e-05,4.53289
16x16_2T,16x16,2,882,1764,21,42,32,16,512,gungho_driver.initialise,36.5867,36.65202,36.7258,0.94695,1.16758,1.29917,1,0.84849,36.65202
16x16_2T,16x16,2,882,1764,21,42,32,16,512,gungho_driver.mesh_init,0.68708,0.72012,0.73412,0.68708,0.72012,0.73412,1,0.52332,0.72012
16x16_2T,16x16,2,882,1764,21,42,32,16,512,gungho_driver.timestep,95.2014,95.22071,95.2431,0.0016,0.00227,0.00306,179,0.00165,0.53196
16x16_2T,16x16,2,882,1764,21,42,32,16,512,gungho_timestep,94.4502,94.72073,95.3196,0.00838,0.01469,0.01844,180,0.01068,0.52623
16x16_2T,16x16,2,882,1764,21,42,32,16,512,halo_routing_creation,2.69849,2.84437,3.26687,2.69849,2.84437,3.26687,65319,2.06704,4e-05
16x16_2T,16x16,2,882,1764,21,42,32,16,512,init_lbcs,0.07422,0.09753,0.16808,0.00777,0.02049,0.08582,1,0.01489,0.09753
16x16_2T,16x16,2,882,1764,21,42,32,16,512,jules.explicit,0.19913,0.50259,1.19139,0.19241,0.49478,1.18351,180,0.35956,0.00279
16x16_2T,16x16,2,882,1764,21,42,32,16,512,jules.extra,0.02375,0.17107,0.54141,0.01314,0.15863,0.52861,180,0.11528,0.00095
16x16_2T,16x16,2,882,1764,21,42,32,16,512,jules.implicit,0.25903,0.50862,0.93947,0.25126,0.49981,0.93001,720,0.36322,0.00071
16x16_2T,16x16,2,882,1764,21,42,32,16,512,jules.radiation,0.07699,0.10595,0.13803,0.06777,0.09673,0.12778,180,0.07029,0.00059
16x16_2T,16x16,2,882,1764,21,42,32,16,512,leonard_term,0.2789,0.60394,2.1783,0.09316,0.13618,0.17174,180,0.09897,0.00336
16x16_2T,16x16,2,882,1764,21,42,32,16,512,lfric_xios.finalise_context,0.43868,0.44223,0.44323,3e-05,6e-05,0.00011,1,4e-05,0.44223
16x16_2T,16x16,2,882,1764,21,42,32,16,512,lfric_xios.init_context,0.07372,0.10939,0.27773,0.05336,0.09397,0.26105,1,0.06829,0.10939
16x16_2T,16x16,2,882,1764,21,42,32,16,512,lfric_xios.read_fldg,26.9241,26.9784,27.0273,26.9096,26.944,26.9531,62,19.58055,0.43514
16x16_2T,16x16,2,882,1764,21,42,32,16,512,lfric_xios.write_fldg,0.31004,0.96109,1.64597,0.31004,0.96109,1.64597,211,0.69843,0.00455
16x16_2T,16x16,2,882,1764,21,42,32,16,512,locate_tropopause,0.01008,0.01357,0.01706,0.00951,0.01277,0.01619,180,0.00928,8e-05
16x16_2T,16x16,2,882,1764,21,42,32,16,512,mappings.map_physics_fields,3.32564,4.12829,4.85141,3.09584,3.80834,4.70905,181,2.76757,0.02281
16x16_2T,16x16,2,882,1764,21,42,32,16,512,mappings.set_wind,0.81933,0.99789,2.09706,0.0487,0.11244,0.17965,180,0.08171,0.00554
16x16_2T,16x16,2,882,1764,21,42,32,16,512,mass_matrix_solver_alg,1.98383,4.53317,8.31052,1.14331,1.56006,1.74962,1082,1.13372,0.00419
16x16_2T,16x16,2,882,1764,21,42,32,16,512,microphysics.casim,4.653,6.17835,7.81129,4.64068,6.16462,7.79704,180,4.47991,0.03432
16x16_2T,16x16,2,882,1764,21,42,32,16,512,microphysics.casim_activate,0.00692,0.01171,0.01813,0.00564,0.0104,0.01671,181,0.00756,6e-05
16x16_2T,16x16,2,882,1764,21,42,32,16,512,mixed_solver.schur_precon,5.43605,5.63969,5.94865,0.00158,0.00261,0.00391,720,0.0019,0.00783
16x16_2T,16x16,2,882,1764,21,42,32,16,512,pressure_solver.helmholtz_lhs,3.08197,3.31349,4.23055,2.10069,2.45408,2.62941,19440,1.78341,0.00017
16x16_2T,16x16,2,882,1764,21,42,32,16,512,radiation.illuminate,0.04121,0.05306,0.07182,0.04121,0.05306,0.07182,180,0.03856,0.00029
16x16_2T,16x16,2,882,1764,21,42,32,16,512,radiation.lw,0.74984,1.22988,1.39319,0.74984,1.22988,1.39319,180,0.89377,0.00683
16x16_2T,16x16,2,882,1764,21,42,32,16,512,radiation.sw,0.00849,0.01801,0.02557,0.00849,0.01801,0.02557,180,0.01309,0.0001
16x16_2T,16x16,2,882,1764,21,42,32,16,512,runtime_constants.dycore,0.55771,0.78032,0.81638,0.55771,0.78032,0.81637,13,0.56707,0.06002
16x16_2T,16x16,2,882,1764,21,42,32,16,512,runtime_constants.fem,0.51424,0.58558,0.65678,0.30166,0.4318,0.47341,31,0.31379,0.01889
16x16_2T,16x16,2,882,1764,21,42,32,16,512,runtime_constants.geometric,0.27042,0.31748,0.47886,0.09719,0.14125,0.15368,26,0.10265,0.01221
16x16_2T,16x16,2,882,1764,21,42,32,16,512,runtime_constants.limited_area,0.02535,0.04626,0.0535,0.00148,0.00642,0.0124,15,0.00467,0.00308
16x16_2T,16x16,2,882,1764,21,42,32,16,512,runtime_constants.mapping,0.03316,0.04546,0.05171,0.03316,0.04546,0.05171,1,0.03304,0.04546
16x16_2T,16x16,2,882,1764,21,42,32,16,512,runtime_constants.physics,0.34587,0.35044,0.35483,0.00046,0.00492,0.00859,1,0.00357,0.35044
16x16_2T,16x16,2,882,1764,21,42,32,16,512,runtime_constants.solver,0.00058,0.00089,0.0015,0.00057,0.00088,0.00149,16,0.00064,6e-05
16x16_2T,16x16,2,882,1764,21,42,32,16,512,runtime_constants.transport,0.0009,0.00194,0.00456,0.00089,0.00192,0.00454,4,0.00139,0.00049
16x16_2T,16x16,2,882,1764,21,42,32,16,512,schur_precon.back_sub,0.45824,0.59203,0.64648,0.17023,0.38534,0.44623,720,0.28003,0.00082
16x16_2T,16x16,2,882,1764,21,42,32,16,512,schur_precon.pressure_solver,4.37643,4.58283,5.27005,1.02987,1.25813,1.35126,720,0.9143,0.00637
16x16_2T,16x16,2,882,1764,21,42,32,16,512,schur_precon.rhs,0.19758,0.45896,0.50042,0.1957,0.45498,0.49629,720,0.33064,0.00064
16x16_2T,16x16,2,882,1764,21,42,32,16,512,semi_implicit_timestep,94.4348,94.7056,95.3103,1.61163,2.62599,2.77864,180,1.90834,0.52614
16x16_2T,16x16,2,882,1764,21,42,32,16,512,slow_physics,17.4668,17.55135,17.8246,0.48883,0.79591,1.76158,180,0.5784,0.09751
16x16_2T,16x16,2,882,1764,21,42,32,16,512,smagorinsky,1.64405,4.25611,7.93354,0.48265,0.74823,1.0207,360,0.54375,0.01182
16x16_2T,16x16,2,882,1764,21,42,32,16,512,solver.mixed_solver,5.66117,5.83446,6.05116,0.0922,0.17877,0.21669,720,0.12991,0.0081
16x16_2T,16x16,2,882,1764,21,42,32,16,512,stoch_phys.blpert,0.15413,1.48894,6.32833,0.0382,0.04752,0.06183,360,0.03453,0.00414
16x16_2T,16x16,2,882,1764,21,42,32,16,512,transport.controller_init,1.02694,1.15633,1.56322,0.62412,0.76514,1.245,360,0.55603,0.00321
16x16_2T,16x16,2,882,1764,21,42,32,16,512,transport.ffsl_horizontal,5.35991,5.66472,5.89845,2.52698,3.01622,3.67818,2340,2.19193,0.00242
16x16_2T,16x16,2,882,1764,21,42,32,16,512,transport.ffsl_vertical,1.77267,2.54498,2.68645,1.52024,2.28043,2.41333,7200,1.65722,0.00035
16x16_2T,16x16,2,882,1764,21,42,32,16,512,transport.flux_precomp,1.07015,1.21581,1.27013,0.35121,0.44754,0.47555,8460,0.32523,0.00014
16x16_2T,16x16,2,882,1764,21,42,32,16,512,transport.flux_precomp_init,0.13283,0.23262,0.25194,0.12641,0.22402,0.24415,3240,0.1628,7e-05
16x16_2T,16x16,2,882,1764,21,42,32,16,512,transport.hori_dep_pts,0.62155,0.75176,0.81231,0.25167,0.33101,0.374,1080,0.24055,0.0007
16x16_2T,16x16,2,882,1764,21,42,32,16,512,transport.sl_horizontal,4.31996,5.01584,5.27755,1.3952,1.73786,1.82832,2700,1.26293,0.00186
16x16_2T,16x16,2,882,1764,21,42,32,16,512,transport.sl_vertical,2.35681,2.43354,2.76951,0.39274,0.51889,0.64368,2880,0.37709,0.00084
16x16_2T,16x16,2,882,1764,21,42,32,16,512,transport.wind,8.2044,8.5036,10.0308,1.82953,2.68108,4.22214,360,1.94837,0.02362
16x16_2T,16x16,2,882,1764,21,42,32,16,512,transport.wind_precomp,1.2504,1.34855,2.11199,0.7615,0.96978,1.01557,2160,0.70475,0.00062
16x16_2T,16x16,2,882,1764,21,42,32,16,512,transport.wind_precomp_final,6.63735,7.50249,13.8696,6.63735,7.50249,13.8696,2160,5.45216,0.00347
16x16_2T,16x16,2,882,1764,21,42,32,16,512,transport.wind_precomp_init,0.16396,0.39835,0.45938,0.15857,0.38932,0.45085,360,0.28293,0.00111
16x16_2T,16x16,2,882,1764,21,42,32,16,512,update_lbcs,0.35648,0.54992,0.61484,0.31693,0.50954,0.57225,180,0.37029,0.00306
16x16_2T,16x16,2,882,1764,21,42,32,16,512,xios.close_context_definition,6.8319,6.83539,6.86829,6.8319,6.83539,6.86829,1,4.96737,6.83539
16x16_2T,16x16,2,882,1764,21,42,32,16,512,xios.context_finalize,0.43863,0.44217,0.44318,0.43863,0.44217,0.44318,1,0.32133,0.44217
16x16_2T,16x16,2,882,1764,21,42,32,16,512,xios.update_calendar,0.71163,0.73063,0.77431,0.71163,0.73063,0.77431,182,0.53096,0.00401
16x16_4T,16x16,4,441,1764,21,21,32,32,1024,__lfric_atm__,161.637,161.63794,161.639,0.00306,0.00447,0.00559,1,0.00276,161.63794
16x16_4T,16x16,4,441,1764,21,21,32,32,1024,__setup__,39.7693,39.83609,39.8879,6e-05,0.00047,0.00119,1,0.00029,39.83609
16x16_4T,16x16,4,441,1764,21,21,32,32,1024,__vernier__,0.13222,0.17354,0.18938,0.13222,0.17354,0.18938,622263,0.10737,0.0
16x16_4T,16x16,4,441,1764,21,21,32,32,1024,aerosol.glomap_clim,1.00622,1.23818,1.30034,1.00602,1.2379,1.29996,180,0.76584,0.00688
16x16_4T,16x16,4,441,1764,21,21,32,32,1024,aerosol.radaer,0.24064,0.31071,0.34319,0.24039,0.31038,0.34282,3,0.19202,0.10357
16x16_4T,16x16,4,441,1764,21,21,32,32,1024,aerosol.stratosphere,0.00221,0.00486,0.00814,0.00221,0.00486,0.00814,180,0.00301,3e-05
16x16_4T,16x16,4,441,1764,21,21,32,32,1024,bl.explicit,2.47367,5.30187,8.5792,1.50378,1.95231,2.27936,360,1.20783,0.01473
16x16_4T,16x16,4,441,1764,21,21,32,32,1024,bl.implicit,8.82962,11.2594,14.1544,7.96303,10.60133,13.6759,360,6.55869,0.03128
16x16_4T,16x16,4,441,1764,21,21,32,32,1024,cloud,0.99967,2.37591,3.98486,0.98865,2.3645,3.9733,180,1.46284,0.0132
16x16_4T,16x16,4,441,1764,21,21,32,32,1024,cloud.bm_tau,0.42182,0.49577,0.55119,0.42182,0.49577,0.55119,180,0.30672,0.00275
16x16_4T,16x16,4,441,1764,21,21,32,32,1024,diags.bl_exp,0.02006,0.02634,0.05516,0.00407,0.00497,0.00723,360,0.00308,7e-05
16x16_4T,16x16,4,441,1764,21,21,32,32,1024,diags.bl_imp,0.07089,0.07824,0.09777,0.05229,0.05793,0.06328,540,0.03584,0.00014
16x16_4T,16x16,4,441,1764,21,21,32,32,1024,diags.blpert,0.00417,0.00514,0.00719,4e-05,5e-05,0.00013,360,3e-05,1e-05
16x16_4T,16x16,4,441,1764,21,21,32,32,1024,diags.casim,0.02481,0.03109,0.0381,0.01056,0.01487,0.01944,360,0.0092,9e-05
16x16_4T,16x16,4,441,1764,21,21,32,32,1024,diags.cloud,0.06363,0.09193,0.10631,0.04161,0.0474,0.05301,360,0.02932,0.00026
16x16_4T,16x16,4,441,1764,21,21,32,32,1024,diags.dynamics,0.02801,0.0299,0.03206,0.02661,0.02838,0.0305,180,0.01756,0.00017
16x16_4T,16x16,4,441,1764,21,21,32,32,1024,diags.electric,0.00838,0.00915,0.0105,0.0072,0.00789,0.00905,360,0.00488,3e-05
16x16_4T,16x16,4,441,1764,21,21,32,32,1024,diags.glomap_clim,0.01736,0.02301,0.03047,0.00037,0.00056,0.00086,180,0.00035,0.00013
16x16_4T,16x16,4,441,1764,21,21,32,32,1024,diags.illuminate,0.00352,0.00431,0.00664,6e-05,0.00012,0.00141,180,8e-05,2e-05
16x16_4T,16x16,4,441,1764,21,21,32,32,1024,diags.jules_exp,0.13397,0.34248,0.67019,0.00541,0.00603,0.00686,360,0.00373,0.00095
16x16_4T,16x16,4,441,1764,21,21,32,32,1024,diags.jules_imp,0.01357,0.0171,0.02295,0.00651,0.00754,0.00908,360,0.00466,5e-05
16x16_4T,16x16,4,441,1764,21,21,32,32,1024,diags.jules_seaice,0.00312,0.00431,0.00678,0.00056,0.00082,0.00129,180,0.00051,2e-05
16x16_4T,16x16,4,441,1764,21,21,32,32,1024,diags.jules_snow,0.00707,0.00881,0.01875,0.00345,0.0039,0.00503,360,0.00241,2e-05
16x16_4T,16x16,4,441,1764,21,21,32,32,1024,diags.jules_soil,0.01166,0.03379,0.08757,0.00653,0.00728,0.00803,360,0.00451,9e-05
16x16_4T,16x16,4,441,1764,21,21,32,32,1024,diags.locate_tropopause,0.00115,0.00181,0.00239,1e-05,2e-05,5e-05,180,1e-05,1e-05
16x16_4T,16x16,4,441,1764,21,21,32,32,1024,diags.microphysics,0.0157,0.01941,0.02452,9e-05,0.00016,0.00097,180,0.0001,0.00011
16x16_4T,16x16,4,441,1764,21,21,32,32,1024,diags.pmsl,0.06165,0.07638,0.08331,0.02337,0.03563,0.03985,180,0.02204,0.00042
16x16_4T,16x16,4,441,1764,21,21,32,32,1024,diags.pressure_lev,0.0196,0.0251,0.02667,0.01893,0.02421,0.02578,180,0.01498,0.00014
16x16_4T,16x16,4,441,1764,21,21,32,32,1024,diags.radaer,0.00026,0.00036,0.00094,0.00025,0.00035,0.00092,9,0.00021,4e-05
16x16_4T,16x16,4,441,1764,21,21,32,32,1024,diags.radiation,0.28581,0.63126,1.0265,0.10356,0.11114,0.12494,360,0.06876,0.00175
16x16_4T,16x16,4,441,1764,21,21,32,32,1024,diags.smagorinsky,0.0045,0.00672,0.00834,5e-05,9e-05,0.0002,360,5e-05,2e-05
16x16_4T,16x16,4,441,1764,21,21,32,32,1024,dynamics.compute_si_operators,7.592,7.65712,8.11615,3.9307,5.78763,6.10294,180,3.58061,0.04254
16x16_4T,16x16,4,441,1764,21,21,32,32,1024,dynamics.phys_predictors,1.45577,10.06794,15.6381,0.10713,0.1536,0.2027,360,0.09503,0.02797
16x16_4T,16x16,4,441,1764,21,21,32,32,1024,dynamics.rhs_alg,3.10369,5.51535,17.4213,1.61228,2.62195,2.94602,900,1.62211,0.00613
16x16_4T,16x16,4,441,1764,21,21,32,32,1024,dynamics.rhs_lbc,0.38871,0.43011,0.47453,0.16637,0.32631,0.38903,180,0.20188,0.00239
16x16_4T,16x16,4,441,1764,21,21,32,32,1024,dynamics.solver,6.96715,7.06297,7.14595,0.56475,1.15911,1.2161,720,0.7171,0.00981
16x16_4T,16x16,4,441,1764,21,21,32,32,1024,dynamics.transport,27.5149,28.0157,42.1358,1.44382,1.55917,1.65373,360,0.9646,0.07782
16x16_4T,16x16,4,441,1764,21,21,32,32,1024,dynamics.transport_predictors,0.79943,0.82706,0.94891,0.0193,0.0335,0.04257,180,0.02073,0.00459
16x16_4T,16x16,4,441,1764,21,21,32,32,1024,electric,0.17122,0.1898,0.21056,0.05324,0.06717,0.08522,180,0.04156,0.00105
16x16_4T,16x16,4,441,1764,21,21,32,32,1024,fast_physics,16.6679,20.13473,30.1876,0.36193,0.50046,0.94933,360,0.30962,0.05593
16x16_4T,16x16,4,441,1764,21,21,32,32,1024,field.halo_ex_1,11.3208,28.80401,39.3355,7.7947,25.20392,35.4491,46335,15.59282,0.00062
16x16_4T,16x16,4,441,1764,21,21,32,32,1024,field.halo_ex_2,0.39151,1.36862,14.0819,0.27211,1.2422,14.0076,1986,0.76851,0.00069
16x16_4T,16x16,4,441,1764,21,21,32,32,1024,field.halo_ex_6,0.28054,0.29211,0.32227,0.07705,0.09001,0.11652,277,0.05568,0.00105
16x16_4T,16x16,4,441,1764,21,21,32,32,1024,field.halo_ex_7,1.35916,1.5285,1.83607,1.16782,1.33884,1.64583,4896,0.82829,0.00031
16x16_4T,16x16,4,441,1764,21,21,32,32,1024,field.halo_ex_8,3.15389,3.76108,4.22371,3.03717,3.64203,4.10468,11825,2.2532,0.00032
16x16_4T,16x16,4,441,1764,21,21,32,32,1024,field.initialise,0.33267,0.43664,0.53747,0.33267,0.43664,0.53747,380048,0.27013,0.0
16x16_4T,16x16,4,441,1764,21,21,32,32,1024,field.read,27.8944,28.24566,28.2939,2e-05,5e-05,0.00023,62,3e-05,0.45558
16x16_4T,16x16,4,441,1764,21,21,32,32,1024,field.write,0.60688,1.11023,1.57558,0.08905,0.10526,0.11739,37951,0.06512,3e-05
16x16_4T,16x16,4,441,1764,21,21,32,32,1024,fs.constructor,0.01751,0.0277,0.03156,0.01751,0.0277,0.03156,71,0.01714,0.00039
16x16_4T,16x16,4,441,1764,21,21,32,32,1024,gungho_diagnostics_driver,4.06835,4.30641,4.41164,3.08443,3.94522,4.04274,181,2.44077,0.02379
16x16_4T,16x16,4,441,1764,21,21,32,32,1024,gungho_driver.finalise,0.56742,0.56906,0.56922,0.01774,0.01987,0.02254,1,0.01229,0.56906
16x16_4T,16x16,4,441,1764,21,21,32,32,1024,gungho_driver.first_timestep,5.97441,6.02615,6.09292,3e-05,7e-05,0.00015,1,4e-05,6.02615
16x16_4T,16x16,4,441,1764,21,21,32,32,1024,gungho_driver.initialise,39.7689,39.83562,39.8877,1.49489,1.57292,1.67595,1,0.97311,39.83562
16x16_4T,16x16,4,441,1764,21,21,32,32,1024,gungho_driver.mesh_init,0.72593,0.7434,0.74998,0.72593,0.7434,0.74998,1,0.45992,0.7434
16x16_4T,16x16,4,441,1764,21,21,32,32,1024,gungho_driver.timestep,114.459,114.46775,114.485,0.00163,0.00228,0.00287,179,0.00141,0.63948
16x16_4T,16x16,4,441,1764,21,21,32,32,1024,gungho_timestep,115.506,115.61198,116.073,0.00911,0.01422,0.01803,180,0.0088,0.64229
16x16_4T,16x16,4,441,1764,21,21,32,32,1024,halo_routing_creation,4.07159,4.21948,4.59459,4.07159,4.21948,4.59459,65319,2.61045,6e-05
16x16_4T,16x16,4,441,1764,21,21,32,32,1024,init_lbcs,0.07216,0.09118,0.14533,0.01278,0.02127,0.07082,1,0.01316,0.09118
16x16_4T,16x16,4,441,1764,21,21,32,32,1024,jules.explicit,0.22967,0.55715,1.3119,0.22296,0.54997,1.30429,180,0.34025,0.0031
16x16_4T,16x16,4,441,1764,21,21,32,32,1024,jules.extra,0.0255,0.20029,0.63972,0.01467,0.1885,0.62784,180,0.11662,0.00111
16x16_4T,16x16,4,441,1764,21,21,32,32,1024,jules.implicit,0.2929,0.55453,1.09851,0.28521,0.54578,1.08912,720,0.33765,0.00077
16x16_4T,16x16,4,441,1764,21,21,32,32,1024,jules.radiation,0.08687,0.11126,0.14686,0.07929,0.10362,0.14039,180,0.06411,0.00062
16x16_4T,16x16,4,441,1764,21,21,32,32,1024,leonard_term,0.27128,0.65006,3.00105,0.09686,0.14449,0.1756,180,0.08939,0.00361
16x16_4T,16x16,4,441,1764,21,21,32,32,1024,lfric_xios.finalise_context,0.54661,0.54918,0.55092,1e-05,6e-05,8e-05,1,4e-05,0.54918
16x16_4T,16x16,4,441,1764,21,21,32,32,1024,lfric_xios.init_context,0.06691,0.15108,0.1731,0.05568,0.13924,0.16146,1,0.08614,0.15108
16x16_4T,16x16,4,441,1764,21,21,32,32,1024,lfric_xios.read_fldg,27.8943,28.24559,28.2939,27.8525,28.20069,28.2159,62,17.44682,0.45557
16x16_4T,16x16,4,441,1764,21,21,32,32,1024,lfric_xios.write_fldg,0.50642,1.00487,1.46978,0.50642,1.00487,1.46978,211,0.62168,0.00476
16x16_4T,16x16,4,441,1764,21,21,32,32,1024,locate_tropopause,0.00998,0.01278,0.01591,0.00942,0.01206,0.01497,180,0.00746,7e-05
16x16_4T,16x16,4,441,1764,21,21,32,32,1024,mappings.map_physics_fields,3.08387,4.70767,6.09368,2.86344,4.09822,5.66183,181,2.53543,0.02601
16x16_4T,16x16,4,441,1764,21,21,32,32,1024,mappings.set_wind,2.47267,2.69612,4.81873,0.0684,0.15406,0.21888,180,0.09531,0.01498
16x16_4T,16x16,4,441,1764,21,21,32,32,1024,mass_matrix_solver_alg,2.13601,10.76415,16.3255,1.17406,1.64049,1.84999,1082,1.01492,0.00995
16x16_4T,16x16,4,441,1764,21,21,32,32,1024,microphysics.casim,8.33628,11.13193,13.6612,8.32315,11.11909,13.6467,180,6.87901,0.06184
16x16_4T,16x16,4,441,1764,21,21,32,32,1024,microphysics.casim_activate,0.00799,0.01198,0.01572,0.00674,0.01068,0.0144,181,0.00661,7e-05
16x16_4T,16x16,4,441,1764,21,21,32,32,1024,mixed_solver.schur_precon,5.49578,5.60234,5.87973,0.00168,0.00239,0.00314,720,0.00148,0.00778
16x16_4T,16x16,4,441,1764,21,21,32,32,1024,pressure_solver.helmholtz_lhs,3.162,3.2811,4.14709,2.13139,2.41961,2.49178,19440,1.49693,0.00017
16x16_4T,16x16,4,441,1764,21,21,32,32,1024,radiation.illuminate,0.05018,0.05574,0.06716,0.05018,0.05574,0.06716,180,0.03448,0.00031
16x16_4T,16x16,4,441,1764,21,21,32,32,1024,radiation.lw,0.86992,1.35286,1.49656,0.86992,1.35286,1.49656,180,0.83697,0.00752
16x16_4T,16x16,4,441,1764,21,21,32,32,1024,radiation.sw,0.01309,0.01897,0.02447,0.01309,0.01897,0.02447,180,0.01174,0.00011
16x16_4T,16x16,4,441,1764,21,21,32,32,1024,runtime_constants.dycore,0.5528,0.73857,0.78137,0.5528,0.73848,0.78131,13,0.45687,0.05681
16x16_4T,16x16,4,441,1764,21,21,32,32,1024,runtime_constants.fem,0.49232,0.57478,0.65179,0.29595,0.40343,0.42829,31,0.24959,0.01854
16x16_4T,16x16,4,441,1764,21,21,32,32,1024,runtime_constants.geometric,0.27767,0.31375,0.42279,0.0956,0.13378,0.14826,26,0.08276,0.01207
16x16_4T,16x16,4,441,1764,21,21,32,32,1024,runtime_constants.limited_area,0.02342,0.03222,0.03602,0.00198,0.0061,0.00935,15,0.00378,0.00215
16x16_4T,16x16,4,441,1764,21,21,32,32,1024,runtime_constants.mapping,0.03223,0.0432,0.04736,0.03223,0.0432,0.04736,1,0.02673,0.0432
16x16_4T,16x16,4,441,1764,21,21,32,32,1024,runtime_constants.physics,0.33334,0.33652,0.33881,0.00071,0.00467,0.00666,1,0.00289,0.33652
16x16_4T,16x16,4,441,1764,21,21,32,32,1024,runtime_constants.solver,0.00075,0.00112,0.002,0.00074,0.0011,0.00199,16,0.00068,7e-05
16x16_4T,16x16,4,441,1764,21,21,32,32,1024,runtime_constants.transport,0.00096,0.00177,0.00283,0.00095,0.00176,0.00281,4,0.00109,0.00044
16x16_4T,16x16,4,441,1764,21,21,32,32,1024,schur_precon.back_sub,0.47664,0.59509,0.62795,0.16704,0.36604,0.39974,720,0.22646,0.00083
16x16_4T,16x16,4,441,1764,21,21,32,32,1024,schur_precon.pressure_solver,4.41565,4.54031,5.20476,1.04752,1.24766,1.28308,720,0.77188,0.00631
16x16_4T,16x16,4,441,1764,21,21,32,32,1024,schur_precon.rhs,0.19546,0.46198,0.50119,0.19313,0.45845,0.49776,720,0.28363,0.00064
16x16_4T,16x16,4,441,1764,21,21,32,32,1024,semi_implicit_timestep,115.493,115.59736,116.064,1.65498,2.62697,2.76253,180,1.62522,0.64221
16x16_4T,16x16,4,441,1764,21,21,32,32,1024,slow_physics,25.8244,25.85495,25.982,0.38066,0.67616,1.12337,180,0.41831,0.14364
16x16_4T,16x16,4,441,1764,21,21,32,32,1024,smagorinsky,1.73328,4.45461,15.9736,0.47479,0.74922,0.92249,360,0.46352,0.01237
16x16_4T,16x16,4,441,1764,21,21,32,32,1024,solver.mixed_solver,5.71453,5.80146,5.98804,0.09986,0.18701,0.20639,720,0.1157,0.00806
16x16_4T,16x16,4,441,1764,21,21,32,32,1024,stoch_phys.blpert,0.18366,3.64193,14.5977,0.04222,0.05043,0.06079,360,0.0312,0.01012
16x16_4T,16x16,4,441,1764,21,21,32,32,1024,transport.controller_init,0.94345,1.01431,1.34478,0.55863,0.63377,1.04513,360,0.39209,0.00282
16x16_4T,16x16,4,441,1764,21,21,32,32,1024,transport.ffsl_horizontal,5.72745,5.89635,6.11814,2.70386,3.09758,3.68982,2340,1.91637,0.00252
16x16_4T,16x16,4,441,1764,21,21,32,32,1024,transport.ffsl_vertical,1.73927,1.89538,1.96436,1.4819,1.61541,1.68834,7200,0.9994,0.00026
16x16_4T,16x16,4,441,1764,21,21,32,32,1024,transport.flux_precomp,1.09112,1.28311,1.34574,0.35617,0.46706,0.48741,8460,0.28895,0.00015
16x16_4T,16x16,4,441,1764,21,21,32,32,1024,transport.flux_precomp_init,0.14105,0.22636,0.23893,0.13444,0.21724,0.23011,3244,0.1344,7e-05
16x16_4T,16x16,4,441,1764,21,21,32,32,1024,transport.hori_dep_pts,0.69468,0.79858,0.85833,0.26856,0.3447,0.38234,1080,0.21326,0.00074
16x16_4T,16x16,4,441,1764,21,21,32,32,1024,transport.sl_horizontal,4.65762,4.86548,5.11632,1.42056,1.73568,1.81597,2700,1.07381,0.0018
16x16_4T,16x16,4,441,1764,21,21,32,32,1024,transport.sl_vertical,2.47175,2.58186,2.92945,0.41684,0.52877,0.61878,2880,0.32713,0.0009
16x16_4T,16x16,4,441,1764,21,21,32,32,1024,transport.wind,8.45624,8.7803,8.9142,1.78263,2.57616,2.70198,360,1.59378,0.02439
16x16_4T,16x16,4,441,1764,21,21,32,32,1024,transport.wind_precomp,1.34565,1.47666,2.22317,0.79688,0.98324,1.02478,2160,0.6083,0.00068
16x16_4T,16x16,4,441,1764,21,21,32,32,1024,transport.wind_precomp_final,6.64227,6.94556,21.0314,6.64227,6.94556,21.0314,2160,4.29699,0.00322
16x16_4T,16x16,4,441,1764,21,21,32,32,1024,transport.wind_precomp_init,0.18172,0.40978,0.45407,0.17597,0.40009,0.44404,360,0.24752,0.00114
16x16_4T,16x16,4,441,1764,21,21,32,32,1024,update_lbcs,0.45222,0.64418,0.68805,0.41218,0.60319,0.64869,180,0.37318,0.00358
16x16_4T,16x16,4,441,1764,21,21,32,32,1024,xios.close_context_definition,8.40203,8.40904,8.75974,8.40203,8.40904,8.75974,1,5.20239,8.40904
16x16_4T,16x16,4,441,1764,21,21,32,32,1024,xios.context_finalize,0.54654,0.54911,0.55085,0.54654,0.54911,0.55085,1,0.33972,0.54911
16x16_4T,16x16,4,441,1764,21,21,32,32,1024,xios.update_calendar,0.71989,0.7363,0.77556,0.71989,0.7363,0.77556,182,0.45552,0.00405
12x12_4T,12x12,4,784,3136,28,28,24,24,576,__lfric_atm__,108.592,108.59294,108.594,0.00272,0.0043,0.00536,1,0.00396,108.59294
12x12_4T,12x12,4,784,3136,28,28,24,24,576,__setup__,39.0872,39.1273,39.1629,6e-05,0.00045,0.00116,1,0.00042,39.1273
12x12_4T,12x12,4,784,3136,28,28,24,24,576,__vernier__,0.12701,0.1414,0.15319,0.12701,0.1414,0.15319,622175,0.13021,0.0
12x12_4T,12x12,4,784,3136,28,28,24,24,576,aerosol.glomap_clim,0.58997,0.69283,0.74261,0.58974,0.69259,0.74236,180,0.63779,0.00385
12x12_4T,12x12,4,784,3136,28,28,24,24,576,aerosol.radaer,0.14821,0.17609,0.19938,0.14795,0.17577,0.19909,3,0.16186,0.0587
12x12_4T,12x12,4,784,3136,28,28,24,24,576,aerosol.stratosphere,0.00175,0.00296,0.00478,0.00175,0.00296,0.00478,180,0.00273,2e-05
12x12_4T,12x12,4,784,3136,28,28,24,24,576,bl.explicit,1.43709,3.32207,5.44955,0.82385,0.98872,1.12084,360,0.91048,0.00923
12x12_4T,12x12,4,784,3136,28,28,24,24,576,bl.implicit,3.57395,5.04718,6.85355,2.98774,4.51063,6.37124,360,4.1537,0.01402
12x12_4T,12x12,4,784,3136,28,28,24,24,576,cloud,0.44931,1.2259,2.16605,0.43934,1.21529,2.15367,180,1.11913,0.00681
12x12_4T,12x12,4,784,3136,28,28,24,24,576,cloud.bm_tau,0.12026,0.16201,0.18683,0.12026,0.16201,0.18683,180,0.14919,0.0009
12x12_4T,12x12,4,784,3136,28,28,24,24,576,diags.bl_exp,0.01841,0.02106,0.06331,0.00396,0.00462,0.00631,360,0.00425,6e-05
12x12_4T,12x12,4,784,3136,28,28,24,24,576,diags.bl_imp,0.06641,0.09476,0.17962,0.05104,0.05657,0.06145,540,0.05209,0.00018
12x12_4T,12x12,4,784,3136,28,28,24,24,576,diags.blpert,0.0037,0.0046,0.0056,4e-05,5e-05,8e-05,360,4e-05,1e-05
12x12_4T,12x12,4,784,3136,28,28,24,24,576,diags.casim,0.0218,0.02479,0.02831,0.01052,0.01261,0.01525,360,0.01161,7e-05
12x12_4T,12x12,4,784,3136,28,28,24,24,576,diags.cloud,0.12015,0.16061,0.17693,0.0394,0.04353,0.04784,360,0.04009,0.00045
12x12_4T,12x12,4,784,3136,28,28,24,24,576,diags.dynamics,0.0277,0.02955,0.03233,0.0263,0.02804,0.03063,180,0.02582,0.00016
12x12_4T,12x12,4,784,3136,28,28,24,24,576,diags.electric,0.00827,0.00882,0.01019,0.00714,0.00764,0.00898,360,0.00704,2e-05
12x12_4T,12x12,4,784,3136,28,28,24,24,576,diags.glomap_clim,0.01688,0.02014,0.02548,0.00038,0.00052,0.00102,180,0.00048,0.00011
12x12_4T,12x12,4,784,3136,28,28,24,24,576,diags.illuminate,0.00332,0.004,0.00545,6e-05,9e-05,0.00037,180,8e-05,2e-05
12x12_4T,12x12,4,784,3136,28,28,24,24,576,diags.jules_exp,0.07451,0.38016,0.78545,0.00537,0.00584,0.00661,360,0.00538,0.00106
12x12_4T,12x12,4,784,3136,28,28,24,24,576,diags.jules_imp,0.01222,0.01537,0.01978,0.00644,0.00768,0.00945,360,0.00707,4e-05
12x12_4T,12x12,4,784,3136,28,28,24,24,576,diags.jules_seaice,0.00297,0.00402,0.00661,0.00049,0.00069,0.00107,180,0.00063,2e-05
12x12_4T,12x12,4,784,3136,28,28,24,24,576,diags.jules_snow,0.00692,0.01383,0.08643,0.00329,0.00365,0.00475,360,0.00336,4e-05
12x12_4T,12x12,4,784,3136,28,28,24,24,576,diags.jules_soil,0.01175,0.09357,0.19565,0.00638,0.00698,0.00782,360,0.00643,0.00026
12x12_4T,12x12,4,784,3136,28,28,24,24,576,diags.locate_tropopause,0.00117,0.00151,0.00184,1e-05,2e-05,4e-05,180,2e-05,1e-05
12x12_4T,12x12,4,784,3136,28,28,24,24,576,diags.microphysics,0.01248,0.01445,0.01714,7e-05,0.00012,0.00044,180,0.00011,8e-05
12x12_4T,12x12,4,784,3136,28,28,24,24,576,diags.pmsl,0.05714,0.07775,0.08642,0.01808,0.02685,0.03585,180,0.02473,0.00043
12x12_4T,12x12,4,784,3136,28,28,24,24,576,diags.pressure_lev,0.02047,0.02415,0.02612,0.01976,0.02329,0.02525,180,0.02145,0.00013
12x12_4T,12x12,4,784,3136,28,28,24,24,576,diags.radaer,0.00026,0.00036,0.00095,0.00025,0.00034,0.00094,9,0.00031,4e-05
12x12_4T,12x12,4,784,3136,28,28,24,24,576,diags.radiation,0.26506,0.65187,1.37353,0.10307,0.10882,0.1175,360,0.10021,0.00181
12x12_4T,12x12,4,784,3136,28,28,24,24,576,diags.smagorinsky,0.00425,0.00469,0.00542,5e-05,6e-05,0.00013,360,6e-05,1e-05
12x12_4T,12x12,4,784,3136,28,28,24,24,576,dynamics.compute_si_operators,4.70447,4.80301,4.97201,2.60567,3.39785,3.5952,180,3.12897,0.02668
12x12_4T,12x12,4,784,3136,28,28,24,24,576,dynamics.phys_predictors,0.91853,1.96579,3.11269,0.05948,0.08297,0.10786,360,0.0764,0.00546
12x12_4T,12x12,4,784,3136,28,28,24,24,576,dynamics.rhs_alg,1.79281,2.80846,4.12502,1.10877,1.43281,1.55789,900,1.31943,0.00312
12x12_4T,12x12,4,784,3136,28,28,24,24,576,dynamics.rhs_lbc,0.2232,0.24765,0.27053,0.13095,0.17798,0.20468,180,0.1639,0.00138
12x12_4T,12x12,4,784,3136,28,28,24,24,576,dynamics.solver,4.01649,4.0723,4.12215,0.45487,0.60082,0.62994,720,0.55328,0.00566
12x12_4T,12x12,4,784,3136,28,28,24,24,576,dynamics.transport,20.0098,20.30112,22.4484,0.95102,1.00407,1.0943,360,0.92462,0.05639
12x12_4T,12x12,4,784,3136,28,28,24,24,576,dynamics.transport_predictors,0.47619,0.50195,0.55363,0.01585,0.02001,0.02374,180,0.01842,0.00279
12x12_4T,12x12,4,784,3136,28,28,24,24,576,electric,0.11408,0.12649,0.14557,0.03113,0.0393,0.05307,180,0.03619,0.0007
12x12_4T,12x12,4,784,3136,28,28,24,24,576,fast_physics,8.61119,8.96821,10.3522,0.28034,0.40074,0.87759,360,0.36903,0.02491
12x12_4T,12x12,4,784,3136,28,28,24,24,576,field.halo_ex_1,6.71753,12.12255,16.6972,4.90557,10.25995,14.6287,46335,9.44808,0.00026
12x12_4T,12x12,4,784,3136,28,28,24,24,576,field.halo_ex_2,0.28703,0.61116,2.15709,0.22501,0.53962,2.08524,1986,0.49692,0.00031
12x12_4T,12x12,4,784,3136,28,28,24,24,576,field.halo_ex_6,0.25487,0.2699,0.28859,0.10284,0.11861,0.13337,466,0.10923,0.00058
12x12_4T,12x12,4,784,3136,28,28,24,24,576,field.halo_ex_7,1.14957,1.30051,1.38064,1.0073,1.15961,1.24096,5284,1.06785,0.00025
12x12_4T,12x12,4,784,3136,28,28,24,24,576,field.halo_ex_8,2.33421,2.72732,2.89566,2.25217,2.64372,2.81156,11248,2.43452,0.00024
12x12_4T,12x12,4,784,3136,28,28,24,24,576,field.initialise,0.28476,0.34245,0.37873,0.28476,0.34245,0.37873,379964,0.31535,0.0
12x12_4T,12x12,4,784,3136,28,28,24,24,576,field.read,28.7465,28.80206,28.8361,2e-05,5e-05,0.0003,62,5e-05,0.46455
12x12_4T,12x12,4,784,3136,28,28,24,24,576,field.write,0.77167,1.31318,2.10501,0.08613,0.09674,0.10661,37951,0.08908,3e-05
12x12_4T,12x12,4,784,3136,28,28,24,24,576,fs.constructor,0.01295,0.02059,0.0238,0.01295,0.02059,0.0238,71,0.01896,0.00029
12x12_4T,12x12,4,784,3136,28,28,24,24,576,gungho_diagnostics_driver,2.45149,2.56761,2.66593,1.94557,2.26299,2.41711,181,2.08392,0.01419
12x12_4T,12x12,4,784,3136,28,28,24,24,576,gungho_driver.finalise,0.49693,0.6025,0.60328,0.01782,0.12343,0.12766,1,0.11366,0.6025
12x12_4T,12x12,4,784,3136,28,28,24,24,576,gungho_driver.first_timestep,3.35432,3.38946,3.43006,3e-05,6e-05,0.00015,1,5e-05,3.38946
12x12_4T,12x12,4,784,3136,28,28,24,24,576,gungho_driver.initialise,39.0871,39.12684,39.1624,0.9831,1.17128,1.29021,1,1.07859,39.12684
12x12_4T,12x12,4,784,3136,28,28,24,24,576,gungho_driver.mesh_init,0.56236,0.57449,0.5805,0.56236,0.57449,0.5805,1,0.52903,0.57449
12x12_4T,12x12,4,784,3136,28,28,24,24,576,gungho_driver.timestep,64.7033,64.71161,64.8183,0.00161,0.00206,0.00268,179,0.0019,0.36152
12x12_4T,12x12,4,784,3136,28,28,24,24,576,gungho_timestep,65.0714,65.19225,65.4033,0.00883,0.0112,0.01345,180,0.01032,0.36218
12x12_4T,12x12,4,784,3136,28,28,24,24,576,halo_routing_creation,2.18954,2.29581,2.57755,2.18954,2.29581,2.57755,65319,2.11415,4e-05
12x12_4T,12x12,4,784,3136,28,28,24,24,576,init_lbcs,0.05278,0.07021,0.09966,0.00729,0.01582,0.03414,1,0.01457,0.07021
12x12_4T,12x12,4,784,3136,28,28,24,24,576,jules.explicit,0.18767,0.3986,0.85622,0.18104,0.39166,0.84956,180,0.36066,0.00221
12x12_4T,12x12,4,784,3136,28,28,24,24,576,jules.extra,0.0241,0.14007,0.39256,0.0136,0.12882,0.3809,180,0.11863,0.00078
12x12_4T,12x12,4,784,3136,28,28,24,24,576,jules.implicit,0.26896,0.44481,0.74422,0.26177,0.43687,0.7359,720,0.4023,0.00062
12x12_4T,12x12,4,784,3136,28,28,24,24,576,jules.radiation,0.05523,0.07502,0.10061,0.04985,0.06915,0.09479,180,0.06368,0.00042
12x12_4T,12x12,4,784,3136,28,28,24,24,576,leonard_term,0.22323,0.5769,1.95241,0.06994,0.09309,0.11086,180,0.08572,0.0032
12x12_4T,12x12,4,784,3136,28,28,24,24,576,lfric_xios.finalise_context,0.47539,0.47906,0.47971,1e-05,8e-05,9e-05,1,7e-05,0.47906
12x12_4T,12x12,4,784,3136,28,28,24,24,576,lfric_xios.init_context,0.0495,0.1155,0.26571,0.03789,0.10483,0.25366,1,0.09653,0.1155
12x12_4T,12x12,4,784,3136,28,28,24,24,576,lfric_xios.read_fldg,28.7464,28.802,28.836,28.7255,28.7695,28.7898,62,26.49298,0.46455
12x12_4T,12x12,4,784,3136,28,28,24,24,576,lfric_xios.write_fldg,0.67446,1.21636,2.00979,0.67446,1.21636,2.00979,211,1.12011,0.00576
12x12_4T,12x12,4,784,3136,28,28,24,24,576,locate_tropopause,0.00654,0.00824,0.01014,0.00602,0.00757,0.00934,180,0.00697,5e-05
12x12_4T,12x12,4,784,3136,28,28,24,24,576,mappings.map_physics_fields,1.90492,2.85301,3.6365,1.72691,2.52371,3.47404,181,2.32401,0.01576
12x12_4T,12x12,4,784,3136,28,28,24,24,576,mappings.set_wind,0.89328,1.07678,1.95302,0.04033,0.08339,0.11867,180,0.07679,0.00598
12x12_4T,12x12,4,784,3136,28,28,24,24,576,mass_matrix_solver_alg,1.33955,2.39517,3.56422,0.80206,0.92274,1.03156,1082,0.84972,0.00221
12x12_4T,12x12,4,784,3136,28,28,24,24,576,microphysics.casim,4.66564,6.30981,7.993,4.65436,6.29851,7.97984,180,5.80011,0.03505
12x12_4T,12x12,4,784,3136,28,28,24,24,576,microphysics.casim_activate,0.00526,0.00741,0.01034,0.00415,0.00626,0.00919,181,0.00576,4e-05
12x12_4T,12x12,4,784,3136,28,28,24,24,576,mixed_solver.schur_precon,3.22789,3.29005,3.36946,0.00151,0.002,0.00253,720,0.00184,0.00457
12x12_4T,12x12,4,784,3136,28,28,24,24,576,pressure_solver.helmholtz_lhs,1.96109,2.02289,2.25484,1.24486,1.36777,1.44661,19440,1.25954,0.0001
12x12_4T,12x12,4,784,3136,28,28,24,24,576,radiation.illuminate,0.03033,0.034,0.04261,0.03033,0.034,0.04261,180,0.03131,0.00019
12x12_4T,12x12,4,784,3136,28,28,24,24,576,radiation.lw,0.49074,0.78741,0.88629,0.49074,0.78741,0.88629,180,0.7251,0.00437
12x12_4T,12x12,4,784,3136,28,28,24,24,576,radiation.sw,0.00925,0.01373,0.01758,0.00925,0.01373,0.01758,180,0.01264,8e-05
12x12_4T,12x12,4,784,3136,28,28,24,24,576,runtime_constants.dycore,0.34781,0.43681,0.46134,0.3478,0.43677,0.45866,13,0.40221,0.0336
12x12_4T,12x12,4,784,3136,28,28,24,24,576,runtime_constants.fem,0.2954,0.33052,0.38658,0.18724,0.23911,0.27451,31,0.22019,0.01066
12x12_4T,12x12,4,784,3136,28,28,24,24,576,runtime_constants.geometric,0.17833,0.21673,0.30308,0.06243,0.07939,0.08441,26,0.0731,0.00834
12x12_4T,12x12,4,784,3136,28,28,24,24,576,runtime_constants.limited_area,0.0205,0.0282,0.03305,0.00154,0.00454,0.00715,15,0.00418,0.00188
12x12_4T,12x12,4,784,3136,28,28,24,24,576,runtime_constants.mapping,0.02003,0.02502,0.03052,0.02003,0.02502,0.03052,1,0.02304,0.02502
12x12_4T,12x12,4,784,3136,28,28,24,24,576,runtime_constants.physics,0.24894,0.25277,0.25601,0.00048,0.00458,0.00765,1,0.00422,0.25277
12x12_4T,12x12,4,784,3136,28,28,24,24,576,runtime_constants.solver,0.00052,0.00098,0.00186,0.00052,0.00097,0.00185,16,0.00089,6e-05
12x12_4T,12x12,4,784,3136,28,28,24,24,576,runtime_constants.transport,0.0006,0.00137,0.00279,0.00059,0.00135,0.00277,4,0.00125,0.00034
12x12_4T,12x12,4,784,3136,28,28,24,24,576,schur_precon.back_sub,0.26012,0.30904,0.33674,0.10695,0.14346,0.17013,720,0.13211,0.00043
12x12_4T,12x12,4,784,3136,28,28,24,24,576,schur_precon.pressure_solver,2.68498,2.74157,2.91197,0.64457,0.70912,0.74239,720,0.65301,0.00381
12x12_4T,12x12,4,784,3136,28,28,24,24,576,schur_precon.rhs,0.17951,0.23577,0.25394,0.17755,0.23336,0.25137,720,0.21489,0.00033
12x12_4T,12x12,4,784,3136,28,28,24,24,576,semi_implicit_timestep,65.06,65.18076,65.3927,1.22218,1.48296,1.55066,180,1.36561,0.36212
12x12_4T,12x12,4,784,3136,28,28,24,24,576,slow_physics,15.6,15.62945,15.7062,0.41549,0.77334,2.51359,180,0.71215,0.08683
12x12_4T,12x12,4,784,3136,28,28,24,24,576,smagorinsky,1.23254,2.11988,4.28271,0.35591,0.44724,0.5315,360,0.41185,0.00589
12x12_4T,12x12,4,784,3136,28,28,24,24,576,solver.mixed_solver,3.3517,3.40964,3.46995,0.08541,0.1078,0.11892,720,0.09927,0.00474
12x12_4T,12x12,4,784,3136,28,28,24,24,576,stoch_phys.blpert,0.22491,1.07773,3.01673,0.03355,0.04238,0.05087,360,0.03903,0.00299
12x12_4T,12x12,4,784,3136,28,28,24,24,576,transport.controller_init,0.6703,0.70696,0.80466,0.40998,0.45741,0.60775,360,0.42122,0.00196
12x12_4T,12x12,4,784,3136,28,28,24,24,576,transport.ffsl_horizontal,3.68462,3.83466,3.94128,1.60201,1.76126,2.08432,2340,1.62189,0.00164
12x12_4T,12x12,4,784,3136,28,28,24,24,576,transport.ffsl_vertical,1.05817,1.12191,1.19245,0.9019,0.95686,1.02119,7200,0.88114,0.00016
12x12_4T,12x12,4,784,3136,28,28,24,24,576,transport.flux_precomp,0.73869,0.83941,0.88001,0.23772,0.26156,0.27391,8460,0.24087,0.0001
12x12_4T,12x12,4,784,3136,28,28,24,24,576,transport.flux_precomp_init,0.1087,0.13268,0.14055,0.10239,0.12508,0.1325,3240,0.11518,4e-05
12x12_4T,12x12,4,784,3136,28,28,24,24,576,transport.hori_dep_pts,0.46857,0.56301,0.60253,0.17673,0.19648,0.21407,1080,0.18094,0.00052
12x12_4T,12x12,4,784,3136,28,28,24,24,576,transport.sl_horizontal,3.2191,3.38844,3.47405,0.85361,0.97328,1.00878,2700,0.89627,0.00125
12x12_4T,12x12,4,784,3136,28,28,24,24,576,transport.sl_vertical,1.40809,1.47779,1.59872,0.25889,0.27993,0.3266,2880,0.25777,0.00051
12x12_4T,12x12,4,784,3136,28,28,24,24,576,transport.wind,5.22904,5.44661,5.53959,1.12488,1.43469,1.54815,360,1.32116,0.01513
12x12_4T,12x12,4,784,3136,28,28,24,24,576,transport.wind_precomp,0.82619,0.89363,1.0997,0.47679,0.54757,0.57336,2160,0.50424,0.00041
12x12_4T,12x12,4,784,3136,28,28,24,24,576,transport.wind_precomp_final,6.68153,6.86877,8.98199,6.68153,6.86877,8.98199,2160,6.32525,0.00318
12x12_4T,12x12,4,784,3136,28,28,24,24,576,transport.wind_precomp_init,0.15437,0.20712,0.2359,0.14834,0.19953,0.22815,360,0.18374,0.00058
12x12_4T,12x12,4,784,3136,28,28,24,24,576,update_lbcs,0.32129,0.38588,0.41012,0.2949,0.35879,0.38249,180,0.3304,0.00214
12x12_4T,12x12,4,784,3136,28,28,24,24,576,xios.close_context_definition,7.91453,7.91745,7.9606,7.91453,7.91745,7.9606,1,7.29094,7.91745
12x12_4T,12x12,4,784,3136,28,28,24,24,576,xios.context_finalize,0.47531,0.47898,0.47963,0.47531,0.47898,0.47963,1,0.44108,0.47898
12x12_4T,12x12,4,784,3136,28,28,24,24,576,xios.update_calendar,0.74357,0.7592,0.80407,0.74357,0.7592,0.80407,182,0.69913,0.00417
8x8_1T,8x8,1,7056,7056,84,84,8,8,64,__lfric_atm__,103.046,103.0493,103.052,0.00392,0.0099,0.01344,1,0.00961,103.0493
8x8_1T,8x8,1,7056,7056,84,84,8,8,64,__setup__,46.4147,46.44127,46.6058,7e-05,0.00293,0.00897,1,0.00285,46.44127
8x8_1T,8x8,1,7056,7056,84,84,8,8,64,__vernier__,0.11133,0.14377,0.15915,0.11133,0.14377,0.15915,645070,0.13952,0.0
8x8_1T,8x8,1,7056,7056,84,84,8,8,64,aerosol.glomap_clim,0.27467,0.36629,0.42896,0.27421,0.36579,0.42844,180,0.35497,0.00203
8x8_1T,8x8,1,7056,7056,84,84,8,8,64,aerosol.radaer,0.06631,0.08428,0.09713,0.066,0.08381,0.09676,3,0.08133,0.02809
8x8_1T,8x8,1,7056,7056,84,84,8,8,64,aerosol.stratosphere,0.00106,0.00202,0.0043,0.00106,0.00202,0.0043,180,0.00196,1e-05
8x8_1T,8x8,1,7056,7056,84,84,8,8,64,bl.explicit,0.98425,1.45679,2.96919,0.30671,0.43407,0.51484,360,0.42122,0.00405
8x8_1T,8x8,1,7056,7056,84,84,8,8,64,bl.implicit,1.34433,1.79386,2.09333,1.04524,1.38133,1.68077,360,1.34046,0.00498
8x8_1T,8x8,1,7056,7056,84,84,8,8,64,cloud,0.11766,0.21347,0.33094,0.10719,0.2035,0.32122,180,0.19748,0.00119
8x8_1T,8x8,1,7056,7056,84,84,8,8,64,cloud.bm_tau,0.03703,0.05214,0.06369,0.03703,0.05214,0.06369,180,0.0506,0.00029
8x8_1T,8x8,1,7056,7056,84,84,8,8,64,diags.bl_exp,0.01533,0.01881,0.02152,0.00399,0.00513,0.00752,360,0.00498,5e-05
8x8_1T,8x8,1,7056,7056,84,84,8,8,64,diags.bl_imp,0.05986,0.07702,0.0837,0.05008,0.06439,0.07111,540,0.06249,0.00014
8x8_1T,8x8,1,7056,7056,84,84,8,8,64,diags.blpert,0.00276,0.00369,0.00465,4e-05,5e-05,0.00012,360,5e-05,1e-05
8x8_1T,8x8,1,7056,7056,84,84,8,8,64,diags.casim,0.01927,0.02489,0.03115,0.01034,0.01307,0.01661,360,0.01268,7e-05
8x8_1T,8x8,1,7056,7056,84,84,8,8,64,diags.cloud,0.04075,0.05603,0.06083,0.03745,0.04821,0.05329,360,0.04678,0.00016
8x8_1T,8x8,1,7056,7056,84,84,8,8,64,diags.dynamics,0.02708,0.03372,0.03804,0.02565,0.03198,0.03628,180,0.03104,0.00019
8x8_1T,8x8,1,7056,7056,84,84,8,8,64,diags.electric,0.0085,0.01151,0.01523,0.00737,0.01011,0.01378,360,0.00981,3e-05
8x8_1T,8x8,1,7056,7056,84,84,8,8,64,diags.glomap_clim,0.01742,0.02169,0.02792,0.00041,0.00095,0.00321,180,0.00092,0.00012
8x8_1T,8x8,1,7056,7056,84,84,8,8,64,diags.illuminate,0.00333,0.00425,0.00476,5e-05,8e-05,0.00012,180,7e-05,2e-05
8x8_1T,8x8,1,7056,7056,84,84,8,8,64,diags.jules_exp,0.40148,0.59296,1.77724,0.0057,0.00706,0.00913,360,0.00685,0.00165
8x8_1T,8x8,1,7056,7056,84,84,8,8,64,diags.jules_imp,0.00985,0.01323,0.01663,0.00614,0.00822,0.01167,360,0.00797,4e-05
8x8_1T,8x8,1,7056,7056,84,84,8,8,64,diags.jules_seaice,0.0027,0.00384,0.00582,0.00034,0.00067,0.00259,180,0.00065,2e-05
8x8_1T,8x8,1,7056,7056,84,84,8,8,64,diags.jules_snow,0.00658,0.00839,0.00964,0.00316,0.00399,0.00518,360,0.00387,2e-05
8x8_1T,8x8,1,7056,7056,84,84,8,8,64,diags.jules_soil,0.00998,0.01303,0.01473,0.00538,0.00711,0.00879,360,0.0069,4e-05
8x8_1T,8x8,1,7056,7056,84,84,8,8,64,diags.locate_tropopause,0.00122,0.00158,0.00215,1e-05,2e-05,8e-05,180,2e-05,1e-05
8x8_1T,8x8,1,7056,7056,84,84,8,8,64,diags.microphysics,0.0102,0.0136,0.01778,6e-05,9e-05,0.00015,180,8e-05,8e-05
8x8_1T,8x8,1,7056,7056,84,84,8,8,64,diags.pmsl,0.0997,0.41482,0.48283,0.01179,0.02689,0.04332,180,0.0261,0.0023
8x8_1T,8x8,1,7056,7056,84,84,8,8,64,diags.pressure_lev,0.01914,0.02415,0.02824,0.01843,0.02329,0.02736,180,0.0226,0.00013
8x8_1T,8x8,1,7056,7056,84,84,8,8,64,diags.radaer,0.00027,0.00075,0.00292,0.00025,0.00073,0.00291,9,0.00071,8e-05
8x8_1T,8x8,1,7056,7056,84,84,8,8,64,diags.radiation,0.1319,0.17108,0.2541,0.1063,0.13745,0.14799,360,0.13338,0.00048
8x8_1T,8x8,1,7056,7056,84,84,8,8,64,diags.smagorinsky,0.00376,0.00468,0.00579,5e-05,7e-05,0.00012,360,7e-05,1e-05
8x8_1T,8x8,1,7056,7056,84,84,8,8,64,dynamics.compute_si_operators,3.14081,3.42837,3.57302,1.24701,2.12548,2.25809,180,2.06259,0.01905
8x8_1T,8x8,1,7056,7056,84,84,8,8,64,dynamics.phys_predictors,0.43915,2.19874,7.34541,0.03401,0.03945,0.05288,360,0.03828,0.00611
8x8_1T,8x8,1,7056,7056,84,84,8,8,64,dynamics.rhs_alg,0.89916,2.2065,6.33411,0.52528,0.68212,0.75349,900,0.66194,0.00245
8x8_1T,8x8,1,7056,7056,84,84,8,8,64,dynamics.rhs_lbc,0.12166,0.13704,0.16141,0.07251,0.09409,0.11519,180,0.0913,0.00076
8x8_1T,8x8,1,7056,7056,84,84,8,8,64,dynamics.solver,2.13247,2.21636,2.27518,0.202,0.24811,0.29201,720,0.24077,0.00308
8x8_1T,8x8,1,7056,7056,84,84,8,8,64,dynamics.transport,20.4864,22.86844,27.9373,0.76843,0.82594,1.03778,360,0.8015,0.06352
8x8_1T,8x8,1,7056,7056,84,84,8,8,64,dynamics.transport_predictors,0.26834,0.2878,0.32122,0.0079,0.01222,0.02059,180,0.01186,0.0016
8x8_1T,8x8,1,7056,7056,84,84,8,8,64,electric,0.21479,0.23716,0.2741,0.01333,0.02281,0.03219,180,0.02214,0.00132
8x8_1T,8x8,1,7056,7056,84,84,8,8,64,fast_physics,3.82829,8.07958,10.2342,0.54784,2.45443,4.97243,360,2.3818,0.02244
8x8_1T,8x8,1,7056,7056,84,84,8,8,64,field.halo_ex_1,6.30397,11.64181,17.2864,3.97128,9.31849,14.6465,46463,9.04275,0.00025
8x8_1T,8x8,1,7056,7056,84,84,8,8,64,field.halo_ex_2,0.27519,0.83414,5.39533,0.18984,0.60338,5.16105,2010,0.58552,0.00041
8x8_1T,8x8,1,7056,7056,84,84,8,8,64,field.halo_ex_3,0.08844,0.09221,0.09556,0.00627,0.0093,0.01318,50,0.00902,0.00184
8x8_1T,8x8,1,7056,7056,84,84,8,8,64,field.halo_ex_4,0.37354,0.41058,0.48013,0.24163,0.28451,0.35269,1910,0.27609,0.00021
8x8_1T,8x8,1,7056,7056,84,84,8,8,64,field.halo_ex_5,0.93816,1.09093,1.14859,0.76444,0.9187,0.97608,5544,0.89151,0.0002
8x8_1T,8x8,1,7056,7056,84,84,8,8,64,field.halo_ex_6,0.52355,0.5666,0.58954,0.08866,0.13538,0.1539,299,0.13137,0.00189
8x8_1T,8x8,1,7056,7056,84,84,8,8,64,field.halo_ex_7,1.38851,1.75178,1.91461,1.00427,1.3789,1.53901,4016,1.3381,0.00044
8x8_1T,8x8,1,7056,7056,84,84,8,8,64,field.halo_ex_8,2.94866,3.58769,3.85084,2.82667,3.46424,3.72796,8959,3.36173,0.0004
8x8_1T,8x8,1,7056,7056,84,84,8,8,64,field.initialise,0.24897,0.31152,0.34887,0.24897,0.31152,0.34887,394802,0.30231,0.0
8x8_1T,8x8,1,7056,7056,84,84,8,8,64,field.read,28.5984,29.99049,30.039,2e-05,0.00011,0.00276,62,0.00011,0.48372
8x8_1T,8x8,1,7056,7056,84,84,8,8,64,field.write,0.52353,0.79149,2.69599,0.08189,0.10088,0.11175,37951,0.09789,2e-05
8x8_1T,8x8,1,7056,7056,84,84,8,8,64,fs.constructor,0.00718,0.01415,0.02388,0.00718,0.01415,0.02388,73,0.01373,0.00019
8x8_1T,8x8,1,7056,7056,84,84,8,8,64,gungho_diagnostics_driver,1.66844,1.77617,2.08166,0.97257,1.2197,1.57127,181,1.18361,0.00981
8x8_1T,8x8,1,7056,7056,84,84,8,8,64,gungho_driver.finalise,0.75918,0.75971,0.76029,0.02241,0.02493,0.03349,1,0.02419,0.75971
8x8_1T,8x8,1,7056,7056,84,84,8,8,64,gungho_driver.first_timestep,3.99253,4.15723,4.18561,2e-05,0.00016,0.00174,1,0.00015,4.15723
8x8_1T,8x8,1,7056,7056,84,84,8,8,64,gungho_driver.initialise,46.4087,46.43833,46.6056,0.64342,0.8861,1.05277,1,0.85988,46.43833
8x8_1T,8x8,1,7056,7056,84,84,8,8,64,gungho_driver.mesh_init,0.87879,0.91743,0.96029,0.87879,0.91743,0.96029,1,0.89028,0.91743
8x8_1T,8x8,1,7056,7056,84,84,8,8,64,gungho_driver.timestep,48.9006,48.91621,48.932,0.00146,0.00179,0.00253,179,0.00174,0.27327
8x8_1T,8x8,1,7056,7056,84,84,8,8,64,gungho_timestep,50.8958,51.16216,51.3152,0.00836,0.01032,0.01314,180,0.01002,0.28423
8x8_1T,8x8,1,7056,7056,84,84,8,8,64,halo_routing_creation,3.65415,3.84819,4.26108,3.65415,3.84819,4.26108,69251,3.73431,6e-05
8x8_1T,8x8,1,7056,7056,84,84,8,8,64,init_lbcs,0.09168,0.11254,0.14844,0.00165,0.02018,0.0565,1,0.01958,0.11254
8x8_1T,8x8,1,7056,7056,84,84,8,8,64,jules.explicit,0.12995,0.25913,0.39813,0.12239,0.24984,0.38844,180,0.24245,0.00144
8x8_1T,8x8,1,7056,7056,84,84,8,8,64,jules.extra,0.01965,0.08334,0.20352,0.01072,0.07185,0.19157,180,0.06973,0.00046
8x8_1T,8x8,1,7056,7056,84,84,8,8,64,jules.implicit,0.216,0.32069,0.43788,0.20941,0.31245,0.42949,720,0.3032,0.00045
8x8_1T,8x8,1,7056,7056,84,84,8,8,64,jules.radiation,0.02959,0.06212,0.09507,0.02628,0.05806,0.0911,180,0.05635,0.00035
8x8_1T,8x8,1,7056,7056,84,84,8,8,64,leonard_term,0.10299,0.2882,1.41342,0.03083,0.04305,0.05374,180,0.04177,0.0016
8x8_1T,8x8,1,7056,7056,84,84,8,8,64,lfric_xios.finalise_context,0.72637,0.73478,0.73768,4e-05,7e-05,9e-05,1,7e-05,0.73478
8x8_1T,8x8,1,7056,7056,84,84,8,8,64,lfric_xios.init_context,0.12284,0.252,0.45465,0.08973,0.22055,0.42644,1,0.21402,0.252
8x8_1T,8x8,1,7056,7056,84,84,8,8,64,lfric_xios.read_fldg,28.5984,29.99036,30.039,28.5719,29.95205,29.9634,62,29.06575,0.48372
8x8_1T,8x8,1,7056,7056,84,84,8,8,64,lfric_xios.write_fldg,0.42352,0.69054,2.59017,0.42352,0.69054,2.59017,211,0.6701,0.00327
8x8_1T,8x8,1,7056,7056,84,84,8,8,64,locate_tropopause,0.00434,0.00549,0.00784,0.00399,0.00512,0.00739,180,0.00497,3e-05
8x8_1T,8x8,1,7056,7056,84,84,8,8,64,mappings.map_physics_fields,1.41959,1.53614,1.65037,1.27029,1.41584,1.56923,181,1.37395,0.00849
8x8_1T,8x8,1,7056,7056,84,84,8,8,64,mappings.set_wind,0.13853,0.20068,1.09399,0.01379,0.02303,0.03652,180,0.02235,0.00111
8x8_1T,8x8,1,7056,7056,84,84,8,8,64,mass_matrix_solver_alg,0.68333,2.45095,7.59793,0.36544,0.46432,0.5019,1082,0.45058,0.00227
8x8_1T,8x8,1,7056,7056,84,84,8,8,64,microphysics.casim,0.69038,0.96463,1.24266,0.68027,0.95246,1.23089,180,0.92427,0.00536
8x8_1T,8x8,1,7056,7056,84,84,8,8,64,microphysics.casim_activate,0.00349,0.00434,0.00852,0.00226,0.00307,0.00721,181,0.00298,2e-05
8x8_1T,8x8,1,7056,7056,84,84,8,8,64,mixed_solver.schur_precon,1.77907,1.86385,1.92613,0.00105,0.00141,0.00178,720,0.00137,0.00259
8x8_1T,8x8,1,7056,7056,84,84,8,8,64,pressure_solver.helmholtz_lhs,1.12372,1.22775,1.37229,0.55499,0.67363,0.75872,19440,0.65369,6e-05
8x8_1T,8x8,1,7056,7056,84,84,8,8,64,radiation.illuminate,0.01376,0.01987,0.0268,0.01376,0.01987,0.0268,180,0.01928,0.00011
8x8_1T,8x8,1,7056,7056,84,84,8,8,64,radiation.lw,0.25722,0.36848,0.48874,0.25722,0.36848,0.48874,180,0.35758,0.00205
8x8_1T,8x8,1,7056,7056,84,84,8,8,64,radiation.sw,0.00475,0.01751,0.02631,0.00475,0.01751,0.02631,180,0.01699,0.0001
8x8_1T,8x8,1,7056,7056,84,84,8,8,64,runtime_constants.dycore,0.16549,0.26455,0.28506,0.16549,0.26455,0.28506,13,0.25672,0.02035
8x8_1T,8x8,1,7056,7056,84,84,8,8,64,runtime_constants.fem,0.28498,0.45742,0.49426,0.09327,0.15167,0.16781,31,0.14718,0.01476
8x8_1T,8x8,1,7056,7056,84,84,8,8,64,runtime_constants.geometric,0.3025,0.34371,0.53153,0.02914,0.04784,0.06098,26,0.04643,0.01322
8x8_1T,8x8,1,7056,7056,84,84,8,8,64,runtime_constants.limited_area,0.05071,0.06776,0.08502,0.00097,0.00874,0.01895,15,0.00848,0.00452
8x8_1T,8x8,1,7056,7056,84,84,8,8,64,runtime_constants.mapping,0.00955,0.01451,0.02337,0.00955,0.01451,0.02337,1,0.01408,0.01451
8x8_1T,8x8,1,7056,7056,84,84,8,8,64,runtime_constants.physics,0.38838,0.39665,0.40417,0.0002,0.00685,0.01511,1,0.00664,0.39665
8x8_1T,8x8,1,7056,7056,84,84,8,8,64,runtime_constants.solver,0.00021,0.00041,0.00311,0.0002,0.00039,0.0031,16,0.00038,3e-05
8x8_1T,8x8,1,7056,7056,84,84,8,8,64,runtime_constants.transport,0.0003,0.00164,0.00605,0.00027,0.0016,0.00601,4,0.00156,0.00041
8x8_1T,8x8,1,7056,7056,84,84,8,8,64,schur_precon.back_sub,0.13196,0.18351,0.20861,0.0481,0.06985,0.08865,720,0.06778,0.00025
8x8_1T,8x8,1,7056,7056,84,84,8,8,64,schur_precon.pressure_solver,1.49268,1.59066,1.67571,0.28795,0.35421,0.36765,720,0.34373,0.00221
8x8_1T,8x8,1,7056,7056,84,84,8,8,64,schur_precon.rhs,0.06833,0.08681,0.09882,0.06684,0.08514,0.09655,720,0.08262,0.00012
8x8_1T,8x8,1,7056,7056,84,84,8,8,64,semi_implicit_timestep,50.8867,51.15159,51.3057,0.67668,0.77522,0.83044,180,0.75228,0.28418
8x8_1T,8x8,1,7056,7056,84,84,8,8,64,slow_physics,6.7483,6.88099,7.16628,0.66708,1.67352,2.39699,180,1.624,0.03823
8x8_1T,8x8,1,7056,7056,84,84,8,8,64,smagorinsky,0.91527,2.81758,6.80012,0.13895,0.19316,0.24504,360,0.18745,0.00783
8x8_1T,8x8,1,7056,7056,84,84,8,8,64,solver.mixed_solver,1.8397,1.91994,1.97683,0.03684,0.04811,0.05617,720,0.04668,0.00267
8x8_1T,8x8,1,7056,7056,84,84,8,8,64,stoch_phys.blpert,0.13286,0.81327,6.36057,0.0251,0.03614,0.04736,360,0.03507,0.00226
8x8_1T,8x8,1,7056,7056,84,84,8,8,64,transport.controller_init,0.85548,0.90424,0.97931,0.65352,0.70837,0.86299,360,0.68741,0.00251
8x8_1T,8x8,1,7056,7056,84,84,8,8,64,transport.ffsl_horizontal,3.7626,4.07494,4.20532,1.05954,1.16866,1.39393,2841,1.13408,0.00143
8x8_1T,8x8,1,7056,7056,84,84,8,8,64,transport.ffsl_vertical,0.61684,0.69931,0.78739,0.48106,0.56632,0.6459,6424,0.54956,0.00011
8x8_1T,8x8,1,7056,7056,84,84,8,8,64,transport.flux_precomp,0.69875,0.90064,0.97762,0.1298,0.15064,0.16388,8588,0.14618,0.0001
8x8_1T,8x8,1,7056,7056,84,84,8,8,64,transport.flux_precomp_init,0.07341,0.08642,0.0978,0.06725,0.07907,0.08945,2997,0.07673,3e-05
8x8_1T,8x8,1,7056,7056,84,84,8,8,64,transport.hori_dep_pts,0.53497,0.73515,0.80811,0.09362,0.10837,0.12272,1320,0.10516,0.00056
8x8_1T,8x8,1,7056,7056,84,84,8,8,64,transport.sl_horizontal,4.54337,5.15349,5.34041,0.46125,0.59174,0.62358,3347,0.57423,0.00154
8x8_1T,8x8,1,7056,7056,84,84,8,8,64,transport.sl_vertical,0.92997,1.01091,1.27582,0.09703,0.1124,0.13728,2568,0.10908,0.00039
8x8_1T,8x8,1,7056,7056,84,84,8,8,64,transport.wind,5.76017,5.96135,6.18574,0.58354,0.83365,1.1106,360,0.80899,0.01656
8x8_1T,8x8,1,7056,7056,84,84,8,8,64,transport.wind_precomp,0.65348,0.73848,1.00122,0.2036,0.27016,0.29526,2166,0.26217,0.00034
8x8_1T,8x8,1,7056,7056,84,84,8,8,64,transport.wind_precomp_final,6.80183,8.87903,13.9531,6.80183,8.87903,13.9531,2160,8.61629,0.00411
8x8_1T,8x8,1,7056,7056,84,84,8,8,64,transport.wind_precomp_init,0.07762,0.10731,0.13503,0.07087,0.09959,0.12705,360,0.09664,0.0003
8x8_1T,8x8,1,7056,7056,84,84,8,8,64,update_lbcs,0.13004,0.16086,0.1759,0.11333,0.1447,0.15896,180,0.14042,0.00089
8x8_1T,8x8,1,7056,7056,84,84,8,8,64,xios.close_context_definition,13.5136,13.51985,14.8923,13.5136,13.51985,14.8923,1,13.11979,13.51985
8x8_1T,8x8,1,7056,7056,84,84,8,8,64,xios.context_finalize,0.7263,0.73471,0.73762,0.7263,0.73471,0.73762,1,0.71297,0.73471
8x8_1T,8x8,1,7056,7056,84,84,8,8,64,xios.update_calendar,2.75227,2.76551,2.95155,2.75227,2.76551,2.95155,182,2.68367,0.0152
8x8_2T,8x8,2,3528,7056,42,84,16,8,128,__lfric_atm__,88.1196,88.12101,88.1236,0.0029,0.005,0.00746,1,0.00567,88.12101
8x8_2T,8x8,2,3528,7056,42,84,16,8,128,__setup__,37.6024,37.64382,37.7261,6e-05,0.00109,0.0035,1,0.00124,37.64382
8x8_2T,8x8,2,3528,7056,42,84,16,8,128,__vernier__,0.10822,0.12462,0.13974,0.10822,0.12462,0.13974,624263,0.14142,0.0
8x8_2T,8x8,2,3528,7056,42,84,16,8,128,aerosol.glomap_clim,0.28492,0.34832,0.40628,0.28456,0.3479,0.40586,180,0.3948,0.00194
8x8_2T,8x8,2,3528,7056,42,84,16,8,128,aerosol.radaer,0.06433,0.08154,0.09232,0.06403,0.08116,0.09182,3,0.0921,0.02718
8x8_2T,8x8,2,3528,7056,42,84,16,8,128,aerosol.stratosphere,0.001,0.00193,0.00391,0.001,0.00193,0.00391,180,0.00218,1e-05
8x8_2T,8x8,2,3528,7056,42,84,16,8,128,bl.explicit,0.90449,1.40199,1.93544,0.40503,0.51322,0.57552,360,0.5824,0.00389
8x8_2T,8x8,2,3528,7056,42,84,16,8,128,bl.implicit,1.7101,2.08599,2.47847,1.32201,1.69254,2.1337,360,1.9207,0.00579
8x8_2T,8x8,2,3528,7056,42,84,16,8,128,cloud,0.14826,0.33098,0.54364,0.1395,0.32172,0.53487,180,0.36509,0.00184
8x8_2T,8x8,2,3528,7056,42,84,16,8,128,cloud.bm_tau,0.05188,0.0675,0.08071,0.05188,0.0675,0.08071,180,0.0766,0.00038
8x8_2T,8x8,2,3528,7056,42,84,16,8,128,diags.bl_exp,0.01529,0.01652,0.01908,0.0039,0.00446,0.00537,360,0.00506,5e-05
8x8_2T,8x8,2,3528,7056,42,84,16,8,128,diags.bl_imp,0.06392,0.1006,1.4906,0.04988,0.05646,0.06102,540,0.06407,0.00019
8x8_2T,8x8,2,3528,7056,42,84,16,8,128,diags.blpert,0.00283,0.00332,0.00396,4e-05,5e-05,9e-05,360,5e-05,1e-05
8x8_2T,8x8,2,3528,7056,42,84,16,8,128,diags.casim,0.01853,0.02149,0.02434,0.00953,0.01153,0.01324,360,0.01309,6e-05
8x8_2T,8x8,2,3528,7056,42,84,16,8,128,diags.cloud,0.04113,0.0509,0.20999,0.0375,0.043,0.04772,360,0.04879,0.00014
8x8_2T,8x8,2,3528,7056,42,84,16,8,128,diags.dynamics,0.02706,0.03102,0.03509,0.02569,0.02939,0.03339,180,0.03335,0.00017
8x8_2T,8x8,2,3528,7056,42,84,16,8,128,diags.electric,0.00816,0.00939,0.01115,0.0071,0.00819,0.00993,360,0.00929,3e-05
8x8_2T,8x8,2,3528,7056,42,84,16,8,128,diags.glomap_clim,0.01601,0.01966,0.02314,0.00034,0.00072,0.00227,180,0.00082,0.00011
8x8_2T,8x8,2,3528,7056,42,84,16,8,128,diags.illuminate,0.00334,0.00365,0.00395,5e-05,7e-05,0.00014,180,8e-05,2e-05
8x8_2T,8x8,2,3528,7056,42,84,16,8,128,diags.jules_exp,0.0119,0.01358,0.01595,0.00547,0.00609,0.00684,360,0.00691,4e-05
8x8_2T,8x8,2,3528,7056,42,84,16,8,128,diags.jules_imp,0.00987,0.02183,0.1863,0.00616,0.00706,0.0083,360,0.00801,6e-05
8x8_2T,8x8,2,3528,7056,42,84,16,8,128,diags.jules_seaice,0.00277,0.00342,0.00455,0.00037,0.00058,0.00121,180,0.00066,2e-05
8x8_2T,8x8,2,3528,7056,42,84,16,8,128,diags.jules_snow,0.00676,0.40164,1.7826,0.00323,0.00361,0.0044,360,0.0041,0.00112
8x8_2T,8x8,2,3528,7056,42,84,16,8,128,diags.jules_soil,0.01022,0.10106,1.77857,0.00548,0.00619,0.00715,360,0.00703,0.00028
8x8_2T,8x8,2,3528,7056,42,84,16,8,128,diags.locate_tropopause,0.0012,0.00135,0.00165,1e-05,2e-05,5e-05,180,2e-05,1e-05
8x8_2T,8x8,2,3528,7056,42,84,16,8,128,diags.microphysics,0.01017,0.0115,0.01333,6e-05,8e-05,0.00016,180,9e-05,6e-05
8x8_2T,8x8,2,3528,7056,42,84,16,8,128,diags.pmsl,0.0674,1.1326,1.81095,0.01349,0.02221,0.03046,180,0.0252,0.00629
8x8_2T,8x8,2,3528,7056,42,84,16,8,128,diags.pressure_lev,0.01898,0.02295,0.0256,0.01831,0.02212,0.02474,180,0.02511,0.00013
8x8_2T,8x8,2,3528,7056,42,84,16,8,128,diags.radaer,0.00026,0.00049,0.00151,0.00025,0.00047,0.00149,9,0.00054,5e-05
8x8_2T,8x8,2,3528,7056,42,84,16,8,128,diags.radiation,0.28896,0.39559,0.64338,0.10269,0.11741,0.13045,360,0.13324,0.0011
8x8_2T,8x8,2,3528,7056,42,84,16,8,128,diags.smagorinsky,0.00375,0.00425,0.00494,5e-05,6e-05,0.00011,360,7e-05,1e-05
8x8_2T,8x8,2,3528,7056,42,84,16,8,128,dynamics.compute_si_operators,2.75671,2.90207,2.9805,1.27478,1.85572,1.94479,180,2.10587,0.01612
8x8_2T,8x8,2,3528,7056,42,84,16,8,128,dynamics.phys_predictors,0.4201,1.67989,5.3891,0.0326,0.03751,0.05219,360,0.04257,0.00467
8x8_2T,8x8,2,3528,7056,42,84,16,8,128,dynamics.rhs_alg,0.86102,1.85059,4.88188,0.56908,0.64708,0.69794,900,0.73431,0.00206
8x8_2T,8x8,2,3528,7056,42,84,16,8,128,dynamics.rhs_lbc,0.12001,0.13276,0.14729,0.07981,0.09248,0.10606,180,0.10495,0.00074
8x8_2T,8x8,2,3528,7056,42,84,16,8,128,dynamics.solver,2.03166,2.0982,2.1411,0.21721,0.24329,0.26045,720,0.27608,0.00291
8x8_2T,8x8,2,3528,7056,42,84,16,8,128,dynamics.transport,18.5241,19.45858,23.2964,0.66839,0.72556,0.90478,360,0.82337,0.05405
8x8_2T,8x8,2,3528,7056,42,84,16,8,128,dynamics.transport_predictors,0.252,0.27244,0.28652,0.00773,0.0104,0.01492,180,0.0118,0.00151
8x8_2T,8x8,2,3528,7056,42,84,16,8,128,electric,0.1339,0.14477,0.16695,0.01605,0.02085,0.02744,180,0.02366,0.0008
8x8_2T,8x8,2,3528,7056,42,84,16,8,128,fast_physics,5.16791,8.45943,9.90863,0.39039,1.68955,4.42317,360,1.91731,0.0235
8x8_2T,8x8,2,3528,7056,42,84,16,8,128,field.halo_ex_1,6.50744,11.43333,15.3934,5.02738,9.88785,13.7332,46335,11.22077,0.00025
8x8_2T,8x8,2,3528,7056,42,84,16,8,128,field.halo_ex_2,0.24395,0.60977,4.03778,0.1753,0.47778,3.8948,1986,0.54219,0.00031
8x8_2T,8x8,2,3528,7056,42,84,16,8,128,field.halo_ex_6,0.37276,0.39344,0.4165,0.13212,0.15357,0.17597,365,0.17427,0.00108
8x8_2T,8x8,2,3528,7056,42,84,16,8,128,field.halo_ex_7,1.52461,1.79844,1.92827,1.30209,1.58309,1.711,5084,1.7965,0.00035
8x8_2T,8x8,2,3528,7056,42,84,16,8,128,field.halo_ex_8,3.42723,4.81869,6.01171,3.35827,4.74527,5.93802,11549,5.38495,0.00042
8x8_2T,8x8,2,3528,7056,42,84,16,8,128,field.initialise,0.23564,0.27732,0.30675,0.23564,0.27732,0.30675,382052,0.3147,0.0
8x8_2T,8x8,2,3528,7056,42,84,16,8,128,field.read,27.2657,27.55925,27.5915,2e-05,7e-05,0.0007,62,8e-05,0.4445
8x8_2T,8x8,2,3528,7056,42,84,16,8,128,field.write,0.3224,1.06254,4.07549,0.08057,0.09011,0.09844,37951,0.10226,3e-05
8x8_2T,8x8,2,3528,7056,42,84,16,8,128,fs.constructor,0.0068,0.01231,0.01562,0.0068,0.01231,0.01562,71,0.01397,0.00017
8x8_2T,8x8,2,3528,7056,42,84,16,8,128,gungho_diagnostics_driver,3.05104,3.13497,3.30249,0.91058,1.1185,1.30603,181,1.26928,0.01732
8x8_2T,8x8,2,3528,7056,42,84,16,8,128,gungho_driver.finalise,0.50312,0.56746,0.57069,0.0194,0.08341,0.09049,1,0.09465,0.56746
8x8_2T,8x8,2,3528,7056,42,84,16,8,128,gungho_driver.first_timestep,2.7657,2.84821,2.88951,2e-05,5e-05,0.0003,1,5e-05,2.84821
8x8_2T,8x8,2,3528,7056,42,84,16,8,128,gungho_driver.initialise,37.6006,37.64273,37.726,0.70522,0.88499,0.96949,1,1.00429,37.64273
8x8_2T,8x8,2,3528,7056,42,84,16,8,128,gungho_driver.mesh_init,0.58311,0.60149,0.6194,0.58311,0.60149,0.6194,1,0.68257,0.60149
8x8_2T,8x8,2,3528,7056,42,84,16,8,128,gungho_driver.timestep,46.0842,46.09533,46.1654,0.00136,0.00168,0.00239,179,0.0019,0.25752
8x8_2T,8x8,2,3528,7056,42,84,16,8,128,gungho_timestep,45.5487,45.68541,45.8048,0.00781,0.00916,0.01133,180,0.0104,0.25381
8x8_2T,8x8,2,3528,7056,42,84,16,8,128,halo_routing_creation,2.03991,2.19377,2.38211,2.03991,2.19377,2.38211,65319,2.4895,3e-05
8x8_2T,8x8,2,3528,7056,42,84,16,8,128,init_lbcs,0.05484,0.09268,0.11908,0.00261,0.01138,0.03397,1,0.01292,0.09268
8x8_2T,8x8,2,3528,7056,42,84,16,8,128,jules.explicit,0.13734,0.274,0.5452,0.13063,0.26671,0.53794,180,0.30266,0.00152
8x8_2T,8x8,2,3528,7056,42,84,16,8,128,jules.extra,0.02112,0.07879,0.21491,0.01161,0.06857,0.20391,180,0.07782,0.00044
8x8_2T,8x8,2,3528,7056,42,84,16,8,128,jules.implicit,0.22372,0.30322,0.44547,0.21713,0.29596,0.438,720,0.33585,0.00042
8x8_2T,8x8,2,3528,7056,42,84,16,8,128,jules.radiation,0.0293,0.04978,0.06846,0.02622,0.04606,0.06467,180,0.05227,0.00028
8x8_2T,8x8,2,3528,7056,42,84,16,8,128,leonard_term,0.10672,0.26897,0.62156,0.03421,0.0415,0.04829,180,0.04709,0.00149
8x8_2T,8x8,2,3528,7056,42,84,16,8,128,lfric_xios.finalise_context,0.48004,0.48404,0.48505,1e-05,7e-05,0.00012,1,8e-05,0.48404
8x8_2T,8x8,2,3528,7056,42,84,16,8,128,lfric_xios.init_context,0.07739,0.16223,0.31651,0.04801,0.13607,0.29339,1,0.15442,0.16223
8x8_2T,8x8,2,3528,7056,42,84,16,8,128,lfric_xios.read_fldg,27.2656,27.55917,27.5915,27.2539,27.54187,27.5478,62,31.25461,0.4445
8x8_2T,8x8,2,3528,7056,42,84,16,8,128,lfric_xios.write_fldg,0.23134,0.97236,3.98582,0.23134,0.97236,3.98582,211,1.10343,0.00461
8x8_2T,8x8,2,3528,7056,42,84,16,8,128,locate_tropopause,0.00415,0.00504,0.00671,0.00384,0.00469,0.0063,180,0.00532,3e-05
8x8_2T,8x8,2,3528,7056,42,84,16,8,128,mappings.map_physics_fields,1.36578,1.61267,1.80683,1.19889,1.46867,1.71238,181,1.66665,0.00891
8x8_2T,8x8,2,3528,7056,42,84,16,8,128,mappings.set_wind,0.14819,0.22483,0.5021,0.01417,0.02571,0.03764,180,0.02918,0.00125
8x8_2T,8x8,2,3528,7056,42,84,16,8,128,mass_matrix_solver_alg,0.65422,1.91929,5.6295,0.37508,0.43514,0.46976,1082,0.4938,0.00177
8x8_2T,8x8,2,3528,7056,42,84,16,8,128,microphysics.casim,1.26039,1.65028,2.08438,1.24973,1.63951,2.0737,180,1.86053,0.00917
8x8_2T,8x8,2,3528,7056,42,84,16,8,128,microphysics.casim_activate,0.00351,0.00482,0.008,0.00238,0.00366,0.00685,181,0.00415,3e-05
8x8_2T,8x8,2,3528,7056,42,84,16,8,128,mixed_solver.schur_precon,1.70021,1.76182,1.81045,0.00112,0.00138,0.00175,720,0.00156,0.00245
8x8_2T,8x8,2,3528,7056,42,84,16,8,128,pressure_solver.helmholtz_lhs,1.08775,1.14877,1.22362,0.58577,0.64561,0.68122,19440,0.73264,6e-05
8x8_2T,8x8,2,3528,7056,42,84,16,8,128,radiation.illuminate,0.0149,0.01899,0.024,0.0149,0.01899,0.024,180,0.02155,0.00011
8x8_2T,8x8,2,3528,7056,42,84,16,8,128,radiation.lw,0.21024,0.35036,0.44642,0.21024,0.35036,0.44642,180,0.39759,0.00195
8x8_2T,8x8,2,3528,7056,42,84,16,8,128,radiation.sw,0.00452,0.01122,0.02084,0.00452,0.01122,0.02084,180,0.01274,6e-05
8x8_2T,8x8,2,3528,7056,42,84,16,8,128,runtime_constants.dycore,0.15621,0.23614,0.2752,0.15621,0.23614,0.27519,13,0.26797,0.01816
8x8_2T,8x8,2,3528,7056,42,84,16,8,128,runtime_constants.fem,0.20506,0.29901,0.34324,0.08737,0.12813,0.13922,31,0.1454,0.00965
8x8_2T,8x8,2,3528,7056,42,84,16,8,128,runtime_constants.geometric,0.19185,0.23424,0.31842,0.02929,0.04201,0.0482,26,0.04767,0.00901
8x8_2T,8x8,2,3528,7056,42,84,16,8,128,runtime_constants.limited_area,0.02654,0.03552,0.04197,0.00119,0.00477,0.00867,15,0.00541,0.00237
8x8_2T,8x8,2,3528,7056,42,84,16,8,128,runtime_constants.mapping,0.00916,0.01275,0.01533,0.00916,0.01275,0.01533,1,0.01447,0.01275
8x8_2T,8x8,2,3528,7056,42,84,16,8,128,runtime_constants.physics,0.2526,0.26002,0.26898,0.00024,0.00392,0.00754,1,0.00444,0.26002
8x8_2T,8x8,2,3528,7056,42,84,16,8,128,runtime_constants.solver,0.00029,0.0005,0.00163,0.00029,0.00049,0.00162,16,0.00056,3e-05
8x8_2T,8x8,2,3528,7056,42,84,16,8,128,runtime_constants.transport,0.00032,0.00129,0.00362,0.0003,0.00126,0.00358,4,0.00143,0.00032
8x8_2T,8x8,2,3528,7056,42,84,16,8,128,schur_precon.back_sub,0.13541,0.17062,0.18716,0.04887,0.06154,0.07058,720,0.06983,0.00024
8x8_2T,8x8,2,3528,7056,42,84,16,8,128,schur_precon.pressure_solver,1.44129,1.50326,1.55577,0.31488,0.34663,0.3559,720,0.39336,0.00209
8x8_2T,8x8,2,3528,7056,42,84,16,8,128,schur_precon.rhs,0.07183,0.08538,0.09452,0.07044,0.08383,0.09262,720,0.09513,0.00012
8x8_2T,8x8,2,3528,7056,42,84,16,8,128,semi_implicit_timestep,45.5404,45.67606,45.7963,0.66828,0.71906,0.75823,180,0.81599,0.25376
8x8_2T,8x8,2,3528,7056,42,84,16,8,128,slow_physics,5.86548,5.93159,6.04709,0.40967,0.57133,0.94999,180,0.64834,0.03295
8x8_2T,8x8,2,3528,7056,42,84,16,8,128,smagorinsky,0.76084,2.77331,6.24246,0.16242,0.19453,0.22715,360,0.22075,0.0077
8x8_2T,8x8,2,3528,7056,42,84,16,8,128,solver.mixed_solver,1.75037,1.81188,1.8571,0.03814,0.04343,0.04877,720,0.04929,0.00252
8x8_2T,8x8,2,3528,7056,42,84,16,8,128,stoch_phys.blpert,0.12608,1.27169,4.7205,0.02817,0.03445,0.04222,360,0.03909,0.00353
8x8_2T,8x8,2,3528,7056,42,84,16,8,128,transport.controller_init,0.71853,0.74918,0.80801,0.48615,0.52768,0.67765,360,0.59882,0.00208
8x8_2T,8x8,2,3528,7056,42,84,16,8,128,transport.ffsl_horizontal,3.40431,3.67128,3.74712,0.83171,0.88367,1.0795,2340,1.0028,0.00157
8x8_2T,8x8,2,3528,7056,42,84,16,8,128,transport.ffsl_vertical,0.59302,0.62679,0.68158,0.49495,0.52569,0.57786,7200,0.59656,9e-05
8x8_2T,8x8,2,3528,7056,42,84,16,8,128,transport.flux_precomp,0.6352,0.80687,0.85735,0.12967,0.14049,0.14929,8460,0.15942,0.0001
8x8_2T,8x8,2,3528,7056,42,84,16,8,128,transport.flux_precomp_init,0.0667,0.07313,0.08141,0.06083,0.06655,0.07411,3240,0.07552,2e-05
8x8_2T,8x8,2,3528,7056,42,84,16,8,128,transport.hori_dep_pts,0.48341,0.65429,0.7051,0.08429,0.09064,0.10459,1080,0.10286,0.00061
8x8_2T,8x8,2,3528,7056,42,84,16,8,128,transport.sl_horizontal,3.54756,4.11693,4.20973,0.40171,0.45459,0.47418,2700,0.51587,0.00152
8x8_2T,8x8,2,3528,7056,42,84,16,8,128,transport.sl_vertical,0.89267,0.96839,1.26677,0.11291,0.12503,0.16581,2880,0.14188,0.00034
8x8_2T,8x8,2,3528,7056,42,84,16,8,128,transport.wind,4.64418,4.76288,4.82926,0.58156,0.72645,0.80144,360,0.82438,0.01323
8x8_2T,8x8,2,3528,7056,42,84,16,8,128,transport.wind_precomp,0.62772,0.70468,0.97721,0.21549,0.25376,0.26926,2160,0.28797,0.00033
8x8_2T,8x8,2,3528,7056,42,84,16,8,128,transport.wind_precomp_final,6.64219,7.4279,11.2772,6.64219,7.4279,11.2772,2160,8.42921,0.00344
8x8_2T,8x8,2,3528,7056,42,84,16,8,128,transport.wind_precomp_init,0.07672,0.08936,0.11719,0.07085,0.08287,0.10992,360,0.09404,0.00025
8x8_2T,8x8,2,3528,7056,42,84,16,8,128,update_lbcs,0.14572,0.17161,0.18064,0.13204,0.1555,0.1643,180,0.17646,0.00095
8x8_2T,8x8,2,3528,7056,42,84,16,8,128,xios.close_context_definition,7.80165,7.80475,8.09153,7.80165,7.80475,8.09153,1,8.85685,7.80475
8x8_2T,8x8,2,3528,7056,42,84,16,8,128,xios.context_finalize,0.47996,0.48397,0.48498,0.47996,0.48397,0.48498,1,0.54921,0.48397
8x8_2T,8x8,2,3528,7056,42,84,16,8,128,xios.update_calendar,0.94751,0.96239,1.08786,0.94751,0.96239,1.08786,182,1.09213,0.00529
8x8_4T,8x8,4,1764,7056,42,42,16,16,256,__lfric_atm__,85.6244,85.62515,85.6258,0.00302,0.00416,0.00542,1,0.00486,85.62515
8x8_4T,8x8,4,1764,7056,42,42,16,16,256,__setup__,37.3902,37.43086,37.4563,6e-05,0.00049,0.00125,1,0.00057,37.43086
8x8_4T,8x8,4,1764,7056,42,42,16,16,256,__vernier__,0.10728,0.11801,0.13847,0.10728,0.11801,0.13847,624263,0.13782,0.0
8x8_4T,8x8,4,1764,7056,42,42,16,16,256,aerosol.glomap_clim,0.2796,0.32483,0.40381,0.27947,0.32465,0.40365,180,0.37915,0.0018
8x8_4T,8x8,4,1764,7056,42,42,16,16,256,aerosol.radaer,0.06371,0.07988,0.12818,0.0634,0.07957,0.12789,3,0.09293,0.02663
8x8_4T,8x8,4,1764,7056,42,42,16,16,256,aerosol.stratosphere,0.00108,0.00188,0.00306,0.00108,0.00188,0.00306,180,0.0022,1e-05
8x8_4T,8x8,4,1764,7056,42,42,16,16,256,bl.explicit,1.02536,1.8127,2.76951,0.49108,0.57244,0.63997,360,0.66854,0.00504
8x8_4T,8x8,4,1764,7056,42,42,16,16,256,bl.implicit,1.89965,2.61613,3.30932,1.45981,2.16382,2.95445,360,2.52709,0.00727
8x8_4T,8x8,4,1764,7056,42,42,16,16,256,cloud,0.20636,0.55101,0.95044,0.19684,0.54197,0.94172,180,0.63296,0.00306
8x8_4T,8x8,4,1764,7056,42,42,16,16,256,cloud.bm_tau,0.06348,0.08214,0.09129,0.06348,0.08214,0.09129,180,0.09593,0.00046
8x8_4T,8x8,4,1764,7056,42,42,16,16,256,diags.bl_exp,0.01486,0.01609,0.01746,0.00384,0.0042,0.00476,360,0.00491,4e-05
8x8_4T,8x8,4,1764,7056,42,42,16,16,256,diags.bl_imp,0.06392,0.30933,0.56889,0.04977,0.05357,0.05785,540,0.06256,0.00057
8x8_4T,8x8,4,1764,7056,42,42,16,16,256,diags.blpert,0.00288,0.00325,0.00374,4e-05,4e-05,8e-05,360,5e-05,1e-05
8x8_4T,8x8,4,1764,7056,42,42,16,16,256,diags.casim,0.01901,0.02062,0.02282,0.00959,0.011,0.01237,360,0.01285,6e-05
8x8_4T,8x8,4,1764,7056,42,42,16,16,256,diags.cloud,0.04564,0.17824,2.1689,0.03767,0.04056,0.04383,360,0.04737,0.0005
8x8_4T,8x8,4,1764,7056,42,42,16,16,256,diags.dynamics,0.02694,0.02882,0.03055,0.02552,0.0273,0.02906,180,0.03188,0.00016
8x8_4T,8x8,4,1764,7056,42,42,16,16,256,diags.electric,0.00816,0.00852,0.00954,0.00707,0.00741,0.00844,360,0.00866,2e-05
8x8_4T,8x8,4,1764,7056,42,42,16,16,256,diags.glomap_clim,0.01603,0.01859,0.02151,0.00036,0.00058,0.00163,180,0.00068,0.0001
8x8_4T,8x8,4,1764,7056,42,42,16,16,256,diags.illuminate,0.00319,0.00336,0.00372,6e-05,8e-05,0.00014,180,9e-05,2e-05
8x8_4T,8x8,4,1764,7056,42,42,16,16,256,diags.jules_exp,0.0139,0.16784,0.19273,0.00533,0.00557,0.00607,360,0.00651,0.00047
8x8_4T,8x8,4,1764,7056,42,42,16,16,256,diags.jules_imp,0.0106,0.0541,0.25945,0.00615,0.00689,0.00838,360,0.00805,0.00015
8x8_4T,8x8,4,1764,7056,42,42,16,16,256,diags.jules_seaice,0.00284,0.00366,0.00583,0.00042,0.00055,0.00105,180,0.00065,2e-05
8x8_4T,8x8,4,1764,7056,42,42,16,16,256,diags.jules_snow,0.00671,0.0423,0.43243,0.00311,0.00336,0.00387,360,0.00393,0.00012
8x8_4T,8x8,4,1764,7056,42,42,16,16,256,diags.jules_soil,0.01019,0.05357,0.47306,0.00538,0.00579,0.00643,360,0.00676,0.00015
8x8_4T,8x8,4,1764,7056,42,42,16,16,256,diags.locate_tropopause,0.00105,0.00122,0.00156,1e-05,2e-05,4e-05,180,2e-05,1e-05
8x8_4T,8x8,4,1764,7056,42,42,16,16,256,diags.microphysics,0.01032,0.01133,0.01339,6e-05,0.0001,0.00016,180,0.00011,6e-05
8x8_4T,8x8,4,1764,7056,42,42,16,16,256,diags.pmsl,0.10322,0.14973,0.18912,0.01479,0.02039,0.02741,180,0.02381,0.00083
8x8_4T,8x8,4,1764,7056,42,42,16,16,256,diags.pressure_lev,0.01866,0.02202,0.0239,0.018,0.02123,0.02309,180,0.0248,0.00012
8x8_4T,8x8,4,1764,7056,42,42,16,16,256,diags.radaer,0.00026,0.00034,0.00089,0.00024,0.00033,0.00088,9,0.00039,4e-05
8x8_4T,8x8,4,1764,7056,42,42,16,16,256,diags.radiation,0.26206,0.59912,1.00442,0.10236,0.10559,0.11232,360,0.12332,0.00166
8x8_4T,8x8,4,1764,7056,42,42,16,16,256,diags.smagorinsky,0.00372,0.00402,0.00448,5e-05,6e-05,9e-05,360,7e-05,1e-05
8x8_4T,8x8,4,1764,7056,42,42,16,16,256,dynamics.compute_si_operators,2.41724,2.83188,2.92339,1.27182,1.64251,1.76471,180,1.91826,0.01573
8x8_4T,8x8,4,1764,7056,42,42,16,16,256,dynamics.phys_predictors,0.43806,1.43252,2.75853,0.03253,0.0407,0.05406,360,0.04754,0.00398
8x8_4T,8x8,4,1764,7056,42,42,16,16,256,dynamics.rhs_alg,0.81681,1.79044,3.41072,0.54968,0.63116,0.68202,900,0.73712,0.00199
8x8_4T,8x8,4,1764,7056,42,42,16,16,256,dynamics.rhs_lbc,0.12024,0.12949,0.13924,0.08081,0.09338,0.10307,180,0.10905,0.00072
8x8_4T,8x8,4,1764,7056,42,42,16,16,256,dynamics.solver,2.04452,2.08505,2.12027,0.23336,0.25119,0.26319,720,0.29336,0.0029
8x8_4T,8x8,4,1764,7056,42,42,16,16,256,dynamics.transport,16.2277,16.47751,18.8383,0.66091,0.69621,0.81726,360,0.81309,0.04577
8x8_4T,8x8,4,1764,7056,42,42,16,16,256,dynamics.transport_predictors,0.25138,0.26609,0.28384,0.00789,0.00995,0.01221,180,0.01162,0.00148
8x8_4T,8x8,4,1764,7056,42,42,16,16,256,electric,0.09308,0.10215,0.11638,0.01636,0.01991,0.02466,180,0.02325,0.00057
8x8_4T,8x8,4,1764,7056,42,42,16,16,256,fast_physics,5.3127,5.95673,7.35536,0.25021,0.50622,1.10824,360,0.59121,0.01655
8x8_4T,8x8,4,1764,7056,42,42,16,16,256,field.halo_ex_1,5.35565,8.72945,12.8437,4.07424,7.45075,11.5385,46335,8.70159,0.00019
8x8_4T,8x8,4,1764,7056,42,42,16,16,256,field.halo_ex_2,0.20557,0.54249,2.51655,0.1687,0.48497,2.45184,1986,0.56638,0.00027
8x8_4T,8x8,4,1764,7056,42,42,16,16,256,field.halo_ex_6,0.24649,0.2591,0.28311,0.08887,0.10059,0.12044,365,0.11748,0.00071
8x8_4T,8x8,4,1764,7056,42,42,16,16,256,field.halo_ex_7,1.06594,1.24515,1.41089,0.92743,1.11084,1.27649,5084,1.29733,0.00024
8x8_4T,8x8,4,1764,7056,42,42,16,16,256,field.halo_ex_8,2.39293,2.85996,2.98414,2.33673,2.80294,2.92688,11549,3.2735,0.00025
8x8_4T,8x8,4,1764,7056,42,42,16,16,256,field.initialise,0.2272,0.25441,0.27674,0.2272,0.25441,0.27674,382052,0.29712,0.0
8x8_4T,8x8,4,1764,7056,42,42,16,16,256,field.read,29.0774,29.11572,29.141,2e-05,5e-05,0.0003,62,6e-05,0.46961
8x8_4T,8x8,4,1764,7056,42,42,16,16,256,field.write,0.56019,1.51604,3.66496,0.08051,0.08515,0.09254,37951,0.09944,4e-05
8x8_4T,8x8,4,1764,7056,42,42,16,16,256,fs.constructor,0.00887,0.01447,0.01802,0.00887,0.01447,0.01802,71,0.0169,0.0002
8x8_4T,8x8,4,1764,7056,42,42,16,16,256,gungho_diagnostics_driver,1.44214,1.56846,2.0053,0.94886,1.16395,1.6541,181,1.35935,0.00867
8x8_4T,8x8,4,1764,7056,42,42,16,16,256,gungho_driver.finalise,1.19331,1.48326,1.49111,0.01769,0.30791,0.319,1,0.3596,1.48326
8x8_4T,8x8,4,1764,7056,42,42,16,16,256,gungho_driver.first_timestep,2.3165,2.34178,2.38236,2e-05,4e-05,0.00032,1,4e-05,2.34178
8x8_4T,8x8,4,1764,7056,42,42,16,16,256,gungho_driver.initialise,37.3895,37.43037,37.4561,0.74276,1.16304,1.24288,1,1.35829,37.43037
8x8_4T,8x8,4,1764,7056,42,42,16,16,256,gungho_driver.mesh_init,0.4839,0.49184,0.49745,0.4839,0.49184,0.49745,1,0.57441,0.49184
8x8_4T,8x8,4,1764,7056,42,42,16,16,256,gungho_driver.timestep,43.4818,43.4965,43.7855,0.00133,0.0017,0.00227,179,0.00199,0.243
8x8_4T,8x8,4,1764,7056,42,42,16,16,256,gungho_timestep,43.7021,44.12262,44.2763,0.00733,0.00828,0.00948,180,0.00967,0.24513
8x8_4T,8x8,4,1764,7056,42,42,16,16,256,halo_routing_creation,1.5106,1.67428,1.87174,1.5106,1.67428,1.87174,65319,1.95536,3e-05
8x8_4T,8x8,4,1764,7056,42,42,16,16,256,init_lbcs,0.05014,0.06313,0.0828,0.00376,0.00952,0.03071,1,0.01112,0.06313
8x8_4T,8x8,4,1764,7056,42,42,16,16,256,jules.explicit,0.14962,0.27872,0.54451,0.1429,0.27208,0.53788,180,0.31775,0.00155
8x8_4T,8x8,4,1764,7056,42,42,16,16,256,jules.extra,0.02038,0.08671,0.22378,0.01082,0.07706,0.21362,180,0.08999,0.00048
8x8_4T,8x8,4,1764,7056,42,42,16,16,256,jules.implicit,0.25193,0.33255,0.48768,0.24469,0.32571,0.4805,720,0.38039,0.00046
8x8_4T,8x8,4,1764,7056,42,42,16,16,256,jules.radiation,0.03217,0.0466,0.06396,0.02904,0.04299,0.06052,180,0.05021,0.00026
8x8_4T,8x8,4,1764,7056,42,42,16,16,256,leonard_term,0.1221,0.31131,0.98732,0.03584,0.04366,0.05165,180,0.05099,0.00173
8x8_4T,8x8,4,1764,7056,42,42,16,16,256,lfric_xios.finalise_context,1.17184,1.17535,1.17629,1e-05,7e-05,9e-05,1,8e-05,1.17535
8x8_4T,8x8,4,1764,7056,42,42,16,16,256,lfric_xios.init_context,0.21911,0.27616,0.67709,0.20674,0.26479,0.66554,1,0.30925,0.27616
8x8_4T,8x8,4,1764,7056,42,42,16,16,256,lfric_xios.read_fldg,29.0774,29.11566,29.141,29.0678,29.10204,29.1202,62,33.98773,0.46961
8x8_4T,8x8,4,1764,7056,42,42,16,16,256,lfric_xios.write_fldg,0.47485,1.43081,3.57843,0.47485,1.43081,3.57843,211,1.67102,0.00678
8x8_4T,8x8,4,1764,7056,42,42,16,16,256,locate_tropopause,0.0043,0.00487,0.00613,0.00377,0.00433,0.00553,180,0.00505,3e-05
8x8_4T,8x8,4,1764,7056,42,42,16,16,256,mappings.map_physics_fields,1.46862,3.60048,4.02364,1.2575,3.28917,3.92585,181,3.84136,0.01989
8x8_4T,8x8,4,1764,7056,42,42,16,16,256,mappings.set_wind,0.24116,0.32395,0.80839,0.01807,0.03308,0.04702,180,0.03863,0.0018
8x8_4T,8x8,4,1764,7056,42,42,16,16,256,mass_matrix_solver_alg,0.66351,1.66157,2.9934,0.3776,0.43833,0.47466,1082,0.51192,0.00154
8x8_4T,8x8,4,1764,7056,42,42,16,16,256,microphysics.casim,2.18525,2.88277,3.62833,2.17509,2.87272,3.61846,180,3.35499,0.01602
8x8_4T,8x8,4,1764,7056,42,42,16,16,256,microphysics.casim_activate,0.00375,0.00506,0.00714,0.00259,0.00388,0.00598,181,0.00453,3e-05
8x8_4T,8x8,4,1764,7056,42,42,16,16,256,mixed_solver.schur_precon,1.71456,1.74892,1.7821,0.00118,0.0014,0.00178,720,0.00163,0.00243
8x8_4T,8x8,4,1764,7056,42,42,16,16,256,pressure_solver.helmholtz_lhs,1.09406,1.12968,1.16561,0.59929,0.63438,0.6975,19440,0.74088,6e-05
8x8_4T,8x8,4,1764,7056,42,42,16,16,256,radiation.illuminate,0.01662,0.01888,0.02233,0.01662,0.01888,0.02233,180,0.02205,0.0001
8x8_4T,8x8,4,1764,7056,42,42,16,16,256,radiation.lw,0.23126,0.37462,0.46983,0.23126,0.37462,0.46983,180,0.43751,0.00208
8x8_4T,8x8,4,1764,7056,42,42,16,16,256,radiation.sw,0.00574,0.00988,0.01403,0.00574,0.00988,0.01403,180,0.01154,5e-05
8x8_4T,8x8,4,1764,7056,42,42,16,16,256,runtime_constants.dycore,0.14926,0.21332,0.23334,0.14926,0.21332,0.23334,13,0.24913,0.01641
8x8_4T,8x8,4,1764,7056,42,42,16,16,256,runtime_constants.fem,0.16395,0.19469,0.2372,0.08393,0.11556,0.13776,31,0.13496,0.00628
8x8_4T,8x8,4,1764,7056,42,42,16,16,256,runtime_constants.geometric,0.13154,0.30357,0.36664,0.02911,0.04005,0.04594,26,0.04677,0.01168
8x8_4T,8x8,4,1764,7056,42,42,16,16,256,runtime_constants.limited_area,0.02448,0.03424,0.03914,0.00133,0.00389,0.00727,15,0.00454,0.00228
8x8_4T,8x8,4,1764,7056,42,42,16,16,256,runtime_constants.mapping,0.00925,0.01143,0.0169,0.00925,0.01143,0.0169,1,0.01335,0.01143
8x8_4T,8x8,4,1764,7056,42,42,16,16,256,runtime_constants.physics,0.19576,0.20049,0.20353,0.00032,0.00408,0.00668,1,0.00477,0.20049
8x8_4T,8x8,4,1764,7056,42,42,16,16,256,runtime_constants.solver,0.00037,0.00063,0.00165,0.00036,0.00062,0.00164,16,0.00072,4e-05
8x8_4T,8x8,4,1764,7056,42,42,16,16,256,runtime_constants.transport,0.00044,0.00104,0.00261,0.00043,0.00103,0.00261,4,0.0012,0.00026
8x8_4T,8x8,4,1764,7056,42,42,16,16,256,schur_precon.back_sub,0.15217,0.17281,0.19075,0.04718,0.05628,0.06389,720,0.06573,0.00024
8x8_4T,8x8,4,1764,7056,42,42,16,16,256,schur_precon.pressure_solver,1.45038,1.48709,1.52293,0.32966,0.34997,0.35715,720,0.40872,0.00207
8x8_4T,8x8,4,1764,7056,42,42,16,16,256,schur_precon.rhs,0.07573,0.08656,0.09327,0.07458,0.08527,0.09183,720,0.09958,0.00012
8x8_4T,8x8,4,1764,7056,42,42,16,16,256,semi_implicit_timestep,43.694,44.11417,44.2671,0.66896,0.70321,0.73004,180,0.82126,0.24508
8x8_4T,8x8,4,1764,7056,42,42,16,16,256,slow_physics,7.95796,8.00202,8.09842,0.38221,0.53125,1.21006,180,0.62044,0.04446
8x8_4T,8x8,4,1764,7056,42,42,16,16,256,smagorinsky,0.81794,1.48893,2.80716,0.17349,0.20436,0.23344,360,0.23866,0.00414
8x8_4T,8x8,4,1764,7056,42,42,16,16,256,solver.mixed_solver,1.76401,1.79583,1.82869,0.03775,0.041,0.04561,720,0.04789,0.00249
8x8_4T,8x8,4,1764,7056,42,42,16,16,256,stoch_phys.blpert,0.13892,0.6739,2.53289,0.02978,0.03465,0.03953,360,0.04046,0.00187
8x8_4T,8x8,4,1764,7056,42,42,16,16,256,transport.controller_init,0.61738,0.63983,0.67861,0.43121,0.45978,0.55345,360,0.53697,0.00178
8x8_4T,8x8,4,1764,7056,42,42,16,16,256,transport.ffsl_horizontal,2.68212,2.84376,2.91181,0.84071,0.86567,1.04377,2340,1.011,0.00122
8x8_4T,8x8,4,1764,7056,42,42,16,16,256,transport.ffsl_vertical,0.55479,0.70923,0.77834,0.46647,0.61783,0.68105,7200,0.72156,0.0001
8x8_4T,8x8,4,1764,7056,42,42,16,16,256,transport.flux_precomp,0.54787,0.63974,0.67534,0.13059,0.13548,0.14469,8460,0.15822,8e-05
8x8_4T,8x8,4,1764,7056,42,42,16,16,256,transport.flux_precomp_init,0.06335,0.06815,0.07286,0.05794,0.0623,0.06583,3240,0.07276,2e-05
8x8_4T,8x8,4,1764,7056,42,42,16,16,256,transport.hori_dep_pts,0.39787,0.49285,0.5265,0.08744,0.09355,0.1049,1080,0.10926,0.00046
8x8_4T,8x8,4,1764,7056,42,42,16,16,256,transport.sl_horizontal,2.55961,2.85529,2.95654,0.41867,0.44447,0.45988,2700,0.51908,0.00106
8x8_4T,8x8,4,1764,7056,42,42,16,16,256,transport.sl_vertical,0.80518,0.85566,0.98699,0.11994,0.1279,0.14931,2880,0.14937,0.0003
8x8_4T,8x8,4,1764,7056,42,42,16,16,256,transport.wind,3.60423,3.73402,4.05249,0.56748,0.6559,0.98872,360,0.76602,0.01037
8x8_4T,8x8,4,1764,7056,42,42,16,16,256,transport.wind_precomp,0.5476,0.59895,0.71057,0.23436,0.25437,0.26909,2160,0.29708,0.00028
8x8_4T,8x8,4,1764,7056,42,42,16,16,256,transport.wind_precomp_final,6.62325,6.81422,9.21241,6.62325,6.81422,9.21241,2160,7.9582,0.00315
8x8_4T,8x8,4,1764,7056,42,42,16,16,256,transport.wind_precomp_init,0.07078,0.08305,0.1044,0.06616,0.07746,0.09866,360,0.09047,0.00023
8x8_4T,8x8,4,1764,7056,42,42,16,16,256,update_lbcs,0.16833,0.19183,0.20351,0.15336,0.17578,0.18752,180,0.2053,0.00107
8x8_4T,8x8,4,1764,7056,42,42,16,16,256,xios.close_context_definition,5.93738,5.93889,5.97299,5.93738,5.93889,5.97299,1,6.93592,5.93889
8x8_4T,8x8,4,1764,7056,42,42,16,16,256,xios.context_finalize,1.17177,1.17528,1.17625,1.17177,1.17528,1.17625,1,1.37258,1.17528
8x8_4T,8x8,4,1764,7056,42,42,16,16,256,xios.update_calendar,0.84898,0.8707,0.9403,0.84898,0.8707,0.9403,182,1.01688,0.00478
